sample_id,category,quote,candidate_path,evidence_reference,reason
sample_936751dc679e17ea,unsupported_behavior,"A call immediately followed by a return suggests thin wrapper or tail-call-like functions, a structural trait the model associates with the malware class.",/candidate_analysis/evidence_analysis/11/assessment,/evidence/occurrences,"Adjacency and function structure are inferred without occurrence or function-context evidence, and the n-gram may not be adjacent instructions."
sample_936751dc679e17ea,unsupported_behavior,"A push immediately before a return can indicate an indirect jump or control-flow trick, so it may point to obfuscation or non-standard control flow.",/candidate_analysis/evidence_analysis/5/assessment,/evidence/function_context,"Obfuscation and control-flow intent are inferred from a bare mnemonic pair, and adjacency is assumed. The claim is hedged, but there is no supporting context."
sample_936751dc679e17ea,unsupported_behavior,"Subtract-with-borrow followed by an increment is carry-chain arithmetic, typical of multi-precision computation.",/candidate_analysis/evidence_analysis/9/assessment,/evidence/occurrences,Adjacency and multi-precision computation are asserted for this sample without extraction context. The statement is only weakly hedged.
sample_936751dc679e17ea,other,Most of the high-frequency n-grams are generic stack and call-convention patterns,/candidate_analysis/explanation,/evidence/feature_value_semantics,"The artifact says feature values are not established as counts or frequencies, so 'high-frequency', 'rare' and 'common' labels rest on an unconfirmed semantic."
sample_936751dc679e17ea,other,all 20 top SHAP features push toward cryptojacking,/candidate_analysis/explanation,/evidence/shap_target_class_source,"Target class 1 is only a configured assumption to verify upstream, but the claim is stated without that caveat."
sample_936751dc679e17ea,unsupported_certainty,Treat as likely cryptojacking and prioritize for dynamic and static confirmation.,/candidate_analysis/recommended_action,/evidence/rf_probability_class_1,"RF probability 1.0 is not behavioral proof, and no API, string or function evidence is available. 'Likely cryptojacking' overstates what the artifact supports."
sample_936751dc679e17ea,unsupported_certainty,0.82,/candidate_analysis/confidence_score,/evidence/rf_probability_class_1,The 0.82 confidence has no stated derivation and is not tied to a calibrated measure. It differs from the RF probability of 1.0.
sample_77fedeab45737939,unsupported_behavior,"Call immediately followed by return, indicating thunks or tail wrappers. Weak indicator that may reflect code structure or obfuscation.",/candidate_analysis/evidence_analysis/5/assessment,/evidence/top_features/5; /evidence/occurrences; /evidence/function_context; /scope_notes/0,"Adjacency and control flow are not established, since graph-aware n-grams need not be adjacent and no occurrence or context is provided. 'Immediately followed' and 'indicating thunks' therefore overreach. The thunk/obfuscation reading is hedged but still not supported."
sample_77fedeab45737939,unsupported_behavior,"Common in benign code, but frequent here.",/candidate_analysis/evidence_analysis/6/assessment,/evidence/top_features/6/value; /evidence/feature_value_semantics,Feature value semantics are not established and the value is small (0.00145). 'Frequent here' is not supported without raw counts or context.
sample_bd2cf345c8d137d2,unsupported_behavior,"suggests dense call/return sequences and possibly obfuscated or unusual control flow, which fits packed or hand-tuned code",/candidate_analysis/explanation,/evidence/top_features; /evidence/occurrences (empty); /evidence/function_context (empty),Individual mnemonic pairs with no context or adjacency evidence do not show dense call/return sequences or packing.
sample_bd2cf345c8d137d2,unsupported_behavior,consistent with the dense call structure of the sample,/candidate_analysis/evidence_analysis/14/assessment,/evidence/top_features (CALL PUSH value 0.0009426847682334483); /evidence/function_context (empty),No call-graph or function-level evidence supports a 'dense call structure'.
sample_bd2cf345c8d137d2,unsupported_behavior,frequency of 0.002828 suggests repeated use,/candidate_analysis/evidence_analysis/3/assessment,/evidence/feature_value_semantics,"Feature values are explicitly not established as counts or frequencies, so 'repeated use' is unsupported."
sample_bd2cf345c8d137d2,unsupported_behavior,Consecutive increments suggest pointer or counter advancement in tight loops,/candidate_analysis/evidence_analysis/17/assessment,/evidence/top_features (INC INC); /evidence/function_context (empty),Mnemonics alone do not establish loops or what the increments advance.
sample_bd2cf345c8d137d2,unsupported_certainty,Treat as likely cryptojacking malware.,/candidate_analysis/recommended_action,/evidence/rf_probability_class_1; /scope_notes,"The RF probability and top-k SHAP values do not show behavior, and the explanation itself admits the evidence is mnemonic-only. The 0.9 confidence and high-confidence tier are unsupported certainty."
sample_bd2cf345c8d137d2,unsupported_behavior,"The very low frequency (0.000189) but high SHAP suggests a concentrated, distinctive occurrence.",/candidate_analysis/evidence_analysis/1/assessment,/evidence/feature_value_semantics; /evidence/occurrences (empty),"Without occurrence data or established value semantics, a 'concentrated, distinctive occurrence' cannot be inferred."
sample_bd2cf345c8d137d2,shap_misrepresentation,the high frequency (0.002451) makes it influential,/candidate_analysis/evidence_analysis/2/assessment,/evidence/top_features,"The influence comes from the SHAP value, not from the feature value. The value semantics are unestablished, and 0.00245 is not a high frequency compared with INC INC."
sample_bd2cf345c8d137d2,shap_misrepresentation,"Because many independent features agree and the model's probability is high, I assess this as high-confidence",/candidate_analysis/explanation,/evidence/top_features,"Agreement among top-k features does not make them independent. The RF probability is not calibrated confidence, and omitted features and the baseline are unknown."
sample_c0e6a1f370bceb25,unsupported_certainty,The highest-frequency ones (MOV PUSH 0.0764,/candidate_analysis/explanation,/evidence/feature_value_semantics,"The artifact states the feature values are not established as raw counts or frequencies, yet the candidate treats them as frequencies and draws conclusions about code density from them."
sample_c0e6a1f370bceb25,unsupported_behavior,so their absence is itself pushing the score toward malware,/candidate_analysis/explanation,/evidence/top_features/12 and /evidence/top_features/16,"This interprets a value of 0.0 as the absence of the n-gram, but the value semantics are unconfirmed."
sample_c0e6a1f370bceb25,unsupported_behavior,A call immediately followed by a return suggests thin wrapper or thunk functions.,/candidate_analysis/evidence_analysis/2/assessment,/evidence/occurrences and /evidence/function_context (both empty),Adjacency and the existence of wrapper or thunk functions are inferred without extraction or context evidence. Graph-aware n-grams need not be adjacent instructions.
sample_c0e6a1f370bceb25,unsupported_behavior,XOR zeroing followed by a push is a common idiom.,/candidate_analysis/evidence_analysis/15/assessment,/evidence/top_features/15,Nothing shows that the XOR is a self-XOR zeroing or that the instructions are adjacent. This is assumed from the mnemonics alone.
sample_c0e6a1f370bceb25,unsupported_certainty,Their large SHAP values likely reflect the model's learned association with specific compiler or packer styles rather than demonstrable mining behavior.,/candidate_analysis/explanation,/evidence/full_attributions (null),"The cause of the SHAP values is speculative. No evidence supports a compiler or packer style, and the SHAP values of the rare n-grams are comparable to those of the frequent ones. The claim is hedged with 'likely'."
sample_7a53985b211a69c0,unsupported_behavior,"The high-frequency ones (PUSH CALL at 0.0775, CALL PUSH at 0.0495, LEA PUSH at 0.0452, MOV PUSH at 0.0409, XOR PUSH at 0.0345) mostly show heavy argument-passing and call-heavy code.",/candidate_analysis/explanation,/evidence/feature_value_semantics,"The artifact says feature values are not established as raw counts or frequencies, so inferring heavy argument-passing or call-heavy code from them is unsupported."
sample_7a53985b211a69c0,unsupported_certainty,"That fits obfuscated, packed or loader-style code, but it does not point to mining.",/candidate_analysis/explanation,/evidence/top_features,"Generic call/push mnemonics do not establish obfuscation, packing or loader behavior; the sample has no context or occurrences to support this."
sample_7a53985b211a69c0,unsupported_behavior,It marks very short functions or thunks that call and return immediately.,/candidate_analysis/evidence_analysis/0/assessment,/evidence/occurrences,"Function boundaries and adjacency are not provided (occurrences and function_context are empty), and graph-aware n-grams need not be adjacent."
sample_7a53985b211a69c0,unsupported_behavior,"PUSH followed directly by RET is an atypical control-flow idiom, since it can emulate an indirect jump or call.",/candidate_analysis/evidence_analysis/1/assessment,/evidence/occurrences,Direct adjacency and any indirect-jump emulation in this sample are not supported by extraction or context evidence.
sample_7a53985b211a69c0,unsupported_behavior,"A function ending by setting a return value and returning, without a LEAVE or POP epilogue.",/candidate_analysis/evidence_analysis/4/assessment,/evidence/function_context,The epilogue structure and the absence of LEAVE or POP cannot be known without function context or confirmed adjacency.
sample_7a53985b211a69c0,unsupported_behavior,A standard function epilogue (return value then LEAVE). It is benign compiled-code structure and suggests frame-pointer-based functions.,/candidate_analysis/evidence_analysis/12/assessment,/evidence/function_context,"Asserts a specific epilogue and frame-pointer structure for this sample, and treats it as benign, from a mnemonic pair with no context."
sample_5dff9219c18f8d33,unsupported_behavior,freq 0.035428,/candidate_analysis/explanation,/evidence/feature_value_semantics,"The evidence says feature values must not be treated as raw counts and their semantics are unconfirmed. Labeling them ""freq"" (frequency) asserts a meaning not established."
sample_5dff9219c18f8d33,unsupported_certainty,no n-gram dense in the XOR/ROL/ADD patterns typical of a hash round is present,/candidate_analysis/explanation,/scope_notes/1,"Only a top-20 subset is available and omitted features are unknown, so absence of such n-grams across the sample cannot be established."
sample_5dff9219c18f8d33,unsupported_behavior,A call immediately followed by a return is uncommon (0.000529).,/candidate_analysis/evidence_analysis/11/assessment,/evidence/occurrences,"No occurrence or extraction context shows the instructions are adjacent. The n-grams may be graph-aware, so immediacy is inferred without evidence."
sample_5dff9219c18f8d33,unsupported_behavior,PUSH followed by RET is a known indirect control-flow transfer trick used in obfuscated or packed code.,/candidate_analysis/evidence_analysis/5/assessment,/evidence/occurrences,This assumes adjacent PUSH/RET sequences exist in the sample; no code context supports the sample-specific control-flow interpretation.
sample_5dff9219c18f8d33,unsupported_certainty,they most likely reflect the binary's overall compiler or packer style rather than a mining routine,/candidate_analysis/explanation,/evidence/function_context,"No compiler, packer or function-level evidence was supplied, so this is a speculative sample-specific attribution even though hedged."
sample_efb9364476da2360,other,"Twelve of the 20 n-grams (ADD POP, CMOVZ MOV, XOR XOR, TEST JS, XOR CALL, CALL ADD, PUSH SUB, TEST JZ, LEA CALL, AND MOV, SUB MOV and, by rounding, others) have a relative frequency of 0.000000",/candidate_analysis/explanation,/evidence/top_features (value fields),"Only 11 of the 20 listed n-grams have value 0.0, not twelve. The lowest nonzero value is 0.00196, which does not round to zero, so the 'by rounding, others' addition is unsupported."
sample_efb9364476da2360,unsupported_certainty,so they are effectively absent and push the score through the model's learned decision boundaries rather than through observable code,/candidate_analysis/explanation,/evidence/feature_value_semantics,The artifact states feature value semantics are not established and should not be treated as raw counts. 'Effectively absent' and 'relative frequency' are asserted with more certainty than supported.
sample_efb9364476da2360,unsupported_certainty,"Frequency is 0.000000, so it is effectively absent. Its contribution reflects the model's learned association, not observable code behavior.",/candidate_analysis/evidence_analysis/1/assessment,/evidence/feature_value_semantics,"Absence in the binary is inferred from a value whose meaning is unconfirmed. The same overreach recurs in other zero-valued entries, such as 'not observed in the binary'."
sample_efb9364476da2360,unsupported_behavior,suggesting loop counter or index handling followed by argument pushes,/candidate_analysis/evidence_analysis/11/assessment,/evidence/occurrences and /evidence/function_context (both empty),"Loop or index behavior and adjacency are inferred from mnemonics alone, with no extraction or context evidence."
sample_efb9364476da2360,unsupported_behavior,indicating heavy stack manipulation,/candidate_analysis/evidence_analysis/9/assessment,/evidence/top_features/9/value,A value of 0.0686 with unconfirmed semantics does not establish heavy stack manipulation in the sample.
sample_f2cb209ef3b84b6d,other,Every n-gram has a reported relative frequency of 0.000000,/candidate_analysis/explanation,/evidence/feature_value_semantics,The artifact states the feature value semantics are not established and should not be treated as raw counts. Interpreting the 0.0 values as relative frequencies is unsupported.
sample_f2cb209ef3b84b6d,other,All n-gram frequencies reported as 0.000000,/candidate_analysis/key_indicators/4,/evidence/feature_value_semantics,This repeats the unsupported interpretation of the feature values as frequencies.
sample_25cdd15a48d0e8ea,unsupported_behavior,"eor/mvn/orr/umull combine bitwise mixing with multiply-long arithmetic, which is consistent with hash or cipher inner loops of the kind used by proof-of-work miners.",/candidate_analysis/explanation,/evidence/top_features; /evidence/occurrences (empty); /evidence/function_context (empty),These n-grams need not be adjacent and there is no function or control-flow context. Mnemonics alone do not establish hash or cipher loops or a link to proof-of-work miners.
sample_25cdd15a48d0e8ea,unsupported_behavior,Typical function-epilogue or stack-restore pattern.,/candidate_analysis/evidence_analysis/1/assessment,/evidence/top_features/1; /evidence/function_context (empty),The role of ADD POP in this sample's code is asserted without any location or function context.
sample_25cdd15a48d0e8ea,unsupported_behavior,"XOR followed by a call, often zeroing a register before a call.",/candidate_analysis/evidence_analysis/5/assessment,/evidence/top_features/5; /evidence/function_context (empty),"Presents a sample-specific compiler idiom (register zeroing) with no evidence about the actual operands. It is somewhat hedged by ""often""."
sample_25cdd15a48d0e8ea,other,"They contribute through the model's learned thresholds, not through demonstrable prevalence in the code.",/candidate_analysis/explanation,/evidence/shap_baseline (null); /evidence/full_attributions (null); /evidence/feature_value_semantics,"Feature value semantics are unconfirmed and no model internals are supplied, so the mechanism is asserted without support."
sample_57fcdfb9a49474ab,other,All 18 positive-SHAP n-grams are generic x86 compiler idioms,/candidate_analysis/explanation,/evidence/top_features,"The top-20 list has 19 positive-SHAP n-grams (only MOV TEST is negative), not 18. The 'all ... compiler idioms' claim also rests on mnemonics alone and includes XOR XOR, ADD ADD and AND MOV, which are not shown to be compiler boilerplate."
sample_57fcdfb9a49474ab,shap_misrepresentation,"Of the top 20 n-grams, 13 have a relative frequency of 0.000000, so their positive SHAP values come from absence, not from observed code.",/candidate_analysis/explanation,/evidence/top_features; /evidence/feature_value_semantics,"Only 11 of the top 20 have value 0.0. The artifact also says feature value semantics are not established and the values should not be treated as raw counts, so 'relative frequency' and the 'from absence' mechanism are unsupported."
sample_57fcdfb9a49474ab,shap_misrepresentation,"13 of the top 20 n-grams have zero frequency, so their positive SHAP comes from absence",/candidate_analysis/key_indicators/2,/evidence/top_features,Repeats the incorrect count (11 zero-valued features) and the unestablished absence interpretation.
sample_57fcdfb9a49474ab,unsupported_certainty,It indicates ordinary compiled functions and nothing malicious.,/candidate_analysis/evidence_analysis/16/assessment,/evidence/top_features; /evidence/function_context,"A single low-frequency LEAVE RET n-gram with no function context cannot show that the code is ordinary or non-malicious, and the same candidate treats the sample as suspicious."
sample_57fcdfb9a49474ab,shap_misrepresentation,All 18 positive-SHAP n-grams,/candidate_analysis/explanation,/evidence/top_features,The supplied top-20 list contains 19 positive-SHAP features.
sample_57fcdfb9a49474ab,shap_misrepresentation,"Of the top 20 n-grams, 13 have a relative frequency of 0.000000",/candidate_analysis/explanation,/evidence/top_features,Only 11 of the top 20 have value 0.0.
sample_4973e7281fe1ee96,other,these n-grams occur at very low frequencies (0.000003 to 0.000036),/candidate_analysis/explanation,/evidence/top_features/16 (SHRD SHR value 4.526948760030791e-05); /evidence/feature_value_semantics,"SHRD SHR is one of the listed n-grams and has a value of about 0.0000453, above the stated upper bound of 0.000036. The artifact also says the values should not be treated as frequencies or counts without upstream confirmation."
sample_4973e7281fe1ee96,unsupported_behavior,so they are rare rather than dominant loop-heavy patterns,/candidate_analysis/explanation,/evidence/feature_value_semantics; /evidence/occurrences; /evidence/function_context,"Inferring that these patterns are not loop-heavy from unconfirmed feature values is unsupported, because no occurrence, control-flow or function context is available."
sample_4973e7281fe1ee96,unsupported_certainty,"Structural n-grams such as CALL PUSH, CALL RET, MOV LEAVE, LEA POP, POP XOR, POP LEA and MOVZX PUSH are ordinary function prologue, epilogue and call-convention sequences",/candidate_analysis/explanation,/evidence/function_context (empty); /evidence/occurrences (empty),"With no extracted context, the role of these n-grams in prologues, epilogues or call conventions is asserted rather than shown, and graph-aware n-grams need not be adjacent instructions. The semantics are plausible but stated with certainty."
sample_4ad199f90da45b5e,other,"This is the most frequent of the top features, but it is generic.",/candidate_analysis/evidence_analysis/7/assessment,/evidence/top_features: AND SUB value 0.000822; PSRLDQ PCMPEQB value 0.001156,AND SUB is not the highest-valued feature; PSRLDQ PCMPEQB (0.001156) is higher. The candidate also contradicts itself at evidence_analysis/15.
sample_4ad199f90da45b5e,unsupported_behavior,"Their frequencies are also very low (0.000026 to 0.001156), meaning they are rare in the binary.",/candidate_analysis/explanation,"/evidence/feature_value_semantics: ""Not established by this artifact; do not treat as raw counts without upstream confirmation""","The artifact does not establish what the feature values mean, so interpreting them as frequencies and concluding the n-grams are rare in the binary is unsupported."
sample_4ad199f90da45b5e,unsupported_certainty,Model probability of 0.66 is only moderately above the decision threshold,/candidate_analysis/key_indicators/0,/evidence has rf_prediction and rf_probability_class_1 only; no threshold is supplied,"No decision threshold is given in the evidence, so the claim about distance above it is assumed."
sample_4ad199f90da45b5e,unsupported_certainty,"In particular, it shows no dense rotate/XOR/AES-like instruction sequences.",/candidate_analysis/explanation,"/evidence/scope_notes: ""a positive top-k subset is not all features""; occurrences and function_context are empty","The top-20 n-gram subset cannot establish the absence of such sequences, and it includes XORPS-related n-grams. Omitted features and instruction context are unavailable."
sample_4ad199f90da45b5e,unsupported_behavior,This is the classic SIMD strlen/memchr idiom and is likely benign runtime code.,/candidate_analysis/evidence_analysis/9/assessment,/evidence/occurrences and /evidence/function_context are empty,Asserts likely benign runtime code from a mnemonic pair without function or context evidence. Mnemonics alone do not establish code purpose.
sample_4ad199f90da45b5e,unsupported_behavior,consistent with unrolled SIMD scanning loops,/candidate_analysis/evidence_analysis/11/assessment,/evidence/occurrences is empty; no extraction or control-flow context,Infers unrolled loops from a repeated-mnemonic n-gram without adjacency or control-flow evidence.
sample_4ad199f90da45b5e,unsupported_certainty,pointing to vectorized string or memory routines rather than a hashing kernel,/candidate_analysis/evidence_analysis/15/assessment,/evidence/top_features: PSRLDQ PCMPEQB value 0.001156; no function context,Value magnitude and mnemonics cannot distinguish a string routine from a hashing kernel. The conclusion is stated more strongly than the evidence allows.
sample_a552a1e5d59ec18c,unsupported_certainty,Top contributor and the most frequent n-gram (0.001179).,/candidate_analysis/evidence_analysis/0/assessment,/evidence/feature_value_semantics,"The artifact says feature values are not established as counts or frequencies. 'Most frequent' holds at best among the listed top-k, not for the sample overall."
sample_a552a1e5d59ec18c,other,Very rare (0.000009).,/candidate_analysis/evidence_analysis/1/assessment,/evidence/feature_value_semantics,"Interprets the feature value as a rarity or frequency, which the artifact explicitly does not establish."
sample_a552a1e5d59ec18c,other,but its very low frequency (0.000006) limits its weight.,/candidate_analysis/evidence_analysis/9/assessment,/evidence/top_features/9,"Assumes the value is a frequency and that it limits the feature's influence. The SHAP value (+0.007021) already is the contribution, and no evidence supports a separate frequency-based weight reduction."
sample_a552a1e5d59ec18c,unsupported_behavior,Consecutive SIMD XORs or register clears.,/candidate_analysis/evidence_analysis/6/assessment,/scope_notes/0,"Asserts adjacency of the two instructions. Graph-aware n-grams need not be adjacent, and no extraction or context evidence is provided."
sample_a552a1e5d59ec18c,unsupported_behavior,Back-to-back x87 stores.,/candidate_analysis/evidence_analysis/16/assessment,/evidence/occurrences,"Asserts that the stores are adjacent, but no occurrences or code context are supplied to show this."
sample_a552a1e5d59ec18c,unsupported_behavior,"Integer add followed by an x87 load, indicating address or index arithmetic before an FPU load.",/candidate_analysis/evidence_analysis/17/assessment,/evidence/occurrences,Infers adjacency and a specific purpose (address or index arithmetic) without any code context.
sample_a552a1e5d59ec18c,unsupported_certainty,Very low n-gram frequencies and evenly distributed SHAP values with no dominant discriminating feature,/candidate_analysis/key_indicators/5,/evidence/feature_value_semantics,"'Frequencies' is unsupported. 'No dominant feature' is supported only within the top-20 subset, since omitted features and the baseline are unknown."
sample_fd4e0de0797f2d0a,unsupported_behavior,"Their relatively high frequencies (MOVDQA PAND 0.023013, PXOR MOVDQA 0.001969, MOVDQA MOVAPS 0.001600) point to a sizable body of such code rather than incidental occurrences.",/candidate_analysis/explanation,"/evidence/feature_value_semantics; /evidence/top_features/14,15,3/value","Feature value semantics are not established as counts or frequencies. Values of 0.0016 and 0.0020 are not clearly high, so the inference of a sizable body of code is unsupported."
sample_fd4e0de0797f2d0a,unsupported_behavior,this is a notable share of the code.,/candidate_analysis/evidence_analysis/14/assessment,/evidence/feature_value_semantics,Code share cannot be inferred from an artifact that does not define what the feature value means.
sample_fd4e0de0797f2d0a,unsupported_behavior,"Extensive SIMD XOR/AND/move patterns (PXOR PXOR, PXOR MOVDQA, MOVDQA PAND, MOVDQA MOVAPS, LEA MOVDQA) typical of vectorized crypto kernels",/candidate_analysis/key_indicators/2,/evidence/top_features; /evidence/occurrences (empty),Extent is asserted from small feature values and no occurrence or function context. Mnemonics alone do not establish crypto kernels.
sample_fd4e0de0797f2d0a,unsupported_certainty,"suggests a rare code-layout signature the model associates with this malware family, not a specific mining behavior.",/candidate_analysis/evidence_analysis/0/assessment,/evidence/top_features/0; no family information supplied,The evidence contains no malware family information or code-layout analysis. Rarity and family association are asserted without support.
sample_fd4e0de0797f2d0a,unsupported_behavior,"Consecutive SIMD XORs, used for zeroing registers or combining state in vectorized crypto and hash routines, consistent with mining kernels.",/candidate_analysis/evidence_analysis/11/assessment,/evidence/occurrences (empty); graph-aware n-gram adjacency not established,Adjacency and the use as state combining in crypto/hash routines are inferred without extraction or context evidence.
sample_fd4e0de0797f2d0a,unsupported_behavior,"Generic, but consistent with tight iterative loops such as hash rounds.",/candidate_analysis/evidence_analysis/19/assessment,/evidence/top_features/19; /evidence/function_context (empty),Loop structure and hash rounds are inferred from a DEC JZ mnemonic pair without control-flow context.
sample_fd4e0de0797f2d0a,unsupported_behavior,"Address computation feeding an aligned SIMD move, typical of loops streaming vector data through a compute kernel.",/candidate_analysis/evidence_analysis/18/assessment,/evidence/top_features/18; /evidence/function_context (empty),"Data flow, loops and a compute kernel are asserted without any context evidence."
sample_fd4e0de0797f2d0a,unsupported_certainty,The consistent direction of all 20 features and the 1.0 probability still justify a high-confidence tier.,/candidate_analysis/explanation,/evidence/rf_probability_class_1; /evidence/full_attributions (null),RF probability is not behavioral proof or calibrated confidence. A positive top-20 subset cannot exclude omitted benign-supporting features.
sample_318eae5d5365d5b4,unsupported_behavior,Its frequency of 0.002900 and high SHAP weight show the model treats it as part of the overall code profile.,/candidate_analysis/evidence_analysis/3/assessment,/evidence/feature_value_semantics,The artifact says feature values are not established as raw counts or frequencies; labeling them 'frequency' is unsupported.
sample_318eae5d5365d5b4,unsupported_behavior,Register swapping is uncommon in ordinary compiled code and can accompany state rotation in hash routines or hand-written assembly.,/candidate_analysis/evidence_analysis/15/assessment,/evidence/top_features/15,"A general claim about compiled code and a sample-specific hash-state implication, neither supported by the supplied context; the mnemonic pair alone does not establish them."
sample_318eae5d5365d5b4,unsupported_certainty,Together with ADC SUB and SUB SBB it indicates repeated multi-word arithmetic.,/candidate_analysis/evidence_analysis/13/assessment,/evidence/occurrences,"Asserts repetition and a combined pattern without occurrence, adjacency or function context; the n-grams need not be adjacent or in the same routine."
sample_318eae5d5365d5b4,unsupported_certainty,its rarity combined with its SHAP weight makes it a distinguishing feature of this binary.,/candidate_analysis/evidence_analysis/5/assessment,/evidence/shap_baseline,"Distinctiveness cannot be established without omitted-feature attributions, a baseline or population comparison."
sample_318eae5d5365d5b4,unsupported_behavior,Generic loop-counter and stack-setup pattern.,/candidate_analysis/evidence_analysis/0/assessment,/evidence/function_context,"Loop use is inferred from the mnemonic pair alone, with no control-flow evidence."
sample_31ff320b89966e7b,unsupported_behavior,"Call immediately followed by return, as in thunk/wrapper functions or tail-call-like stubs.",/candidate_analysis/evidence_analysis/0/assessment,occurrences: []; function_context: []; ngram_size: 2,Asserts a literal immediate adjacency and function type. Graph-aware n-grams need not be adjacent and no extraction context was provided.
sample_31ff320b89966e7b,unsupported_behavior,Counter/index increment followed by a push. Generic loop or argument pattern.,/candidate_analysis/evidence_analysis/15/assessment,occurrences: []; function_context: [],Infers counter or index semantics and a possible loop pattern from the INC PUSH mnemonics without context.
sample_31ff320b89966e7b,unsupported_certainty,Most frequent n-gram (0.0756).,/candidate_analysis/evidence_analysis/16/assessment,top_features is a top-20 subset; full_attributions: null,"PUSH CALL is only the highest value among the supplied top-k features, and the value's semantics are explicitly unestablished. A global claim of 'most frequent' is unsupported."
sample_d01e7753ad483e1e,unsupported_certainty,"A second cluster of ARM load/store, flag and branch patterns appears with measurable frequency",/candidate_analysis/explanation,/evidence/feature_value_semantics; /evidence/top_features,"The feature values are explicitly not established as raw counts or frequencies, and most are near zero (e.g. 0.000091). Calling them measurable frequencies is an interpretive overreach."
sample_d01e7753ad483e1e,unsupported_behavior,These suggest tight loops over memory buffers with conditional flow.,/candidate_analysis/explanation,/evidence/occurrences; /evidence/function_context,"No occurrences, adjacency, or function or control-flow context are supplied, so loop structure cannot be inferred from the n-gram names."
sample_d01e7753ad483e1e,unsupported_behavior,"Frequent ARM byte and halfword load/store with arithmetic (sub strb, cmn mov, sub ldrh, and ldrh), indicating tight buffer-processing loops",/candidate_analysis/key_indicators/3,/evidence/top_features; /evidence/occurrences,"The values are not established as frequencies (most ≤0.0004), and loops cannot be inferred from mnemonics alone."
sample_d01e7753ad483e1e,unsupported_behavior,"An x86-style add followed by a stack restore, likely a function epilogue.",/candidate_analysis/evidence_analysis/1/assessment,/evidence/function_context,"No function context is available to support an epilogue inference. Also, the ""ADD POP"" mnemonics could belong to ARM; labelling it x86 is an assumption."
sample_d01e7753ad483e1e,unsupported_behavior,"A compare followed by a jump-if-less, the classic bounded-loop pattern.",/candidate_analysis/evidence_analysis/11/assessment,/evidence/function_context,A loop is inferred without control-flow evidence; the claim is hedged but still sample-specific.
sample_d01e7753ad483e1e,unsupported_behavior,"Its relatively high frequency (0.002175) indicates repeated flag-setting and conditional logic, such as overflow or carry checks in arithmetic-heavy code.",/candidate_analysis/evidence_analysis/7/assessment,/evidence/feature_value_semantics,"Assigns specific behavior to a value whose semantics are unestablished, with no context to indicate overflow/carry checks."
sample_d01e7753ad483e1e,shap_misrepresentation,No feature argues against that label.,/candidate_analysis/explanation,/evidence/top_features,"Only the top-20 positive features are supplied, so omitted features may have negative SHAP values; the statement cannot be established."
sample_d01e7753ad483e1e,shap_misrepresentation,Their large SHAP values show that the model is weighing them heavily.,/candidate_analysis/explanation,/evidence/top_features,"The SHAP values for these features (about 0.0045–0.0101) are in the same modest range as the rest, which the explanation itself calls ""modest""; ""large"" and ""heavily"" overstate their magnitude."
sample_d01e7753ad483e1e,shap_misrepresentation,"all 20 top SHAP features push toward cryptojacking (+0.0044 to +0.0102 each, roughly +0.12 in total)",/candidate_analysis/explanation,/evidence/top_features,"The +0.12 total is a top-k sum with no baseline or omitted features, so it is not a verdict-level quantity; the direction assumes target class 1, which is only a configured assumption."
sample_394bbb3ce8692137,unsupported_behavior,"Rotates combined with carry-chain arithmetic are typical of hash and cipher inner loops and multi-precision math, which cryptojacking miners rely on.",/candidate_analysis/explanation,/evidence/top_features; /evidence/occurrences (empty); /evidence/function_context (empty),"Mnemonic pairs do not establish hash/cipher loops or mining; no adjacency, loop or function context is supplied. These instruction pairs are asserted as characteristic of mining."
sample_394bbb3ce8692137,unsupported_behavior,PUSH CALL is the most frequent n-gram at 0.021411,/candidate_analysis/explanation,/evidence/feature_value_semantics,"Feature values are explicitly not established as counts or frequencies; 'most frequent' is only true among the listed top-k features, if at all."
sample_394bbb3ce8692137,unsupported_behavior,"Addition followed by a right rotate is a classic mixing step in hash and cipher rounds, consistent with proof-of-work computation.",/candidate_analysis/evidence_analysis/0/assessment,/scope_notes/0; /evidence/occurrences,"Graph-aware n-grams need not be adjacent instructions, and no extraction context is given; links to proof-of-work are inferred from mnemonics only."
sample_394bbb3ce8692137,unsupported_behavior,"Counter decrement followed by a push, suggesting loop-driven code with stack usage.",/candidate_analysis/evidence_analysis/6/assessment,/evidence/function_context (empty),Loops cannot be inferred from a DEC PUSH n-gram without control-flow evidence.
sample_394bbb3ce8692137,unsupported_behavior,"Byte swapping indicates endianness conversion, typical of hash algorithms that process big-endian words.",/candidate_analysis/evidence_analysis/14/assessment,/evidence/top_features/14,A BSWAP mnemonic does not by itself indicate that a hash algorithm is present.
sample_394bbb3ce8692137,unsupported_certainty,"all 20 top n-grams push toward cryptojacking, with SHAP contributions from +0.005164 to +0.009755 and no opposing features",/candidate_analysis/explanation,/evidence/full_attributions (null); /evidence/shap_target_class_source; /scope_notes/1,"'No opposing features' is only established for the top-k subset, and the target class is a configured assumption; omitted features cannot be ruled out."
sample_394bbb3ce8692137,unsupported_certainty,supports a high-confidence tier,/candidate_analysis/explanation,/evidence/rf_probability_class_1; /evidence/occurrences (empty); /evidence/function_context (empty),"RF probability is not behavioral proof, yet the explanation concludes a high-confidence cryptojacking tier on instruction statistics it admits are the only evidence."
sample_394bbb3ce8692137,shap_misrepresentation,no opposing features,/candidate_analysis/explanation,/evidence/top_features,"Only the top-k is available, and full_attributions are null; omitted features could oppose."
sample_394bbb3ce8692137,shap_misrepresentation,its high SHAP value suggests it is distributive of the malware profile,/candidate_analysis/evidence_analysis/2/assessment,/evidence/top_features,"ADD PUSH has a SHAP of +0.008211, only third-highest, and the wording is garbled; the SHAP value shows model contribution, not a distinctive malware property."
sample_e4b756000724ce87,unsupported_behavior,These are typical of 32-bit cdecl compiled code and are common in benign binaries,/candidate_analysis/explanation,"/evidence (no architecture, calling convention or binary metadata supplied)","The evidence gives no basis for 32-bit, cdecl or the benign prevalence of these n-grams in this sample."
sample_e4b756000724ce87,unsupported_behavior,typical of 64-bit integer handling on a 32-bit target,/candidate_analysis/evidence_analysis/1/assessment,/evidence/top_features/1; /evidence/function_context,The target architecture and the actual use of CDQ MOV are not established by the artifact; a 32-bit target is asserted rather than hedged.
sample_e4b756000724ce87,unsupported_certainty,"These n-grams have very low frequencies (0.000013 to 0.000353), so they are weak indicators.",/candidate_analysis/explanation,/evidence/feature_value_semantics,"The artifact says value semantics are not established and the values should not be treated as raw counts. 'Frequency' is presented as fact and used to downweight the n-grams. Several of these n-grams (CDQ MOV, SUB SBB) have among the largest SHAP values in the top 20."
sample_e4b756000724ce87,unsupported_certainty,"Most frequent n-gram (0.0559), basic argument setup.",/candidate_analysis/evidence_analysis/19/assessment,/evidence/scope_notes; /evidence/full_attributions,"Only the top-20 SHAP subset is available, so 'most frequent' overall cannot be verified. The 'basic argument setup' reading is also asserted without context."
sample_ac27066daf885ea3,unsupported_behavior,Add-then-rotate-right is characteristic of ARX-style (add-rotate-xor) primitives used in hashing.,/candidate_analysis/evidence_analysis/2/assessment,/evidence/top_features/2; /evidence/occurrences is empty,"Assumes a strict add-then-rotate order and adjacency. The graph-aware n-gram has no extraction or context evidence for ordering, and no XOR accompanies it in the top features."
sample_ac27066daf885ea3,unsupported_behavior,Rotate then add is a classic ARX pattern.,/candidate_analysis/evidence_analysis/12/assessment,/evidence/top_features/12; /evidence/occurrences is empty,"Infers an ordered ARX construct from a mnemonic n-gram alone, without context or adjacency evidence."
sample_ac27066daf885ea3,other,every n-gram has a very low relative frequency (at most about 0.002),/candidate_analysis/explanation,/evidence/feature_value_semantics,"The artifact states the feature-value semantics are not established and the values should not be treated as raw counts. Calling them relative frequencies assumes unconfirmed semantics, though the numbers themselves are correct."
sample_ac27066daf885ea3,unsupported_certainty,"Rotate-heavy n-gram cluster (MOV ROL, ADD ROR, MOVZX ROL, ROL MOV, ROL ADD, ROL AND) consistent with ARX-style hash/crypto mixing",/candidate_analysis/key_indicators/0,/evidence/top_features (values 0.000164 to 0.002134),"'Rotate-heavy' is not supported when the listed n-grams have very low values, and the semantics are unconfirmed. The ARX-style framing is a hypothesis stated with more specificity than the evidence allows."
sample_e59b333a9ac6852f,unsupported_certainty,"The highest-frequency ones (PUSH CALL at 0.030419, MOV PUSH at 0.020764, CALL PUSH at 0.013916)",/candidate_analysis/explanation,/evidence/feature_value_semantics,The artifact says feature values must not be treated as raw counts or frequencies without upstream confirmation. The candidate calls them frequencies throughout.
sample_e59b333a9ac6852f,unsupported_behavior,A call immediately followed by a return suggests thin wrapper or tail-style functions.,/candidate_analysis/evidence_analysis/6/assessment,/evidence/occurrences,"No extraction or context evidence supports adjacency or control flow, and graph-aware n-grams need not be adjacent. A wrapper or tail-call structure is inferred without context."
sample_e59b333a9ac6852f,unsupported_certainty,Its contribution reflects structural similarity rather than a mining behavior.,/candidate_analysis/evidence_analysis/4/assessment,/evidence/full_attributions,"Why the model weights this n-gram is stated as fact, but no function context, omitted features or baseline are available to establish it."
sample_cd3a450033238ee9,other,"Rarest, top-ranked feature (freq 0.000371).",/candidate_analysis/evidence_analysis/0/assessment,/evidence/top_features (DIV MUL value 7.27e-06; POP TEST 5.09e-05; ADD FLD 4.36e-05) and /evidence/feature_value_semantics,"Several listed features have lower values than POP XOR, so it is not the rarest. The artifact also says the values must not be treated as raw counts or frequencies."
sample_cd3a450033238ee9,shap_misrepresentation,"The high-frequency stack and call-setup patterns (PUSH CALL 0.030419, MOV PUSH 0.020764, CALL PUSH 0.013916, XOR PUSH 0.007852, ADD PUSH 0.007169, POP PUSH 0.005024) also carry sizeable SHAP weight.",/candidate_analysis/explanation,"/evidence/top_features (SHAP for PUSH CALL 0.007814, MOV PUSH 0.008123, CALL PUSH 0.010337, POP PUSH 0.007022)","The numbers quoted are feature values, not SHAP contributions, and the actual SHAP values differ. The sentence reads as a SHAP-magnitude claim."
sample_cd3a450033238ee9,shap_misrepresentation,0.005024,/candidate_analysis/evidence_analysis/18/shap_contribution,/evidence/top_features/18/shap_value = 0.007022125324876851,The POP PUSH SHAP contribution is wrongly reported as its feature value. It would also fall below the stated minimum SHAP of 0.006963.
sample_cd3a450033238ee9,unsupported_behavior,Call immediately followed by return suggests thin wrapper or tail-style functions.,/candidate_analysis/evidence_analysis/6/assessment,"/evidence/occurrences = [], /evidence/function_context = []","This asserts adjacency and function structure, but the evidence has no occurrence or context data, and graph-aware n-grams need not be adjacent."
sample_cd3a450033238ee9,unsupported_behavior,hint at integer/FP math and tight counted loops,/candidate_analysis/explanation,"/evidence/occurrences = [], /evidence/function_context = []","Loop structure is inferred from n-gram names alone, with no control-flow or extraction evidence, though the text is hedged with 'hint'."
sample_cd3a450033238ee9,other,Most frequent n-gram (0.030419).,/candidate_analysis/evidence_analysis/13/assessment,/evidence/top_features; /evidence/full_attributions = null; /evidence/feature_value_semantics,"Only the top 20 features are supplied and the value semantics are unconfirmed, so this cannot be established for all n-grams. At most it is the largest value among the listed features."
sample_cd3a450033238ee9,shap_misrepresentation,"Call-heavy stack-staging patterns (PUSH CALL 0.030419, MOV PUSH 0.020764, CALL PUSH 0.013916) indicating dense call-and-spill code",/candidate_analysis/key_indicators/2,/evidence/top_features,The listed numbers are feature values and are not labeled as such in a SHAP-focused indicator.
sample_d5b94b9267f570b1,unsupported_behavior,Repeated SIMD register zeroing at relatively high frequency (0.002631).,/candidate_analysis/evidence_analysis/1/assessment,/evidence/top_features/1 and /evidence/feature_value_semantics,"Operands are not supplied, so zeroing is not established. Feature values are explicitly not established as frequencies or counts."
sample_d5b94b9267f570b1,unsupported_behavior,SIMD zeroing followed by an aligned store or move.,/candidate_analysis/evidence_analysis/2/assessment,/evidence/top_features/2 and /evidence/function_context,"The evidence has no operands, occurrences or extraction context to support zeroing or an adjacent ordering."
sample_d5b94b9267f570b1,unsupported_behavior,The combination of rotate/arithmetic mixing and heavy SIMD register clearing is suggestive of hash-like computation,/candidate_analysis/explanation,/evidence/top_features/1 and /evidence/occurrences,'Heavy' register clearing is inferred from mnemonic n-gram names with undefined value semantics and no occurrences or context.
sample_d5b94b9267f570b1,unsupported_certainty,Branchless conditional selection after subtraction. It is a compiler-generated pattern with weak relevance.,/candidate_analysis/evidence_analysis/11/assessment,/evidence/top_features/11,"Certainty about branchless selection, ordering and compiler origin is not supported by n-gram names alone."
sample_d5b94b9267f570b1,shap_misrepresentation,"The strongest signals are the SIMD/vector patterns PXOR PXOR (0.002631 frequency, SHAP +0.012465), PXOR MOVAPS (+0.012389), MOVDQA MOVAPS (0.003790 frequency, +0.008580), PXOR MOVUPS (+0.007949), and MOVDQA PAND (+0.006065).",/candidate_analysis/explanation,/evidence/top_features,"The list omits larger SHAP features (POP SUB +0.012611, ADD ROR +0.011592) and includes MOVDQA PAND, the 19th-ranked of 20 features, as 'strongest'."
sample_7bcb75bdd72394c1,unsupported_behavior,A call followed immediately by a return suggests thin wrapper or tail-style functions.,/candidate_analysis/evidence_analysis/0/assessment,/evidence/top_features/0; /evidence/occurrences; /evidence/function_context,"The evidence gives no adjacency, extraction or function context. Graph-aware n-grams need not be adjacent, so a wrapper or tail-call structure cannot be inferred."
sample_7bcb75bdd72394c1,unsupported_certainty,"It indicates stack-heavy code, probably a 32-bit style or unoptimized build.",/candidate_analysis/evidence_analysis/7/assessment,/evidence/top_features/7; /evidence/feature_value_semantics,"No architecture, compiler or build-configuration evidence is supplied. The value is not established as a raw count, so a build-style inference is unsupported."
sample_7bcb75bdd72394c1,unsupported_certainty,"The most frequent feature (0.0746). It reflects call-dominated, stack-argument code.",/candidate_analysis/evidence_analysis/16/assessment,/evidence/top_features/16; /evidence/feature_value_semantics,"The artifact states that feature value semantics are not established and must not be treated as raw counts. Calling values frequencies and inferring call-dominated code overreaches. The same issue appears in ""High frequency (0.047)"" at /candidate_analysis/evidence_analysis/3/assessment."
sample_7bcb75bdd72394c1,unsupported_behavior,"Zeroing a register followed by sign extension, usually a prelude to division.",/candidate_analysis/evidence_analysis/19/assessment,/evidence/top_features/19; /evidence/occurrences,"It assumes adjacent instructions and that XOR zeroes a register. No operands, occurrences or context are provided to support this."
sample_1929713fbdc101d6,shap_misrepresentation,Its SHAP contribution comes from volume and is not an indicator of mining.,/candidate_analysis/evidence_analysis/8/assessment,/evidence/feature_value_semantics and /evidence/top_features/8,"The artifact does not establish what the values mean or why SHAP is large, so attributing the SHAP contribution to volume is unsupported."
sample_1929713fbdc101d6,unsupported_certainty,The high-frequency ones mainly reflect overall code style or compiler and packer characteristics.,/candidate_analysis/explanation,/evidence/top_features,"No evidence shows compiler, packer or code-style provenance. The claim is stated with moderate certainty rather than as a hypothesis."
sample_1929713fbdc101d6,unsupported_behavior,"A call directly followed by a return, suggesting thin wrapper or thunk functions.",/candidate_analysis/evidence_analysis/2/assessment,/evidence/occurrences,There is no occurrence or control-flow context. Adjacency of the instructions and the existence of thunk functions cannot be inferred from the bigram name alone.
sample_1929713fbdc101d6,other,"MOV PUSH (0.011256, frequency 0.058592)",/candidate_analysis/explanation,/evidence/feature_value_semantics,"The artifact says not to treat feature values as raw counts without upstream confirmation. Labeling them frequencies, and ranking by them as ""most frequent"", assumes semantics that are not established."
sample_e7a136fa33c3ec08,unsupported_behavior,"ADD ROR has the highest frequency (0.000617), so it recurs throughout the code.",/candidate_analysis/explanation,evidence/feature_value_semantics: 'Not established by this artifact; do not treat as raw counts'; no occurrences or function_context,"Treats the feature value as a frequency and infers code-wide recurrence, which the artifact does not support."
sample_e7a136fa33c3ec08,unsupported_behavior,"Rotate-then-add is the core ARX round pattern in hash functions, and its moderate frequency (0.000230) indicates repeated use.",/candidate_analysis/evidence_analysis/4/assessment,evidence/top_features[4] value 0.00022977; feature_value_semantics not established,Infers repeated use and a hash-round pattern from an unconfirmed feature value and a two-instruction n-gram.
sample_e7a136fa33c3ec08,unsupported_behavior,SIMD XOR with an unaligned vector store or load matches the vectorized data-mixing seen in mining or hashing loops.,/candidate_analysis/evidence_analysis/6/assessment,evidence/occurrences and function_context are empty,"Asserts mining or hashing loops without loop, adjacency or context evidence."
sample_e7a136fa33c3ec08,unsupported_behavior,"A compare adjacent to a rotate suggests rotation inside loop-controlled rounds, consistent with iterative hashing.",/candidate_analysis/evidence_analysis/17/assessment,scope_notes/rules: do not infer adjacency or control flow without extraction/context evidence,Infers loops and iterative hashing from a CMP/ROL n-gram with no control-flow context.
sample_e7a136fa33c3ec08,unsupported_certainty,supports a high-confidence cryptojacking assessment,/candidate_analysis/explanation,"evidence/rf_probability_class_1 = 1.0; no strings, APIs or function context","RF probability is not behavioral proof, and the explanation itself concedes it cannot prove mining. This is unsupported certainty."
sample_e7a136fa33c3ec08,unsupported_certainty,Treat as likely cryptojacking malware.,/candidate_analysis/recommended_action,evidence contains only static n-gram SHAP features; no behavioral evidence,Asserts likely cryptojacking as an operational verdict from mnemonic n-grams alone.
sample_e7a136fa33c3ec08,unsupported_crypto,Rotation-heavy integer sequences are characteristic of ARX-style hash and cipher rounds.,/candidate_analysis/explanation,evidence/top_features (mnemonic pairs only),Mnemonics alone do not establish ARX algorithms or hash rounds; the claim is stated as characteristic of this sample.
sample_e7a136fa33c3ec08,shap_misrepresentation,No n-gram pushes toward benign.,/candidate_analysis/explanation,/evidence/top_features,Only the top-20 positive features are supplied. This cannot establish that no omitted n-gram supports benign.
sample_e7a136fa33c3ec08,shap_misrepresentation,"the model's unanimous, strongly weighted signal from compute-intensive crypto primitives",/candidate_analysis/explanation,/evidence/top_features,"The SHAP contributions are small, the subset is partial, and the n-grams are not shown to be crypto primitives."
sample_e7a136fa33c3ec08,shap_misrepresentation,ADD ROR has the highest frequency (0.000617),/candidate_analysis/explanation,/evidence/top_features,The artifact says feature values must not be treated as raw counts without upstream confirmation.
sample_4c76fa62619ff3c6,unsupported_behavior,Adjacent opposing rotations are unusual in ordinary code and fit bit-mixing in hash or cipher routines. A stronger crypto-like signal.,/candidate_analysis/evidence_analysis/11/assessment,/evidence/top_features/11; occurrences and function_context are empty,"Adjacency is inferred without extraction or context evidence. The claim that this is unusual in ordinary code, and a 'stronger' signal, is unsupported."
sample_4c76fa62619ff3c6,other,All frequencies are very low (0.000156 to 0.001711),/candidate_analysis/explanation,/evidence/feature_value_semantics,The artifact says the feature values are not established as counts or frequencies and must not be treated as such without upstream confirmation.
sample_4c76fa62619ff3c6,unsupported_certainty,Moderately notable given its rarity.,/candidate_analysis/evidence_analysis/7/assessment,/evidence/top_features/7/value,"Rarity is asserted, but the feature value semantics are unconfirmed and no population baseline is supplied."
sample_4c76fa62619ff3c6,unsupported_behavior,"Likely stack-pointer adjustment followed by register restore, as in function cleanup.",/candidate_analysis/evidence_analysis/19/assessment,/evidence/top_features/19; function_context is empty,The specific behavioral interpretation and the ordering/adjacency are inferred from mnemonics alone with no operand or context evidence.
sample_4c76fa62619ff3c6,unsupported_crypto,"Load followed by rotate is characteristic of hash and cipher round operations, so this is a moderate indicator of crypto-like computation.",/candidate_analysis/evidence_analysis/2/assessment,/evidence/top_features/2; no operands or context,Mnemonics alone do not establish hash or cipher rounds. The adjacency and the 'characteristic' framing overreach.
sample_f58c5c921469412c,unsupported_behavior,A POP immediately followed by arithmetic is unusual in compiler output and could hint at hand-written or obfuscated code,/candidate_analysis/evidence_analysis/3/assessment,/evidence/top_features/3; occurrences and function_context are empty,Immediate adjacency of POP and SUB is assumed without extraction or context evidence. The claim about what is unusual in compiler output is not grounded in this sample.
sample_f58c5c921469412c,unsupported_behavior,"A call directly followed by a return, as in thin wrapper or tail-style functions.",/candidate_analysis/evidence_analysis/7/assessment,/evidence/top_features/7; occurrences and function_context are empty,Direct adjacency and the wrapper or tail-function structure are inferred without context. The n-gram could be a non-adjacent graph-derived pair.
sample_f58c5c921469412c,unsupported_behavior,A POP immediately before a call is atypical in plain compiled code and can indicate indirect or constructed call targets.,/candidate_analysis/evidence_analysis/13/assessment,/evidence/top_features/13; occurrences and function_context are empty,Adjacency is assumed and a sample-specific call-target interpretation is suggested without extraction evidence. The wording is hedged but still presumes adjacent instructions.
sample_f58c5c921469412c,other,The highest-frequency features are stack and call-convention patterns: MOV PUSH (freq 0.0378,/candidate_analysis/explanation,/evidence/feature_value_semantics,"The evidence states that value semantics are not established, so treating the values as frequencies is an unsupported framing. The numbers themselves are accurately reported."
sample_d81c2360453fece3,unsupported_certainty,"Nineteen of the 20 n-grams have a relative frequency of 0.000000 and the twentieth ('or nor') has 0.000049, so none is meaningfully present in the binary.",/candidate_analysis/explanation,/evidence/feature_value_semantics,The artifact says value semantics are not established and must not be treated as raw counts or frequencies without upstream confirmation. Calling them relative frequencies and inferring absence from the binary is an overreach.
sample_d81c2360453fece3,other,all 20 listed n-grams push toward cryptojacking,/candidate_analysis/explanation,/evidence/shap_target_class_source,"Positive SHAP values refer to class 1, and the target-class mapping is a configured assumption flagged for upstream verification. The candidate treats it as established cryptojacking direction without caveat."
sample_8123cb6ba5923d7b,shap_misrepresentation,No evidence points toward benign behavior.,/candidate_analysis/explanation,/scope_notes/1; /evidence/full_attributions is null,"Only the top 20 features are available. The omitted features and baseline are unknown, so absence of benign-leaning evidence cannot be concluded."
sample_8123cb6ba5923d7b,unsupported_behavior,Consecutive SIMD XORs are typical of cryptographic mixing rounds and are consistent with mining hash loops.,/candidate_analysis/evidence_analysis/1/assessment,/evidence/occurrences and /evidence/function_context are empty,"Graph-aware n-grams need not be adjacent, and no extraction context establishes consecutiveness, hash loops or mining."
sample_8123cb6ba5923d7b,unsupported_behavior,Repeated exchanges are unusual in ordinary compiled code and suggest register or state shuffling in an optimized or obfuscated computational routine.,/candidate_analysis/evidence_analysis/11/assessment,/evidence/top_features/11; /evidence/function_context is empty,"The XCHG XCHG mnemonic pair does not establish obfuscation or a computational routine, and the rarity claim has no supplied support."
sample_8123cb6ba5923d7b,unsupported_certainty,"the combination of SIMD bitwise operations, multi-precision arithmetic, direct syscalls and a perfect model score supports a high-confidence cryptojacking classification",/candidate_analysis/explanation,/evidence/rf_probability_class_1; /evidence/feature_value_semantics,"RF probability is not behavioral proof. The mnemonics do not establish multi-precision arithmetic, direct syscall intent or cryptojacking, and feature value semantics are unconfirmed."
sample_8123cb6ba5923d7b,unsupported_certainty,0.88,/candidate_analysis/confidence_score,/evidence/rf_probability_class_1,"No supplied evidence calibrates or justifies this confidence value, which is not the RF probability."
sample_8123cb6ba5923d7b,unsupported_certainty,Treat as likely cryptojacking malware.,/candidate_analysis/recommended_action,/evidence/function_context; /evidence/occurrences; /scope_notes/0,"No behavioral, API, network or function-level evidence supports a likely-cryptojacking verdict, only mnemonic n-gram associations."
sample_8123cb6ba5923d7b,shap_misrepresentation,it strongly influenced the model,/candidate_analysis/evidence_analysis/3/assessment,/evidence/top_features,"MOV SYSCALL has SHAP +0.011085, about 0.0006 below the top feature (+0.011675), and the other top features have SHAP values in the same narrow range. The word 'strongly' is not supported relative to the unknown full attribution distribution."
sample_46ebe3a099f28d1f,other,it occurs at a very low frequency (0.000084),/candidate_analysis/explanation,/evidence/feature_value_semantics and /evidence/top_features/16/value,"The artifact states the feature value's meaning is not established and must not be treated as raw counts or frequency, so 'frequency' is an unsupported interpretation."
sample_46ebe3a099f28d1f,unsupported_certainty,its very low frequency suggests it is a minor structural signal,/candidate_analysis/evidence_analysis/5/assessment,"/evidence/top_features/5 (value 1.327e-05, shap 0.00812)","It infers minor importance from a value of unconfirmed meaning, while POP SUB has the sixth-largest SHAP contribution."
sample_46ebe3a099f28d1f,unsupported_behavior,"It has relatively high frequency but low specificity, and mostly reflects overall code structure.",/candidate_analysis/evidence_analysis/1/assessment,/evidence/top_features/1; /evidence/feature_value_semantics,It asserts high frequency and a structural cause without confirmed value semantics or any code context.
sample_46ebe3a099f28d1f,unsupported_behavior,SIMD register zeroing followed by an aligned move,/candidate_analysis/evidence_analysis/0/assessment,/evidence/top_features/0; /evidence/occurrences (empty),"The evidence has no operands, adjacency or control-flow context, so register zeroing and sequential ordering are assumed. The n-gram may be graph-aware and non-adjacent."
sample_79a476beaa468d9e,unsupported_behavior,"is relatively frequent (0.008709), which supports a compute-heavy routine",/candidate_analysis/evidence_analysis/1/assessment,/evidence/feature_value_semantics,"Feature value semantics are not established, so it cannot be read as frequency or used to infer a compute-heavy routine."
sample_79a476beaa468d9e,other,High-frequency (0.026676) byte or word extraction pattern.,/candidate_analysis/evidence_analysis/2/assessment,/evidence/feature_value_semantics,Treats the unconfirmed feature value as a frequency/count; the artifact says not to do this.
sample_79a476beaa468d9e,unsupported_behavior,"Together with MOV ROL, it supports the presence of hash-like computation.",/candidate_analysis/evidence_analysis/9/assessment,/evidence/top_features; /evidence/occurrences,Mnemonic n-grams alone do not establish hash computation. No occurrences or context show adjacency or a shared routine for these graph-aware n-grams.
sample_79a476beaa468d9e,unsupported_crypto,They support a crypto-style compute kernel.,/candidate_analysis/evidence_analysis/14/assessment,/evidence/top_features; /evidence/function_context,Consecutive PXOR is generic SIMD usage. No function context or other evidence shows a crypto kernel.
sample_79a476beaa468d9e,unsupported_certainty,That is strong enough for a high-confidence tier,/candidate_analysis/explanation,/evidence/rf_probability_class_1; /evidence/full_attributions,"Based on RF probability and a positive top-20 subset only, with no behavioral or contextual evidence and omitted features unknown. Elsewhere the text concedes the evidence is non-specific."
sample_44c3220848dc6575,unsupported_behavior,"The rotate n-grams are also relatively frequent (about 0.2% each), which suggests repeated use rather than incidental occurrence.",/candidate_analysis/explanation,/evidence/feature_value_semantics; /evidence/occurrences,"Feature value semantics are not established (not necessarily frequencies/counts), and no occurrence/context data exist. Also, MOVZX ROL has a much lower value (~0.0001), so ""each"" is inaccurate. Repeated use is unsupported."
sample_44c3220848dc6575,unsupported_behavior,"Loop-counter decrement followed by a push. This is generic control flow and gives only weak, indirect support.",/candidate_analysis/evidence_analysis/2/assessment,/evidence/top_features/2; /evidence/function_context,Asserts DEC acts as a loop counter without any control-flow or context evidence; the n-gram alone doesn't establish a loop.
sample_44c3220848dc6575,unsupported_crypto,"At freq 0.001772 it suggests repeated hash or cipher round code, consistent with mining proof-of-work.",/candidate_analysis/evidence_analysis/1/assessment,/evidence/feature_value_semantics; /evidence/occurrences,Mnemonic pair plus an unverified feature value does not establish repeated hash/cipher round code or an algorithm.
sample_44c3220848dc6575,unsupported_crypto,"Together these resemble the bit-mixing and large-integer operations in hash and cipher routines, which proof-of-work mining relies on.",/candidate_analysis/explanation,/evidence/top_features; /evidence/function_context,"Non-adjacent, context-free n-grams are used to infer hash/cipher routines and PoW; this is a sample-specific inference without extraction or context evidence, though hedged by ""resemble""."
sample_44c3220848dc6575,unsupported_behavior,"It may reflect an unusual code layout, such as an unrolled or obfuscated routine, that the model associates with the malware class.",/candidate_analysis/evidence_analysis/0/assessment,/evidence/top_features/0; /evidence/function_context,"Speculation about unrolling or obfuscation has no supporting evidence; it is hedged, but is still introduced as a sample-specific explanation."
sample_44c3220848dc6575,unsupported_behavior,"Rare stack-manipulation idioms (PUSH RET, POP SUB) possibly indicating obfuscation",/candidate_analysis/key_indicators/4,/evidence/top_features/15; /evidence/top_features/0,"Obfuscation is inferred from rare mnemonic pairs with no context; the ""possibly"" hedge only partly mitigates it. Additionally, POP SUB is not clearly a stack-manipulation idiom."
sample_44c3220848dc6575,unsupported_crypto,"Byte swapping is common in hash functions that handle endianness conversion (e.g., SHA/MD-family). Its pairing with LEA supports hash-style data processing.",/candidate_analysis/evidence_analysis/12/assessment,/evidence/top_features/12; /evidence/function_context,"The general BSWAP semantics are fine, but claiming that the BSWAP LEA pairing supports hash-style processing in this sample is unsupported without context."
sample_202b142297c09ef7,other,Most of the top features have a relative frequency of 0.000000,/candidate_analysis/explanation,/evidence/feature_value_semantics,The artifact says feature value semantics are not established and must not be treated as raw counts; 'relative frequency' is an assumed meaning.
sample_202b142297c09ef7,unsupported_certainty,"Their SHAP contributions therefore come from the absence of these patterns, which is a weak and indirect signal.",/candidate_analysis/explanation,/evidence/shap_baseline,"The SHAP baseline is null and the value semantics are unconfirmed, so attributing the positive SHAP contributions causally to absence is stated with more certainty than the evidence supports."
sample_202b142297c09ef7,unsupported_behavior,which indicate direct system-call stubs,/candidate_analysis/explanation,/evidence/top_features/7,"No occurrence, function context or adjacency evidence exists; n-gram names alone do not establish syscall stubs."
sample_202b142297c09ef7,unsupported_behavior,"Together they point to small syscall wrapper stubs, which are a notable but non-specific trait.",/candidate_analysis/evidence_analysis/12/assessment,/evidence/function_context,"Function context and occurrences are empty and graph-aware n-grams need not be adjacent, so wrapper stubs are inferred without support."
sample_202b142297c09ef7,unsupported_behavior,the contribution reflects an atypical code layout rather than observed behavior,/candidate_analysis/evidence_analysis/1/assessment,/evidence/top_features/1,No evidence about code layout or what the model learned is supplied; this is a speculative sample-specific explanation.
sample_716f8be952609ac1,other,Every n-gram has a reported relative frequency of 0.000000,/candidate_analysis/explanation,/evidence/feature_value_semantics,The evidence reports only value 0.0 and says the semantics are not established and not to be treated as raw counts. 'Relative frequency' is an unsupported interpretation.
sample_716f8be952609ac1,other,"The frequency is 0.000000 and no function is listed, so this is only weakly suggestive.",/candidate_analysis/evidence_analysis/0/assessment,/evidence/top_features/0/value,It repeats the unsupported reading of the feature value as a frequency.
sample_716f8be952609ac1,other,"All reported frequencies are 0.000000 and no function locations are listed, so the evidence is not traceable to specific code",/candidate_analysis/key_indicators/3,/evidence/feature_value_semantics,"It states the feature values as frequencies, although that is not established upstream."
sample_24558a091349bae3,unsupported_behavior,XOR followed by add-with-carry is typical of mixing and multi-precision arithmetic in hashing and PoW algorithms.,/candidate_analysis/evidence_analysis/1/assessment,/evidence/top_features/1,"Only the mnemonic pair and a SHAP value are provided. XOR does not propagate carry, and nothing supports hashing or PoW semantics for this sample."
sample_24558a091349bae3,unsupported_behavior,A register restore immediately followed by a call.,/candidate_analysis/evidence_analysis/10/assessment,/evidence/occurrences,"Occurrences and function context are empty, so immediate adjacency or control flow cannot be established for a graph-aware n-gram."
sample_24558a091349bae3,unsupported_certainty,The most frequent n-grams are stack-management sequences: POP PUSH (0.102679) and PUSH POP (0.089286).,/candidate_analysis/explanation,/evidence/feature_value_semantics,"The artifact says feature values must not be treated as raw counts or frequencies without upstream confirmation. The candidate treats them as frequencies, and 'most frequent' is also asserted from a top-20 subset only."
sample_24558a091349bae3,other,"This means the model is also using their absence, or near-absence, as a signal.",/candidate_analysis/explanation,/evidence/feature_value_semantics,"A zero feature value with positive SHAP is read as absence, but the value semantics are unestablished. The candidate also gives no note of the unverified SHAP target class or the unknown baseline."
sample_24558a091349bae3,other,Disassemble the ELF and locate the functions,/candidate_analysis/recommended_action,/evidence,"The supplied evidence never states the binary format, so ELF is an unsupported sample-specific assertion."
sample_80cec21bb25f27ab,other,Twelve of the 20 n-grams have a frequency of 0.000000 in this binary,/candidate_analysis/explanation,/evidence/top_features (11 entries have value 0.0); /evidence/feature_value_semantics,"Only 11 of the 20 features have value 0.0, and the candidate's own list names 11. The evidence also says the values should not be treated as raw counts or frequencies without upstream confirmation."
sample_80cec21bb25f27ab,shap_misrepresentation,Most of the positive contributions come from very common compiler-generated patterns,/candidate_analysis/explanation,/evidence/top_features SHAP values,"The seven cited n-grams sum to about 0.074 of roughly 0.169 total positive top-20 SHAP, about 44%. The 11 zero-valued features contribute more, so 'most' is false. This also conflicts with the candidate's later statement that absence-type features drive positive SHAP. The compiler-generated origin is also unsupported without function context."
sample_80cec21bb25f27ab,other,12 of 20 top n-grams have zero frequency; their SHAP contributions reflect absence,/candidate_analysis/key_indicators/1,/evidence/top_features; /evidence/feature_value_semantics,"The count is wrong (11, not 12). Describing the values as frequencies that reflect 'absence' assumes semantics the artifact explicitly does not establish."
sample_80cec21bb25f27ab,unsupported_certainty,"Absent from the binary (frequency 0). The positive contribution reflects the absence of this pattern, not an observed behavior.",/candidate_analysis/evidence_analysis/3/assessment,/evidence/feature_value_semantics,A value of 0.0 is asserted to mean absence from the binary even though the feature-value semantics are unconfirmed. There are also no occurrence or function context data.
sample_80cec21bb25f27ab,unsupported_behavior,"These reflect ordinary function prologue/epilogue and stack handling, not mining behavior.",/candidate_analysis/explanation,/evidence/occurrences (empty); /evidence/function_context (empty),"Sample-specific code roles are inferred from mnemonic pairs alone, with no adjacency, control-flow or function context. Pairs such as ADD PUSH and POP PUSH are not clearly prologue or epilogue patterns."
sample_7f87aac413d85952,other,"Eleven of the 20 features have a frequency of 0.000000 (ADD POP, CMOVZ MOV, CALL ADD, XOR MOV, LEA CALL, XOR XOR, AND MOV, TEST JS, plus rounded near-zero cases)",/candidate_analysis/explanation,/evidence/top_features (value fields),"Only eight features have value 0.0. The 'near-zero' cases (0.001905) are not 0.000000, so eleven is a miscount."
sample_7f87aac413d85952,other,"ADD ADD (0.022857) and INC PUSH (0.040000) are the most frequent present patterns, but both are generic",/candidate_analysis/key_indicators/2,"/evidence/top_features (MOV ADC value 0.0305, POP PUSH value 0.02857)","MOV ADC (0.030476) and POP PUSH (0.028571) have higher values than ADD ADD (0.022857), so ADD ADD is not among the two most frequent."
sample_7f87aac413d85952,shap_misrepresentation,though the frequency explains its strong model influence,/candidate_analysis/evidence_analysis/9/assessment,/evidence/top_features/9 (shap_value 0.008656),"INC PUSH ranks 10th of 20 with a mid-range SHAP value. Value semantics are not established, and no evidence links its value to its SHAP magnitude."
sample_7f87aac413d85952,unsupported_certainty,much of the SHAP signal comes from the absence of patterns that benign code typically contains,/candidate_analysis/explanation,/evidence/feature_value_semantics,"Feature value semantics are not established, so treating 0.0 as absence and claiming benign code typically contains these patterns is unsupported. Only 8 of 20 features are zero-valued."
sample_7f87aac413d85952,shap_misrepresentation,Eleven of the 20 features have a frequency of 0.000000,/candidate_analysis/explanation,/evidence/top_features,"Only eight features are zero-valued, so the claim that 'much of the SHAP signal' comes from absence is overstated. Those eight account for about 37% of the top-20 SHAP sum."
sample_50f61ac53099a561,unsupported_behavior,"At frequency 0.007207 it indicates sustained SIMD masking, which is typical of vectorized hash or cipher inner loops and is consistent with mining workloads.",/candidate_analysis/evidence_analysis/1/assessment,/evidence/top_features/1 and /evidence/feature_value_semantics,"The value is not established as a count or frequency, and no occurrences or function context show sustained masking or inner loops."
sample_50f61ac53099a561,unsupported_behavior,Consecutive SIMD AND and XOR operations.,/candidate_analysis/evidence_analysis/15/assessment,/evidence/occurrences and /evidence/function_context (both empty),"Graph-aware n-grams need not be adjacent, and there is no extraction evidence that the instructions are consecutive."
sample_50f61ac53099a561,unsupported_behavior,"Back-to-back SIMD XORs, typical of vectorized mixing or state updates in hashing",/candidate_analysis/evidence_analysis/18/assessment,/evidence/occurrences and /evidence/function_context (both empty),Adjacency and the vectorized mixing or state-update role are inferred from the mnemonic pair alone.
sample_50f61ac53099a561,other,"MOVDQA PAND (+0.012504, frequency 0.007207, the highest-frequency crypto-flavored n-gram)",/candidate_analysis/explanation,/evidence/feature_value_semantics,"The artifact says not to treat feature values as raw counts without upstream confirmation, yet the candidate presents them as frequencies and ranks n-grams by them."
sample_6438cd1f8cae996c,other,Each n-gram has a very low relative frequency (at most 0.00043).,/candidate_analysis/explanation,/evidence/feature_value_semantics,The artifact says feature value semantics are not established and must not be treated as raw counts; calling them relative frequencies is unsupported.
sample_6438cd1f8cae996c,unsupported_behavior,It is very rare in the binary (0.000002) yet highly influential.,/candidate_analysis/evidence_analysis/0/assessment,/evidence/top_features/0/value,Interprets the value as prevalence in the binary although its semantics are not established.
sample_6438cd1f8cae996c,unsupported_behavior,"They add modest support, likely from the compiled code structure around a compute kernel.",/candidate_analysis/explanation,/evidence/function_context,"No function context or occurrences were supplied, so a 'compute kernel' is asserted without evidence."
sample_6438cd1f8cae996c,unsupported_behavior,Immediate call-to-return adjacency is a small stub or thunk pattern.,/candidate_analysis/evidence_analysis/10/assessment,/evidence/occurrences,Adjacency and a stub/thunk interpretation are inferred from mnemonics alone with no extraction or context evidence.
sample_6438cd1f8cae996c,unsupported_certainty,the breadth of consistent crypto-style compute signatures and the high model probability make a cryptojacking classification well supported,/candidate_analysis/explanation,/evidence/full_attributions,"Mnemonic n-grams, a top-k subset and an RF probability do not establish cryptojacking. This also conflicts with the candidate's own statistical-only caveat."
sample_c5bce8b65b7efa45,unsupported_behavior,"Together these indicate heavy SSE register clearing, vector loads and 64-bit lane packing, which is typical of vectorized mixing or hashing loops.",/candidate_analysis/explanation,/evidence/top_features; /evidence/function_context is empty,"Mnemonic pairs with no context do not establish hashing loops. Feature values are also not confirmed as counts, so 'heavy' usage is unsupported."
sample_c5bce8b65b7efa45,unsupported_behavior,This is consistent with rotate/XOR/add hash rounds and multi-precision arithmetic.,/candidate_analysis/explanation,/evidence/top_features; /evidence/occurrences is empty,"Graph-aware n-grams need not be adjacent and no occurrence or control-flow context is provided, so hash rounds are inferred without support."
sample_c5bce8b65b7efa45,unsupported_behavior,An arithmetic shift followed by a conditional branch is a bit-testing loop construct.,/candidate_analysis/evidence_analysis/14/assessment,/evidence/top_features/14; /evidence/occurrences is empty,A loop is asserted from a single mnemonic pair without control-flow evidence.
sample_c5bce8b65b7efa45,unsupported_behavior,Add followed by rotate-right is a classic add-rotate-xor round pattern in hash and cipher primitives. This is one of the more mining-relevant bit-manipulation signals.,/candidate_analysis/evidence_analysis/17/assessment,/evidence/top_features/17,ADD ROR alone does not establish an ARX round or mining relevance. It is a generic idiom.
sample_c5bce8b65b7efa45,unsupported_behavior,Moderate frequency (0.000314) suggests repeated use.,/candidate_analysis/evidence_analysis/5/assessment,/evidence/feature_value_semantics,"The evidence states the feature values should not be treated as raw counts, so inferring repeated use from them is unsupported."
sample_c5bce8b65b7efa45,unsupported_certainty,Treat as a probable cryptojacker and escalate.,/candidate_analysis/recommended_action,/evidence/rf_probability_class_1,"The RF probability is not behavioral proof and no mining-specific evidence exists. 'Probable cryptojacker' states certainty beyond what the evidence supports, though the same text asks for confirmation before final attribution."
sample_1c7e91dff42dabf5,shap_misrepresentation,"all 20 top SHAP features push toward cryptojacking (+0.005 to +0.009 each), so no feature argues against it",/candidate_analysis/explanation,/evidence/top_features; /evidence/full_attributions is null; /scope_notes/1,Only a top-20 positive subset is supplied. It cannot show that no omitted feature argues against the class. The target class is also a configured assumption.
sample_1c7e91dff42dabf5,unsupported_behavior,which suggests byte-level data handling and loop or call structure around the compute kernels,/candidate_analysis/explanation,/evidence/occurrences (empty); /evidence/function_context (empty),"Loops, call structure and 'compute kernels' are inferred from mnemonic n-grams alone, with no context or adjacency evidence."
sample_1c7e91dff42dabf5,unsupported_certainty,Together these give a consistent profile of bit-rotation-heavy and carry-propagating arithmetic.,/candidate_analysis/explanation,/evidence/feature_value_semantics,"Feature values are not established as counts, and n-grams need not be adjacent or co-located, so a 'consistent profile' of rotation- or carry-heavy code is overstated."
sample_1c7e91dff42dabf5,unsupported_crypto,"Rotate then add is the classic ARX (add-rotate-xor) pattern, supporting hash-like computation.",/candidate_analysis/evidence_analysis/8/assessment,/evidence/top_features (no XOR feature among top 20),Equating an isolated ROL ADD n-gram with ARX hashing assumes algorithmic intent that mnemonics alone do not establish.
sample_1c7e91dff42dabf5,unsupported_crypto,Alternating left and right rotates are unusual in ordinary application code and typical of cryptographic mixing.,/candidate_analysis/evidence_analysis/15/assessment,/evidence/top_features; no corpus or baseline frequency data,"The claim about unusualness in ordinary code, and about cryptographic mixing, has no support in the supplied evidence. Non-adjacent graph n-grams may also not be literal alternation."
sample_1c7e91dff42dabf5,unsupported_behavior,Compare-and-branch loop or condition idiom.,/candidate_analysis/evidence_analysis/14/assessment,/evidence/occurrences (empty),"A loop is asserted from a CMP JNZ n-gram without control-flow evidence, although the same text later hedges it as 'consistent with'."
sample_1c7e91dff42dabf5,shap_misrepresentation,so no feature argues against it,/candidate_analysis/explanation,/evidence/top_features,"Omitted features and baseline are unknown (full_attributions and shap_baseline are null), so a positive top-k subset cannot establish the absence of benign-supporting features."
sample_1c7e91dff42dabf5,shap_misrepresentation,"Consistent additive SHAP contributions across diverse n-grams, with no counter-evidence among the top features",/candidate_analysis/key_indicators/3,/evidence/top_features,"The restriction to 'among the top features' is correct, but presenting it as a key indicator of consistency implies more than a top-k subset supports. The earlier claim is unqualified."
sample_89d23f7529ff65d0,unsupported_behavior,Low frequency (0.000412) but high SHAP.,/candidate_analysis/evidence_analysis/2/assessment,/evidence/feature_value_semantics,The evidence says feature values are not established as counts or frequencies; treating 0.000412 as a frequency is unsupported.
sample_89d23f7529ff65d0,unsupported_certainty,The most frequent n-gram (0.004967).,/candidate_analysis/evidence_analysis/11/assessment,/evidence/feature_value_semantics,"Value semantics are unconfirmed, and only the top-20 subset is visible, so 'most frequent' is not supported."
sample_89d23f7529ff65d0,unsupported_behavior,It is consistent with multi-precision arithmetic but very rare (0.000108).,/candidate_analysis/evidence_analysis/12/assessment,/evidence/feature_value_semantics,"'Very rare' reads the value as an occurrence frequency, which the artifact does not establish."
sample_89d23f7529ff65d0,unsupported_behavior,A call directly followed by a return suggests small wrapper or thunk functions.,/candidate_analysis/evidence_analysis/8/assessment,/evidence/occurrences,"No occurrence or control-flow evidence shows adjacency, and graph-aware n-grams need not be adjacent instructions."
sample_9ac7f95e4b2fac0a,unsupported_behavior,At freq 0.000878 it likely reflects the binary's small-function structure that the model links to mining samples.,/candidate_analysis/evidence_analysis/0/assessment,/evidence/top_features/0; /evidence/function_context,No function context or extraction evidence supports small-function structure or a model association with mining samples. Feature-value semantics are also stated as unestablished.
sample_9ac7f95e4b2fac0a,unsupported_crypto,"This is uncommon in ordinary code and is associated with multi-word arithmetic or bit manipulation, which fits cryptographic or big-number computation.",/candidate_analysis/evidence_analysis/3/assessment,/evidence/top_features/3,"Prevalence in ordinary code is not supplied in the evidence, and the mnemonics alone do not establish crypto or big-number use."
sample_9ac7f95e4b2fac0a,unsupported_behavior,An unusual sequence where a push is directly followed by a return.,/candidate_analysis/evidence_analysis/5/assessment,/evidence/top_features/5; /evidence/occurrences,Direct adjacency and the control-flow interpretation are asserted without occurrence or context evidence. Graph-aware n-grams need not be adjacent.
sample_9ac7f95e4b2fac0a,unsupported_crypto,A rotate followed by an add is the classic ARX (add-rotate-xor) step of hash and stream-cipher rounds.,/candidate_analysis/evidence_analysis/9/assessment,/evidence/top_features/9,"Adjacency and an ARX round are inferred from mnemonics alone, with no XOR in this n-gram and no loop or occurrence evidence."
sample_9ac7f95e4b2fac0a,unsupported_certainty,it shows a consistent vectorized bitwise-mixing profile.,/candidate_analysis/evidence_analysis/15/assessment,"/evidence/top_features/1, /evidence/top_features/14, /evidence/top_features/15","The n-gram co-presence in a top-k list does not show a mixing profile, since co-location and adjacency are not established. This should be stated as a hypothesis, not as shown."
sample_9ac7f95e4b2fac0a,unsupported_certainty,Their consistent positive SHAP values still show the model associates the binary's overall instruction profile with known cryptojacking samples.,/candidate_analysis/explanation,/evidence/shap_target_class_source; /evidence/full_attributions,"No training-set or known-sample evidence is supplied, and the target-class meaning is only a configured assumption. Only the top-k subset is available."
sample_3a7b4c707cebcae2,unsupported_behavior,"The rarest n-grams (frequency 0.000015, roughly one occurrence each) carry high SHAP values, which suggests the model is reacting to rare instruction combinations rather than to a sustained, repeated compute kernel.",/candidate_analysis/explanation,/evidence/feature_value_semantics,"The evidence says feature values must not be treated as raw counts, so 'roughly one occurrence each' is unsupported. The inference about the model's reaction and the absence of a repeated kernel also goes beyond a top-20 subset without full attributions."
sample_3a7b4c707cebcae2,unsupported_certainty,at frequency 0.000015 it is a single rare occurrence,/candidate_analysis/evidence_analysis/0/assessment,/evidence/feature_value_semantics,"The value is asserted to be a single occurrence, but the artifact does not establish that values are counts."
sample_3a7b4c707cebcae2,unsupported_behavior,A decrement-and-branch counted-loop idiom. It is consistent with iterative rounds,/candidate_analysis/evidence_analysis/1/assessment,/evidence/occurrences,"No occurrence, adjacency, or control-flow evidence confirms that a loop exists. The n-gram may be non-adjacent in a graph-aware extraction. The claim is hedged as weak, so this is a mild overreach."
sample_3a7b4c707cebcae2,unsupported_certainty,"It occurs only once or so (0.000015), so it is not conclusive.",/candidate_analysis/evidence_analysis/6/assessment,/evidence/feature_value_semantics,"Interprets the feature value as an occurrence count, which the artifact does not support."
sample_35b8ba9e8c39e3b3,unsupported_behavior,A CALL immediately followed by RET is a tail-call or thunk/wrapper pattern.,/candidate_analysis/evidence_analysis/0/assessment,/evidence/top_features/0; /evidence/function_context is empty,Assumes strict adjacency and control flow for a graph-aware n-gram with no extraction or context evidence.
sample_35b8ba9e8c39e3b3,unsupported_behavior,PUSH followed by RET is an indirect-jump idiom often used in obfuscation or packers.,/candidate_analysis/evidence_analysis/1/assessment,/evidence/top_features/1; /evidence/occurrences is empty,Applies a specific idiom without evidence of adjacency or a sample-specific indirect-jump pattern. It is hedged only partially.
sample_35b8ba9e8c39e3b3,unsupported_behavior,"Common at 0.051 frequency, reflecting call-dense code with argument setup.",/candidate_analysis/evidence_analysis/3/assessment,/evidence/feature_value_semantics,"The artifact states the feature-value semantics are not established, so treating values as frequencies and inferring call-dense code is unsupported."
sample_35b8ba9e8c39e3b3,unsupported_behavior,It is consistent with a 32-bit cdecl/stdcall binary and is not discriminative by itself.,/candidate_analysis/evidence_analysis/16/assessment,/evidence/top_features/16,No architecture or calling-convention evidence is supplied. The 32-bit inference comes from mnemonics alone.
sample_35b8ba9e8c39e3b3,unsupported_behavior,Multi-word (64-bit on 32-bit) subtraction with borrow.,/candidate_analysis/evidence_analysis/19/assessment,/evidence/top_features/19,The 64-bit-on-32-bit multiword arithmetic interpretation is asserted without context. SUB SBB could occur in other contexts.
sample_35b8ba9e8c39e3b3,unsupported_certainty,"There are no tight arithmetic or bitwise loops, no rotate or shift-heavy hashing patterns, and no SIMD instructions.",/candidate_analysis/explanation,/evidence/top_features; /evidence/full_attributions is null; /scope_notes,Asserts absence in the sample from only a top-20 subset with no loop or occurrence context. Missing evidence is not evidence of absence.
sample_35b8ba9e8c39e3b3,shap_misrepresentation,0.0158,/candidate_analysis/evidence_analysis/1/shap_contribution,/evidence/top_features,N-gram 'PUSH RET': reported SHAP=0.0158; input=0.015801329744830006; tolerance=5e-07
sample_35b8ba9e8c39e3b3,shap_misrepresentation,0.015,/candidate_analysis/evidence_analysis/2/shap_contribution,/evidence/top_features,N-gram 'CDQ MOV': reported SHAP=0.015; input=0.014993981573062514; tolerance=5e-07
sample_35b8ba9e8c39e3b3,shap_misrepresentation,0.0146,/candidate_analysis/evidence_analysis/3/shap_contribution,/evidence/top_features,N-gram 'CALL PUSH': reported SHAP=0.0146; input=0.014587404533636692; tolerance=5e-07
sample_35b8ba9e8c39e3b3,shap_misrepresentation,0.0145,/candidate_analysis/evidence_analysis/4/shap_contribution,/evidence/top_features,N-gram 'MOV RET': reported SHAP=0.0145; input=0.014536654939470551; tolerance=5e-07
sample_35b8ba9e8c39e3b3,shap_misrepresentation,0.0138,/candidate_analysis/evidence_analysis/5/shap_contribution,/evidence/top_features,N-gram 'SUB PUSH': reported SHAP=0.0138; input=0.013788871558140983; tolerance=5e-07
sample_35b8ba9e8c39e3b3,shap_misrepresentation,0.0137,/candidate_analysis/evidence_analysis/6/shap_contribution,/evidence/top_features,N-gram 'ADD PUSH': reported SHAP=0.0137; input=0.013677769943438823; tolerance=5e-07
sample_35b8ba9e8c39e3b3,shap_misrepresentation,0.0122,/candidate_analysis/evidence_analysis/7/shap_contribution,/evidence/top_features,N-gram 'MOVZX PUSH': reported SHAP=0.0122; input=0.012228677015489579; tolerance=5e-07
sample_35b8ba9e8c39e3b3,shap_misrepresentation,0.012,/candidate_analysis/evidence_analysis/8/shap_contribution,/evidence/top_features,N-gram 'XOR PUSH': reported SHAP=0.012; input=0.012012567563961298; tolerance=5e-07
sample_35b8ba9e8c39e3b3,shap_misrepresentation,0.0117,/candidate_analysis/evidence_analysis/9/shap_contribution,/evidence/top_features,N-gram 'MOV PUSH': reported SHAP=0.0117; input=0.011725454849280595; tolerance=5e-07
sample_35b8ba9e8c39e3b3,shap_misrepresentation,0.0108,/candidate_analysis/evidence_analysis/10/shap_contribution,/evidence/top_features,N-gram 'POP CALL': reported SHAP=0.0108; input=0.010819678582764211; tolerance=5e-07
sample_35b8ba9e8c39e3b3,shap_misrepresentation,0.0107,/candidate_analysis/evidence_analysis/11/shap_contribution,/evidence/top_features,N-gram 'POP XCHG': reported SHAP=0.0107; input=0.010705450174004642; tolerance=5e-07
sample_35b8ba9e8c39e3b3,shap_misrepresentation,0.0102,/candidate_analysis/evidence_analysis/13/shap_contribution,/evidence/top_features,N-gram 'LEA PUSH': reported SHAP=0.0102; input=0.010193055383695838; tolerance=5e-07
sample_35b8ba9e8c39e3b3,shap_misrepresentation,0.0098,/candidate_analysis/evidence_analysis/14/shap_contribution,/evidence/top_features,N-gram 'INC PUSH': reported SHAP=0.0098; input=0.009811606715907159; tolerance=5e-07
sample_35b8ba9e8c39e3b3,shap_misrepresentation,0.0097,/candidate_analysis/evidence_analysis/15/shap_contribution,/evidence/top_features,N-gram 'MOV LEAVE': reported SHAP=0.0097; input=0.009747299657118536; tolerance=5e-07
sample_35b8ba9e8c39e3b3,shap_misrepresentation,0.0094,/candidate_analysis/evidence_analysis/16/shap_contribution,/evidence/top_features,N-gram 'PUSH CALL': reported SHAP=0.0094; input=0.009366891890483401; tolerance=5e-07
sample_35b8ba9e8c39e3b3,shap_misrepresentation,0.0088,/candidate_analysis/evidence_analysis/17/shap_contribution,/evidence/top_features,N-gram 'LEA IDIV': reported SHAP=0.0088; input=0.008780123147023061; tolerance=5e-07
sample_35b8ba9e8c39e3b3,shap_misrepresentation,0.0088,/candidate_analysis/evidence_analysis/18/shap_contribution,/evidence/top_features,N-gram 'NEG POP': reported SHAP=0.0088; input=0.008762172183701736; tolerance=5e-07
sample_35b8ba9e8c39e3b3,shap_misrepresentation,0.0087,/candidate_analysis/evidence_analysis/19/shap_contribution,/evidence/top_features,N-gram 'SUB SBB': reported SHAP=0.0087; input=0.008740430747330531; tolerance=5e-07
sample_35b8ba9e8c39e3b3,shap_misrepresentation,"The highest-SHAP n-grams (CALL RET, PUSH RET, CDQ MOV, MOV RET)",/candidate_analysis/explanation,/evidence/top_features,The fourth-highest SHAP n-gram is CALL PUSH (0.014587); MOV RET is fifth (0.014537).
sample_35b8ba9e8c39e3b3,shap_misrepresentation,"Rare control-flow idioms with the highest SHAP weights: CALL RET (+0.0176), PUSH RET (+0.0158), MOV RET (+0.0145), POP CALL (+0.0108)",/candidate_analysis/key_indicators/2,/evidence/top_features,"POP CALL is eleventh among the listed features, not among the highest. The list also skips higher-ranked CDQ MOV and CALL PUSH."
sample_5d78aa0ec0cfbb49,unsupported_behavior,Dense rotate/add/xor interleaving is typical of hash round functions,/candidate_analysis/explanation,/evidence/top_features; /evidence/occurrences is empty; /evidence/function_context is empty,"The n-grams are separate, tiny-valued features with no occurrence or context evidence, so density and interleaving are not established."
sample_5d78aa0ec0cfbb49,unsupported_behavior,"AVX 256-bit XOR with unaligned moves suggests an optimized vectorized compute path, as in high-performance miners.",/candidate_analysis/evidence_analysis/10/assessment,/evidence/top_features/10 (VPXOR VMOVDQU),"Only mnemonics are supplied, with no operand widths, so 256-bit operation is unsupported. The link to miners is speculative."
sample_5d78aa0ec0cfbb49,unsupported_behavior,and it is relatively frequent,/candidate_analysis/evidence_analysis/16/assessment,/evidence/feature_value_semantics; /evidence/top_features/16 (ROL MOV),"Feature values are explicitly not established as counts or frequencies, so relative frequency is an unsupported inference."
sample_5d78aa0ec0cfbb49,unsupported_behavior,"Dense SIMD XOR/AND/ADD patterns (PXOR, VPXOR, PAND, PADDQ) consistent with vectorized hashing kernels",/candidate_analysis/key_indicators/0,/evidence/occurrences (empty); /evidence/feature_value_semantics,Density of the patterns is not shown by the artifact.
sample_5d78aa0ec0cfbb49,unsupported_behavior,"Repeated rotate/add combinations (ADD ROR, ROL ADD, ADD ROL, MOV ROL) typical of ARX-style hash rounds",/candidate_analysis/key_indicators/1,/evidence/occurrences (empty); /evidence/function_context (empty),Repetition and adjacency or loop structure are not supported by extraction or context evidence.
sample_5d78aa0ec0cfbb49,unsupported_certainty,0.9,/candidate_analysis/confidence_score,/evidence/rf_probability_class_1,"A 0.9 confidence score and 'high-confidence' tier are not derived from the evidence. The RF probability is not calibrated LLM confidence or behavioral proof, and the explanation admits no mining behavior is shown."
sample_3639b48e1ccf8820,unsupported_behavior,"Fourteen of the 20 n-grams have a displayed relative frequency of 0.000000, so they are rare or absent in the binary.",/candidate_analysis/explanation,/evidence/feature_value_semantics,The artifact says the value semantics are not established and must not be treated as raw counts. Reading them as relative frequencies and concluding presence or absence in the binary is unsupported.
sample_3639b48e1ccf8820,unsupported_certainty,"14 of 20 n-grams have a displayed frequency of 0.000000 and the rest are very low, so there is little concrete presence in the binary",/candidate_analysis/key_indicators/2,/evidence/feature_value_semantics,This repeats the inference about binary presence from feature values whose meaning is explicitly unconfirmed.
sample_3639b48e1ccf8820,unsupported_behavior,XOR followed by a call.,/candidate_analysis/evidence_analysis/4/assessment,/evidence/occurrences,"This asserts adjacency and ordering. No occurrence or context data was supplied, and graph-aware n-grams need not be adjacent instructions."
sample_934228fab9568ced,unsupported_behavior,The most credible signals are the frequent SIMD and rotate patterns.,/candidate_analysis/explanation,/evidence/feature_value_semantics,"Feature values are explicitly not established as frequencies or counts, and the values are about 0.001–0.002, so ""frequent"" is unsupported."
sample_934228fab9568ced,unsupported_behavior,"Together the two indicate repeated add-rotate mixing, supporting a hash-like compute loop.",/candidate_analysis/evidence_analysis/10/assessment,"/evidence/occurrences, /evidence/function_context","No occurrence, adjacency, repetition or loop context is supplied. Mnemonic n-grams alone do not establish repeated mixing or a loop."
sample_934228fab9568ced,unsupported_behavior,"High frequency of SSE bitwise patterns (PXOR MOVDQA, PXOR PXOR, PXOR MOVDQU, MOVDQA PAND)",/candidate_analysis/key_indicators/0,/evidence/top_features,PXOR MOVDQU (0.000256) and MOVDQA PAND (0.000207) are not high. The values' semantics as frequencies are not established.
sample_934228fab9568ced,unsupported_crypto,"This is a classic ARX hash and cipher round pattern, such as in SHA, Blake, or ChaCha-style mixing",/candidate_analysis/evidence_analysis/4/assessment,/evidence/top_features/4,"A two-instruction ROL/ADD n-gram does not establish a specific algorithm family. Naming SHA, Blake and ChaCha overreaches."
sample_934228fab9568ced,other,"Rare double-precision shift, typical of multi-word or 128-bit arithmetic.",/candidate_analysis/evidence_analysis/14/assessment,/evidence/top_features/14,"The semantic label is slightly off (SHRD is a double-word shift, not double-precision), and the multi-word or 128-bit inference is not supported by context."
sample_ef8d06b45811a9b2,other,All are reported with a relative frequency of 0.000000,/candidate_analysis/explanation,/evidence/feature_value_semantics,Evidence gives value 0.0 and states the value semantics are not established and should not be treated as raw counts; calling it a relative frequency asserts an unconfirmed meaning.
sample_ef8d06b45811a9b2,other,"All frequencies are 0.000000 and no function locations are provided, so mining-specific behavior cannot be confirmed",/candidate_analysis/key_indicators/4,/evidence/feature_value_semantics,Same issue: the feature values are treated as frequencies although their semantics are unconfirmed.
sample_ef8d06b45811a9b2,unsupported_certainty,"Mildly less common than TEST JZ, but still ordinary control flow",/candidate_analysis/evidence_analysis/7/assessment,/evidence/top_features,No frequency or prevalence data in the evidence supports a comparison of how common TEST JS and TEST JZ are.
sample_924994f3e852cfd3,other,"Every n-gram has a reported frequency of 0.000000, so none is measurably present in the binary at the given precision.",/candidate_analysis/explanation,/evidence/feature_value_semantics,The artifact reports 'value' and explicitly says not to treat it as raw counts or frequencies. Inferring absence from the binary is unsupported.
sample_924994f3e852cfd3,other,"All reported frequencies are 0.000000 and no function locations are listed, so the patterns cannot be tied to specific code",/candidate_analysis/key_indicators/2,/evidence/feature_value_semantics,"The 'frequency' label repeats the unestablished value semantics. The lack of function context is supported, but the frequency framing is not."
sample_1f018fbf3767c8ec,unsupported_behavior,"Rotate followed by add is characteristic of ARX-style mixing in hash and cipher rounds, supporting proof-of-work computation.",/candidate_analysis/evidence_analysis/6/assessment,top_features ROL ADD; occurrences and function_context are empty,Assumes the two instructions are adjacent and part of hash rounds. Mnemonic n-grams alone do not establish ARX mixing or proof-of-work.
sample_1f018fbf3767c8ec,unsupported_behavior,"Decrement-and-branch loop counter pattern, consistent with tight iterative loops such as hashing rounds; generic on its own.",/candidate_analysis/evidence_analysis/19/assessment,top_features DEC JZ; no occurrences or control-flow context,Infers a loop and hashing rounds without extraction or context evidence.
sample_1f018fbf3767c8ec,unsupported_behavior,Short function ending that returns a value.,/candidate_analysis/evidence_analysis/2/assessment,top_features MOV RET; function_context is empty,No function boundaries or return-value semantics are supplied for this n-gram.
sample_1f018fbf3767c8ec,unsupported_behavior,"MOVDQA PAND is fairly frequent (0.0226), which suggests the SIMD logic is a substantive part of the code.",/candidate_analysis/explanation,feature_value_semantics: Not established by this artifact; do not treat as raw counts,"Treats the feature value as a frequency and draws a conclusion about code composition, although the value semantics are not established."
sample_1f018fbf3767c8ec,other,their rarity (frequency about 0.000124 to 0.000247),/candidate_analysis/explanation,"top_features values, e.g. MOV RET 0.0021011000499129295","The range does not cover every n-gram in the group it describes (MOV RET is about 0.0021), and the values are presented as frequencies although their semantics are unconfirmed."
sample_1f018fbf3767c8ec,unsupported_certainty,"the model's maximal confidence and the combination of rotate, wide shift, and SIMD XOR/AND patterns make a high-confidence cryptojacking call reasonable",/candidate_analysis/explanation,rf_probability_class_1: 1.0; no behavioral evidence supplied,"Uses RF probability as high confidence in cryptojacking, but it is not calibrated confidence or behavioral proof, and the top-k subset cannot exclude omitted benign-leaning features."
sample_4c7971c6c63b145b,other,"Of the 20 top n-grams, 16 have a frequency of 0.000000, so they are absent from the binary.",/candidate_analysis/explanation,/evidence/top_features; /evidence/feature_value_semantics,"Only 14 of the 20 listed features have value 0.0, not 16. The artifact also says value semantics are not established, so zero values cannot be stated to mean absence from the binary."
sample_4c7971c6c63b145b,unsupported_behavior,"16 of the top 20 n-grams have zero frequency, so the positive SHAP values are not backed by observed code patterns",/candidate_analysis/key_indicators/0,/evidence/top_features,"The count is wrong (14 zero-valued, 6 nonzero). 'Not backed by observed code patterns' also depends on treating feature values as frequencies, which the artifact does not support."
sample_4c7971c6c63b145b,other,"Present at 0.074 frequency, the most common of the influential n-grams",/candidate_analysis/evidence_analysis/0/assessment,/evidence/top_features/9,MOV MOV has the higher value (0.2222) versus ADD POP (0.0741). The claim also contradicts the candidate's own MOV MOV entry.
sample_4c7971c6c63b145b,unsupported_certainty,No XOR-then-call pattern is observed.,/candidate_analysis/evidence_analysis/5/assessment,/evidence/feature_value_semantics; /evidence/occurrences,A zero feature value with no occurrence or context data does not establish that no XOR-then-call sequence exists in the binary. The value semantics are unconfirmed.
sample_4c7971c6c63b145b,shap_misrepresentation,"are the model's learned baseline pushes, not observed behavior",/candidate_analysis/explanation,/evidence/shap_baseline,The SHAP baseline is null and the full attributions are unavailable. Describing these positive contributions as 'baseline pushes' is an unverified interpretation of their origin.
sample_ed3bd710048c1892,other,Their relative frequencies round to 0.000000,/candidate_analysis/explanation,/evidence/feature_value_semantics and /evidence/top_features/*/value,"The artifact says feature values must not be treated as raw counts without upstream confirmation, so calling them relative frequencies is an unestablished assumption. The values are exactly 0.0, not rounded."
sample_ed3bd710048c1892,unsupported_behavior,Typical function epilogue (stack adjustment then register restore).,/candidate_analysis/evidence_analysis/1/assessment,/evidence/occurrences and /evidence/function_context (both empty),"It asserts an ordered, adjacent epilogue sequence for this sample, but no extraction or context evidence shows adjacency or function placement."
sample_ed3bd710048c1892,unsupported_behavior,Post-call stack cleanup.,/candidate_analysis/evidence_analysis/4/assessment,/evidence/occurrences and /evidence/function_context (both empty),"It states sample-specific call-then-cleanup control flow as fact, although n-gram adjacency and calling convention are not evidenced."
sample_011401ea285ee25f,unsupported_behavior,"It marks a call immediately followed by a return, as in a thin wrapper or tail-call function.",/candidate_analysis/evidence_analysis/0/assessment,evidence.top_features[0]; scope_notes; occurrences=[]; function_context=[],"Asserts adjacency and a specific code structure, but the evidence has no extraction context. Graph-aware n-grams need not be adjacent."
sample_011401ea285ee25f,unsupported_behavior,"An unusual sequence, since a PUSH directly before RET can indicate a computed or indirect control transfer.",/candidate_analysis/evidence_analysis/1/assessment,evidence.top_features[1]; occurrences=[],"Assumes direct adjacency and suggests control-transfer semantics without instruction context. It is hedged with ""can"", but the adjacency is asserted."
sample_011401ea285ee25f,shap_misrepresentation,"The SHAP contributions are spread evenly with no dominant feature, which suggests the model is responding to an overall statistical profile rather than a distinct mining signature.",/candidate_analysis/explanation,evidence.full_attributions=null; shap_baseline=null; scope_notes,"Only the top-20 SHAP values are available, so even distribution across all features and the absence of a dominant feature cannot be established. Inferring model behavior from this subset overreaches."
sample_011401ea285ee25f,unsupported_behavior,"The high-frequency patterns (PUSH CALL 0.0779, CALL PUSH 0.0512, LEA PUSH 0.0455, MOV PUSH 0.0411, XOR PUSH 0.0346) suggest a call-heavy, stack-argument-passing style",/candidate_analysis/explanation,evidence.feature_value_semantics,"The feature values are explicitly not established as raw counts or frequencies, yet the candidate treats them as frequencies and infers code style from them."
sample_011401ea285ee25f,shap_misrepresentation,"The SHAP contributions are spread evenly with no dominant feature, which suggests the model is responding to an overall statistical profile",/candidate_analysis/explanation,/evidence/top_features,Cannot be established from top-k SHAP values; omitted features and baseline are unknown.
sample_011401ea285ee25f,shap_misrepresentation,Strongest contributor.,/candidate_analysis/evidence_analysis/0/assessment,/evidence/top_features,This is true only within the supplied top-20 list; the candidate does not qualify it as a top-k claim.
sample_1a46b65def6da4aa,unsupported_behavior,The n-grams fall into three groups consistent with hash-based proof-of-work mining code.,/candidate_analysis/explanation,/evidence/top_features; /evidence/function_context; /evidence/occurrences,"Mnemonic pairs alone do not establish proof-of-work mining code. The evidence has no function context, occurrences or API data."
sample_1a46b65def6da4aa,unsupported_crypto,"These suggest vectorized state mixing and bulk data handling, as in SSE/AVX implementations of mining hash algorithms.",/candidate_analysis/explanation,"/evidence/top_features (PXOR MOVAPS, PXOR PXOR, PXOR MOVUPS, VPXOR VMOVDQU)",The sample-specific attribution to mining hash implementations is unsupported. PXOR and MOVAPS pairs are generic vector operations.
sample_1a46b65def6da4aa,unsupported_crypto,It indicates a repeated ARX round structure typical of hashing.,/candidate_analysis/evidence_analysis/11/assessment,/evidence/top_features (ADD ROR value 0.0007041211938485503); /evidence/feature_value_semantics,"A single n-gram does not establish a repeated round structure, and the semantics of the feature values are not confirmed. Repetition and algorithm structure are inferred without extraction context."
sample_1a46b65def6da4aa,unsupported_behavior,"Comparison adjacent to rotate, likely loop or round-count logic inside rotation-heavy code.",/candidate_analysis/evidence_analysis/17/assessment,/evidence/top_features (CMP ROL); /evidence/function_context,Loop or round-count logic is inferred from a mnemonic pair. There is no control-flow or context evidence. The rubric also says not to infer adjacency or control flow without extraction evidence.
sample_1a46b65def6da4aa,unsupported_crypto,Combination of vectorized and scalar crypto-style instruction patterns is consistent with mining hash kernels,/candidate_analysis/key_indicators/5,/evidence/top_features; /evidence/function_context,Asserts consistency with mining hash kernels from instruction patterns alone. These patterns are not established as mining-specific.
sample_1a46b65def6da4aa,unsupported_certainty,"the combination of crypto-style rotate, vector XOR and multi-precision patterns, all pointing the same way, is strong",/candidate_analysis/explanation,/evidence/top_features; /scope_notes/1; /evidence/full_attributions,"Asserts strength from a top-20 positive subset. Omitted features and the SHAP baseline are unknown, and RF confidence is not behavioral proof."
sample_1a46b65def6da4aa,unsupported_behavior,"Rotate followed by store or move, completing the ARX round pattern together with MOV ROL and ROL ADD.",/candidate_analysis/evidence_analysis/18/assessment,/evidence/top_features; /evidence/occurrences,"Asserts that these n-grams complete a round pattern and implies sequential adjacency across n-grams. Graph-aware n-grams need not be adjacent, and no extraction context is supplied."
sample_40670aaeb61e32ea,unsupported_behavior,"The reported frequencies are all 0.000000, so no pattern is visibly concentrated in the binary.",/candidate_analysis/explanation,/evidence/feature_value_semantics,The artifact says feature values are not established as counts or frequencies. Inferring that nothing is concentrated in the binary from value 0.0 is unsupported.
sample_40670aaeb61e32ea,unsupported_behavior,Typical stack cleanup at a function epilogue.,/candidate_analysis/evidence_analysis/1/assessment,/evidence/top_features/1,"No function context, occurrences or adjacency evidence shows where ADD POP occurs. An epilogue role is asserted without support."
sample_40670aaeb61e32ea,unsupported_behavior,"A register-zeroing or mixing operation immediately before a call, a common argument-setup idiom.",/candidate_analysis/evidence_analysis/2/assessment,/evidence/top_features/2,'Immediately before a call' and argument setup assume adjacency and control flow that the supplied evidence does not establish.
sample_40670aaeb61e32ea,unsupported_behavior,A post-call stack or pointer adjustment.,/candidate_analysis/evidence_analysis/4/assessment,/evidence/top_features/4,"This asserts a calling-convention role for this sample without occurrences, function context or adjacency evidence."
sample_40670aaeb61e32ea,unsupported_behavior,Typical function prologue and stack frame allocation.,/candidate_analysis/evidence_analysis/5/assessment,/evidence/top_features/5,A prologue role is asserted for PUSH SUB without function context or adjacency evidence.
sample_40670aaeb61e32ea,other,Re-run feature extraction with higher-precision frequencies and function-level attribution,/candidate_analysis/recommended_action,/evidence/feature_value_semantics,"This presumes the 0.0 values are rounded frequencies, which the artifact does not establish. The function-level attribution part is reasonable."
sample_c9edf27d9389d743,unsupported_crypto,arithmetic and bit-manipulation sequences typical of hash and cipher inner loops,/candidate_analysis/explanation,"/evidence/top_features (ADD ROR, MOV ROL, XOR ADC, DIV MUL, POP XOR, POP SUB); occurrences and function_context are empty","Mnemonic pairs alone do not establish hash or cipher loops, and no loop or context evidence was supplied."
sample_c9edf27d9389d743,unsupported_crypto,This is a classic building block of hash and cipher rounds and is among the strongest crypto-computation indicators in the set.,/candidate_analysis/evidence_analysis/11/assessment,"/evidence/top_features/11 (ADD ROR, SHAP 0.00833)","The SHAP weight for ADD ROR is modest, and no evidence ranks it as a crypto indicator or shows rotation-based mixing."
sample_c9edf27d9389d743,unsupported_crypto,"Restoring a register and then XOR-ing it fits mixing steps in hash or cipher routines, which is consistent with mining computation.",/candidate_analysis/evidence_analysis/1/assessment,/evidence/top_features/1 (POP XOR); /evidence/occurrences is empty,It assumes adjacency and a hash/mining role for a POP XOR pair without extraction or context evidence.
sample_c9edf27d9389d743,unsupported_behavior,These suggest a 32-bit stack-passing calling convention with many call sites and argument setups.,/candidate_analysis/explanation,/evidence/top_features (*PUSH n-grams); no architecture or call-site evidence,"Architecture, calling convention and call-site count are inferred from n-gram names only."
sample_c9edf27d9389d743,unsupported_behavior,Indicates small wrapper functions.,/candidate_analysis/evidence_analysis/8/assessment,/evidence/top_features/8 (CALL RET); function_context is empty,The existence of wrapper or thunk functions cannot be derived from an n-gram without function-level context.
sample_c9edf27d9389d743,other,Most frequent n-gram (3.8%).,/candidate_analysis/evidence_analysis/14/assessment,/evidence/feature_value_semantics,"The artifact says feature values are not established as counts or frequencies. Even if they were, MOV PUSH is only the largest among the 20 listed features, not the most frequent n-gram overall."
sample_c9edf27d9389d743,unsupported_certainty,The classification is therefore high-confidence on the strength of the model output and the crypto-style arithmetic n-grams,/candidate_analysis/explanation,/evidence/rf_probability_class_1; /evidence/function_context,"RF probability and mnemonic n-grams do not justify treating the crypto-style interpretation as a basis for confidence, since no behavioral evidence exists."
sample_8d21f24aedcf8186,unsupported_behavior,"All frequencies are very low (mostly about 0.00001 to 0.0006), so these patterns are rare in the binary.",/candidate_analysis/explanation,/evidence/feature_value_semantics,The artifact says feature-value semantics are not established and the values must not be treated as raw counts. The inference that the patterns are rare in the binary is therefore unsupported.
sample_8d21f24aedcf8186,other,Highest frequency of the group (0.001282) but not discriminative.,/candidate_analysis/evidence_analysis/19/assessment,/evidence/feature_value_semantics,The value is described as a frequency although the artifact does not establish what the feature values mean.
sample_8d21f24aedcf8186,unsupported_behavior,"Consecutive AVX scalar double subtractions, indicating floating-point math.",/candidate_analysis/evidence_analysis/9/assessment,/evidence/top_features/9,"The evidence has no occurrences or context, and graph-aware n-grams need not be adjacent. Asserting consecutive instructions is unsupported."
sample_8d21f24aedcf8186,unsupported_behavior,"Zeroing a register and then comparing, a common idiom at the start of vectorized scan loops.",/candidate_analysis/evidence_analysis/17/assessment,/evidence/top_features/17,"The mnemonic pair alone does not establish a zeroing idiom, the sequence order, or a scan loop. No occurrences or function context are provided."
sample_e4c1ed3c689259bd,other,"Nineteen of the 20 n-grams have a relative frequency of 0.000000, and the twentieth ('or nor') has only 0.000046.",/candidate_analysis/explanation,/evidence/feature_value_semantics,"The artifact says the feature value semantics are not established and the values should not be treated as raw counts. Calling them 'relative frequency' asserts a meaning the evidence does not support, although the numbers themselves are correct."
sample_edb444733d2190a7,other,the single low-frequency occurrence is insufficient to draw conclusions,/candidate_analysis/evidence_analysis/12/assessment,feature_value_semantics: 'Not established by this artifact; do not treat as raw counts'; occurrences: [],"Implies a single occurrence, but the feature value is not a verified count and no occurrence data was supplied."
sample_edb444733d2190a7,unsupported_behavior,A call immediately followed by a return suggests thunk or wrapper functions.,/candidate_analysis/evidence_analysis/7/assessment,occurrences: []; function_context: [],"Assumes literal adjacency and a function structure. No extraction or context supports either, and n-grams need not be adjacent."
sample_edb444733d2190a7,unsupported_behavior,"It indicates address setup before a repeated dword block copy, consistent with buffer or struct copying.",/candidate_analysis/evidence_analysis/19/assessment,occurrences: []; function_context: [],"Asserts a specific behavior ('indicates') from the mnemonic pair alone, with no context."
sample_edb444733d2190a7,unsupported_behavior,It shows heavy call-driven code structure but nothing mining-specific.,/candidate_analysis/evidence_analysis/6/assessment,PUSH CALL value 0.044228; no function context,Infers overall code structure from a single feature value that has no established count semantics.
sample_edb444733d2190a7,unsupported_certainty,"They reflect ordinary function prologues, epilogues, and argument setup found in almost any compiled binary.",/candidate_analysis/explanation,occurrences: []; function_context: [],"States the function roles of these sequences as fact, although no per-function context or instruction sequence was provided."
sample_edb444733d2190a7,unsupported_certainty,"The SHAP contributions are also evenly spread, with no single dominant indicator.",/candidate_analysis/explanation,full_attributions: null; scope_notes: omitted features unknown,"Only the top-20 subset is available, so evenness across all features cannot be established. It holds only within the displayed subset."
sample_e85da107ddd1f8af,unsupported_behavior,"its prominence at similar frequencies (~0.001) points to repeated, unrolled round-like code",/candidate_analysis/explanation,/evidence/feature_value_semantics,The artifact says feature values must not be treated as raw counts or frequencies. Repeated or unrolled code is also not established without occurrence or context data.
sample_e85da107ddd1f8af,unsupported_behavior,That is consistent with the inner loops of hashing or memory-hard proof-of-work routines.,/candidate_analysis/explanation,/evidence/occurrences,"No loop, occurrence or function context is supplied. Mnemonic n-grams cannot establish inner loops or PoW routines."
sample_e85da107ddd1f8af,unsupported_behavior,"Aligned 128-bit moves between integer and float SIMD domains indicate state copying in vectorized compute loops, as used in optimized miner scratchpad/state handling.",/candidate_analysis/evidence_analysis/1/assessment,/evidence/top_features/1,"'Indicate' asserts state copying, loops and miner scratchpad handling from a single mnemonic pair with no context."
sample_e85da107ddd1f8af,unsupported_certainty,"Subtract with add-with-carry indicates multi-word big-integer arithmetic, common in cryptographic and PoW computation.",/candidate_analysis/evidence_analysis/12/assessment,/evidence/top_features/12,SUB ADC alone does not establish multi-precision arithmetic in this sample. It is stated as fact rather than as a hypothesis.
sample_e85da107ddd1f8af,unsupported_behavior,Call immediately followed by return suggests thunks or tiny wrapper functions.,/candidate_analysis/evidence_analysis/6/assessment,/evidence/top_features/6,"Graph-aware n-grams need not be adjacent instructions, and there is no control-flow evidence. Adjacency and thunk structure are inferred."
sample_e85da107ddd1f8af,unsupported_certainty,Treat as likely cryptojacking malware.,/candidate_analysis/recommended_action,/evidence/rf_probability_class_1,RF probability over n-grams is not behavioral proof. 'Likely cryptojacking' and the 'high-confidence' tier and 0.88 score overstate what the evidence supports.
sample_e85da107ddd1f8af,shap_misrepresentation,the combination of SIMD bit-mixing and rotate/add hashing patterns across the top-ranked features supports a high-confidence cryptojacking call,/candidate_analysis/explanation,/evidence/top_features,"Positive SHAP values on a top-k subset only show model association. They do not establish hashing behavior, and omitted features are unknown."
sample_5b918b088dc7d323,other,The Random Forest labels this binary MALWARE with probability 1.0000,/candidate_analysis/explanation,"/evidence/rf_prediction, /evidence/rf_probability_class_1","The evidence gives only prediction=1 and class-1 probability 1.0. Mapping class 1 to 'MALWARE' is a naming assumption not stated in the artifact, though it is a minor and plausible one."
sample_5b918b088dc7d323,unsupported_certainty,Nineteen of the 20 n-grams have a relative frequency of 0.000000.,/candidate_analysis/explanation,/evidence/feature_value_semantics,The artifact says feature values are not established as raw counts or frequencies and must not be treated as raw counts without upstream confirmation. Calling them 'relative frequency' overstates their known semantics.
sample_b17dfcea986bdb19,unsupported_behavior,"have a relative frequency of 0.000000, so their positive SHAP values reflect the absence of these patterns, which the model associates with the malware class",/candidate_analysis/explanation,/evidence/feature_value_semantics,The artifact states the feature value semantics are not established and the values should not be treated as raw counts. Interpreting zero as relative frequency and as the absence of the pattern goes beyond the evidence.
sample_b17dfcea986bdb19,unsupported_certainty,"This probably indicates a small or unusual binary with limited code diversity, such as a packed, stub-like or minimal executable",/candidate_analysis/explanation,/evidence/top_features,"The top-20 subset, the unknown value semantics and the absence of any binary-size or context evidence do not support a sample-specific inference about binary size, packing or stub structure."
sample_b17dfcea986bdb19,unsupported_behavior,They suggest a very small code body and are not specific to mining.,/candidate_analysis/explanation,/evidence/feature_value_semantics,"A very small code body is inferred from feature values whose meaning is not established. The second half of the sentence, about mining specificity, is a reasonable limitation."
sample_b17dfcea986bdb19,unsupported_behavior,Unusual adjacency that may indicate tiny stub functions or obfuscation or packing,/candidate_analysis/evidence_analysis/3/assessment,/scope_notes/0,"The claim presumes the n-gram reflects adjacent instructions, but no extraction or context evidence establishes adjacency. The hedge 'may' only partly mitigates this."
sample_b17dfcea986bdb19,unsupported_behavior,so the contribution reflects the absence of typical cdecl call patterns,/candidate_analysis/evidence_analysis/6/assessment,/evidence/feature_value_semantics,Calling convention and absence of the pattern are asserted without extraction or context evidence.
sample_b17dfcea986bdb19,unsupported_certainty,The classifier's high score is therefore plausibly driven by structural or size artifacts,/candidate_analysis/explanation,/evidence/full_attributions,"With no omitted-feature attributions, baseline or binary-size information, this is a speculative attribution, though it is hedged with 'plausibly'."
sample_4dd14927df358c81,unsupported_certainty,The most frequent n-gram (0.075261).,/candidate_analysis/evidence_analysis/16/assessment,evidence.top_features[16]; evidence.feature_value_semantics; evidence.full_attributions=null,"Only the top 20 SHAP-ranked features are supplied, so this value cannot be the global most-frequent n-gram. The artifact also says feature values should not be treated as counts or frequencies."
sample_4dd14927df358c81,unsupported_behavior,It points to very short functions or call-then-return thunks.,/candidate_analysis/evidence_analysis/0/assessment,evidence.occurrences=[]; evidence.function_context=[],"Function boundaries, adjacency and control flow are not supplied. Graph-aware n-grams need not be adjacent, so the structural claim is not supported."
sample_4dd14927df358c81,unsupported_certainty,"It is atypical of plain compiler output, but the evidence does not show its context.",/candidate_analysis/evidence_analysis/1/assessment,evidence.top_features[1]; no baseline or corpus data (shap_baseline=null),There is no compiler or corpus comparison data to support this typicality claim.
sample_4dd14927df358c81,unsupported_behavior,"Along with CDQ MOV and LEA IDIV, it shows a consistent signed-division theme.",/candidate_analysis/evidence_analysis/19/assessment,"evidence.top_features (CDQ MOV, LEA IDIV, XOR CDQ); occurrences=[]","Only LEA IDIV contains a division mnemonic. Without occurrence or adjacency context, the bigrams cannot be shown to form a division pattern, and 'shows' is stated with too much certainty."
sample_4dd14927df358c81,shap_misrepresentation,"Unusual short-sequence patterns (CALL RET, PUSH RET, POP XCHG) that carry the highest SHAP weights",/candidate_analysis/key_indicators/3,evidence.top_features[11] (POP XCHG shap_value 0.010773),"POP XCHG is the 12th of 20 features, below CDQ MOV, CALL PUSH, MOV RET and others. It does not carry the highest SHAP weights."
sample_4dd14927df358c81,unsupported_certainty,"Treat the sample as suspicious, given the model's unanimous malware signal",/candidate_analysis/recommended_action,evidence.full_attributions=null; scope_notes (omitted features unknown),"Unanimity is established only for the displayed top-20 features, not for the model's full attribution set."
sample_4dd14927df358c81,shap_misrepresentation,given the model's unanimous malware signal,/candidate_analysis/recommended_action,/evidence/top_features,"Unanimity applies only to the displayed top-20 subset, not to all features."
sample_3c951ba1aa39474d,unsupported_certainty,so no counter-evidence is present,/candidate_analysis/explanation,/scope_notes/1; /evidence/full_attributions,"Only a positive top-20 subset is supplied. Omitted features could oppose the prediction, so absence of counter-evidence cannot be asserted."
sample_3c951ba1aa39474d,unsupported_behavior,"Together these resemble the arithmetic of hash and cipher routines, such as rotation-heavy mixing, multi-word carry arithmetic and byte-swapping, which are typical of proof-of-work mining code.",/candidate_analysis/explanation,/evidence/top_features; /evidence/occurrences; /evidence/function_context,Mnemonic pairs alone do not establish hash/cipher or PoW algorithms. No occurrences or function context are provided.
sample_3c951ba1aa39474d,unsupported_behavior,"The rotate pairs ROR ROL and ROL ROR have relatively high frequencies (0.001186 and 0.001016), which suggests repeated rotation-based mixing.",/candidate_analysis/explanation,/evidence/feature_value_semantics,"Feature value semantics are not established, and the values are tiny. 'Relatively high' and 'repeated rotation-based mixing' are unsupported."
sample_3c951ba1aa39474d,unsupported_behavior,"Adjacent opposing rotations occur in rotation-heavy mixing and are rare in ordinary application code, which supports a hashing or cipher kernel.",/candidate_analysis/evidence_analysis/8/assessment,/scope_notes; /evidence/occurrences,"Adjacency is asserted although n-grams may not be adjacent (graph-aware), and no extraction evidence is given. The claim that this is rare in ordinary code and supports a hashing kernel is not grounded in the evidence."
sample_3c951ba1aa39474d,unsupported_behavior,it is the most frequent top feature (0.002880) and may reflect byte-wise data handling around the hashing routines,/candidate_analysis/evidence_analysis/1/assessment,/evidence/feature_value_semantics,"The value is treated as a frequency though semantics are unconfirmed, and 'hashing routines' is presupposed with no support."
sample_3c951ba1aa39474d,unsupported_certainty,"I rate this high-confidence, with the caveat that other crypto-heavy software could produce similar patterns.",/candidate_analysis/explanation,/evidence/rf_probability_class_1; /scope_notes,"RF probability is not behavioral proof, and no calibration or behavioral evidence is available. The high-confidence tier and the 0.88 confidence_score are not justified, particularly alongside acknowledged benign alternatives."
sample_3c951ba1aa39474d,unsupported_certainty,Treat as likely cryptojacking malware.,/candidate_analysis/recommended_action,/evidence/occurrences; /evidence/function_context,"This is an unconditional verdict on a sample with no behavioral, API, string or function evidence."
sample_2a1ad21b1c13e274,shap_misrepresentation,No n-gram pushes the other way.,/candidate_analysis/explanation,/evidence/full_attributions; /scope_notes/1,"Only the top-20 positive subset is available; full attributions are null, so omitted features opposing class 1 cannot be excluded."
sample_2a1ad21b1c13e274,unsupported_certainty,At 0.85% frequency it is a fairly prominent pattern.,/candidate_analysis/evidence_analysis/1/assessment,/evidence/feature_value_semantics,The artifact says value semantics are not established and should not be treated as raw counts or frequencies without upstream confirmation.
sample_2a1ad21b1c13e274,unsupported_certainty,at 2.7% frequency it is the most frequent n-gram listed,/candidate_analysis/evidence_analysis/2/assessment,/evidence/top_features/2/value,The value 0.026855 is converted to a percent frequency although the meaning of the feature value is unconfirmed.
sample_2a1ad21b1c13e274,unsupported_behavior,"MOV ROL (rank 8, +0.008778) and ROL ADD (rank 10, +0.008327) show rotate-and-add sequences, as in ARX-style or hash-round arithmetic.",/candidate_analysis/explanation,/evidence/top_features/7; /evidence/top_features/9; /evidence/occurrences,"Mnemonic pairs do not establish actual rotate-and-add sequences, ARX-style mixing or hash rounds. Occurrences and context are empty, and adjacency or control flow cannot be assumed."
sample_2a1ad21b1c13e274,unsupported_behavior,Move feeding a double-precision shift.,/candidate_analysis/evidence_analysis/11/assessment,/evidence/top_features/11; /evidence/function_context,Data flow between the instructions is asserted without occurrence or context evidence.
sample_e9f18681e9754814,unsupported_behavior,A call immediately followed by a return suggests thunk or wrapper functions or tail-call stubs.,/candidate_analysis/evidence_analysis/0/assessment,/evidence/top_features/0; /evidence/occurrences,"Graph-aware n-grams need not be adjacent, and no occurrence or context evidence supports adjacency or wrapper/stub structure."
sample_e9f18681e9754814,unsupported_behavior,PUSH followed by RET is an indirect-jump idiom sometimes used for control-flow obfuscation.,/candidate_analysis/evidence_analysis/1/assessment,/evidence/top_features/1; /evidence/occurrences,It infers adjacency and a control-flow idiom from a mnemonic pair with no extraction context.
sample_e9f18681e9754814,unsupported_certainty,At 0.034532 it is more consistent with register zeroing than with a cryptographic round.,/candidate_analysis/evidence_analysis/9/assessment,/evidence/top_features/9; /evidence/feature_value_semantics,"Operands are not given, and the feature value is not established as a frequency, so this conclusion about the XOR use is not supported."
sample_e9f18681e9754814,unsupported_certainty,Subtract-with-borrow indicates multi-word (64-bit-on-32-bit) arithmetic.,/candidate_analysis/evidence_analysis/18/assessment,/evidence/top_features/18; /evidence/function_context,The pair is asserted to mean a specific arithmetic pattern without context or adjacency evidence; this is stated more strongly than hedged.
sample_e9f18681e9754814,shap_misrepresentation,"They occur at very low frequency (0.000719 to 0.002158), so their weight is limited.",/candidate_analysis/explanation,/evidence/top_features/2; /evidence/feature_value_semantics,"The values are not established as frequencies, and CDQ MOV has the third-largest SHAP value (+0.014996), so the claim of limited weight contradicts the SHAP evidence."
sample_b6d105891666bfe2,unsupported_behavior,"Together they suggest a push-heavy, stack-argument call style typical of 32-bit-style compiled code.",/candidate_analysis/explanation,/evidence/top_features; /evidence/occurrences (empty); /evidence/function_context (empty),"Architecture or compiler style is inferred from mnemonic n-grams alone, with no extraction context, adjacency, bitness or operand evidence."
sample_b6d105891666bfe2,unsupported_behavior,"It marks very short or stub-like call-and-return sequences, such as thunks or wrappers.",/candidate_analysis/evidence_analysis/0/assessment,/evidence/top_features/0; /evidence/function_context (empty),"The n-gram need not be adjacent and no function context exists, so stub, thunk or wrapper structure is not established."
sample_b6d105891666bfe2,unsupported_behavior,"Subtract-with-borrow chain, characteristic of multi-precision (64-bit-on-32-bit or big-integer) arithmetic.",/candidate_analysis/evidence_analysis/18/assessment,/evidence/top_features/18; /evidence/occurrences (empty),A multi-precision interpretation is inferred from a single SUB SBB bigram without context or any chain evidence.
sample_b6d105891666bfe2,unsupported_behavior,Restoring a register and then calling.,/candidate_analysis/evidence_analysis/10/assessment,/evidence/top_features/10; /evidence/occurrences (empty),The specific role of POP before CALL as register restoration is asserted without context.
sample_b6d105891666bfe2,shap_misrepresentation,"CALL PUSH (+0.014588, freq 0.050109)",/candidate_analysis/explanation,/evidence/top_features,The evidence states feature value semantics are not established and should not be treated as raw counts; 'freq' presents them as frequencies.
sample_b6d105891666bfe2,shap_misrepresentation,High frequency (0.050109).,/candidate_analysis/evidence_analysis/3/assessment,/evidence/top_features,"Same issue: the value's semantics are unconfirmed upstream, yet it is described as a frequency and as 'High'."
sample_b6d105891666bfe2,shap_misrepresentation,all 20 listed n-grams push toward cryptojacking,/candidate_analysis/explanation,/evidence/top_features,"The target class 1 is only a configured assumption, flagged to verify upstream, and the candidate states the direction without that caveat."
sample_eeace79aef4e2799,unsupported_certainty,No benign-leaning features appear in the evidence.,/candidate_analysis/explanation,/scope_notes/1; /evidence/full_attributions,"Only the top 20 positive features are supplied; omitted features are unknown, so absence of benign-leaning features cannot be established."
sample_eeace79aef4e2799,unsupported_behavior,"ADD ROR and XOR ROL are among the more frequent features (about 0.0006 each), so they recur throughout the binary rather than appearing once.",/candidate_analysis/explanation,/evidence/feature_value_semantics,"Feature value semantics are explicitly not established, so they cannot be treated as counts or frequencies; recurrence throughout the binary is unsupported."
sample_eeace79aef4e2799,unsupported_behavior,"It is relatively frequent (0.000615), which suggests repeated round operations.",/candidate_analysis/evidence_analysis/2/assessment,/evidence/feature_value_semantics,Interprets an unverified value as frequency and infers repeated round operations without extraction or context evidence.
sample_eeace79aef4e2799,unsupported_behavior,Its high frequency (0.000634) indicates repeated use.,/candidate_analysis/evidence_analysis/9/assessment,/evidence/feature_value_semantics,"Treats the value as frequency and infers repeated use, which the artifact does not confirm."
sample_eeace79aef4e2799,unsupported_certainty,"It is rare (0.000007), so it is a distinctive marker.",/candidate_analysis/evidence_analysis/0/assessment,/evidence/feature_value_semantics,Rarity and distinctiveness rest on unverified value semantics and no population/baseline comparison is provided.
sample_eeace79aef4e2799,unsupported_behavior,The n-grams fall into two groups typical of hashing and proof-of-work code.,/candidate_analysis/explanation,/evidence/function_context; /evidence/occurrences,Mnemonic pairs alone do not establish hashing or proof-of-work; no function context or occurrences were supplied.
sample_eeace79aef4e2799,unsupported_certainty,"The combination of these patterns, the model's high probability and the uniform direction of SHAP contributions make a strong case for cryptojacking.",/candidate_analysis/explanation,/evidence/rf_probability_class_1; /scope_notes/1,"RF probability and a positive top-k subset are not behavioral proof; the 'strong case' overstates what static n-grams establish, and the 'uniform direction' is only an artifact of top-k selection."
sample_eeace79aef4e2799,unsupported_certainty,Treat as a likely cryptominer.,/candidate_analysis/recommended_action,/evidence/rf_prediction; /evidence/function_context,"Asserts a likely miner without behavioral, network or function evidence; it is partially hedged later in the same recommendation."
sample_eeace79aef4e2799,shap_misrepresentation,all 20 top SHAP features push toward cryptojacking,/candidate_analysis/explanation,/evidence/top_features,"Accurate for the supplied top 20, but it is presented as support for a collective conclusion; the target class is a configured assumption pending verification."
sample_eeace79aef4e2799,shap_misrepresentation,the uniform direction of SHAP contributions make a strong case for cryptojacking,/candidate_analysis/explanation,/evidence/top_features,Uniform positive direction is a consequence of top-k selection and does not establish that the overall case is strong.
sample_368065401faacfc3,unsupported_certainty,"They indicate that the model's score comes from the overall opcode distribution, not from a recognizable mining routine.",/candidate_analysis/explanation,/evidence/scope_notes/1; /evidence/full_attributions,"Only the top-20 positive features are supplied and omitted features are unknown, so the evidence cannot rule out a mining-related contribution outside the subset."
sample_368065401faacfc3,unsupported_behavior,"Non-specific, though it may suggest a fragmented or obfuscated code layout.",/candidate_analysis/evidence_analysis/1/assessment,/evidence/occurrences; /evidence/function_context,"No extraction or context evidence supports obfuscation or fragmented layout, and a mnemonic pair alone does not establish it. The claim is hedged but speculative."
sample_368065401faacfc3,unsupported_behavior,Add-with-carry after a move suggests multi-word arithmetic,/candidate_analysis/evidence_analysis/4/assessment,/evidence/occurrences; /evidence/function_context,It assumes MOV and ADC are adjacent and part of multi-word arithmetic. The n-grams may be graph-aware and no occurrence or context data is supplied. It is hedged as 'weakly consistent'.
sample_d63fa20f8bc94735,unsupported_behavior,Every n-gram has a reported relative frequency of 0.000000,/candidate_analysis/explanation,/evidence/feature_value_semantics,The artifact says value semantics are not established and must not be treated as raw counts or frequencies. Calling them 'relative frequency' asserts unverified semantics.
sample_d63fa20f8bc94735,unsupported_behavior,its high SHAP value likely reflects the model's learned statistical association with this sample family,/candidate_analysis/evidence_analysis/1/assessment,/evidence/top_features/1,No evidence supports a 'sample family' or any learned association; this is speculation about the model's internals.
sample_d63fa20f8bc94735,unsupported_behavior,Run static analysis on the ELF,/candidate_analysis/recommended_action,/evidence,The file format is not given anywhere in the supplied evidence.
sample_6609664c5b201a54,other,Its contribution is likely due to the model's learned correlations.,/candidate_analysis/evidence_analysis/1/assessment,/evidence/top_features/1,"This is a mild causal attribution about the model's internal reasoning that the artifact does not establish, though the wording is hedged."
sample_6609664c5b201a54,other,The most frequent n-gram listed (0.000425),/candidate_analysis/evidence_analysis/11/assessment,/evidence/feature_value_semantics,"The artifact says feature values are not established as raw counts or frequencies, so calling them 'frequency' and 'relative frequencies' overreaches. The numeric value itself is accurate."
sample_da6b8a1a0c6d70a1,unsupported_certainty,"There are no dense XOR/rotate/shift sequences, no repeated bitwise-mix patterns and no SIMD-style loops.",/candidate_analysis/explanation,/evidence/top_features; /evidence/occurrences; /evidence/function_context; /scope_notes/1,"Only 20 top n-grams are supplied, with no occurrences, function context or full attributions. Their absence from this subset does not establish absence from the binary, so this is stated too definitively."
sample_da6b8a1a0c6d70a1,unsupported_behavior,"The top-ranked feature, at 0.69% frequency.",/candidate_analysis/evidence_analysis/0/assessment,/evidence/feature_value_semantics,The artifact says feature value semantics are not established and the values should not be treated as raw counts. Calling them frequencies or percentages (also done for other features) assumes semantics not supplied.
sample_da6b8a1a0c6d70a1,unsupported_behavior,a general trait of the binary's code style and not a mining indicator,/candidate_analysis/evidence_analysis/8/assessment,/evidence/top_features/8; /evidence/function_context,"With no occurrences or function context, a single n-gram value does not support a conclusion about the binary's overall code style or heavy argument marshalling."
sample_da6b8a1a0c6d70a1,unsupported_behavior,It is generic and shows the binary uses standard frame-pointer functions.,/candidate_analysis/evidence_analysis/11/assessment,/evidence/top_features/11; /evidence/function_context,The mnemonic bigram alone does not show that the binary's functions use standard frame pointers. This asserts sample-level behavior without extraction context.
sample_da6b8a1a0c6d70a1,unsupported_behavior,"A call followed directly by a return, as in thin wrapper or tail functions.",/candidate_analysis/evidence_analysis/2/assessment,/rules/2; /evidence/occurrences,"The artifact gives no evidence that the n-gram's instructions are adjacent. Graph-aware n-grams need not be, so asserting direct adjacency (and similarly for PUSH RET) is unsupported."
sample_c68fb9e81c01c222,unsupported_certainty,so no listed feature argues against cryptojacking,/candidate_analysis/explanation,/evidence/top_features; scope_notes,The statement is true only of the supplied top-20; omitted features and the baseline are unknown. The wording 'cryptojacking' also conflates malware-class SHAP with the specific cryptojacking behavior.
sample_c68fb9e81c01c222,unsupported_behavior,"suggest vectorized bitwise and state-mixing loops, consistent with mining kernels",/candidate_analysis/explanation,/evidence/top_features; occurrences and function_context empty,"Loops and mining kernels cannot be established from isolated n-gram mnemonics with no occurrences, adjacency or control-flow context."
sample_c68fb9e81c01c222,unsupported_behavior,"MOV SYSCALL (+0.005564) indicates direct system-call usage, which can point to evasion or low-level OS interaction.",/candidate_analysis/explanation,/evidence/top_features (MOV SYSCALL); function_context empty,The n-gram only shows a syscall mnemonic associated with the class. Syscall intent or evasion is not established without context. The claim is hedged but still presented as an indication.
sample_c68fb9e81c01c222,unsupported_crypto,"Such sequences are typical of hash and cipher round functions, which fits proof-of-work mining code",/candidate_analysis/explanation,"/evidence/top_features (ADD ROR, MOV ROL, ROL AND, SUB ADC)","Mnemonics alone do not establish algorithms or mining. The sequence is also not shown to be adjacent, since the n-grams are graph-aware."
sample_c68fb9e81c01c222,unsupported_behavior,"Call immediately followed by return, indicating a thunk or tiny wrapper function.",/candidate_analysis/evidence_analysis/17/assessment,/evidence/top_features (CALL RET); occurrences empty,"Adjacency and control flow are not established by the artifact, and the structure is not verified."
sample_c68fb9e81c01c222,unsupported_certainty,Frequent (0.001172),/candidate_analysis/evidence_analysis/3/assessment,/evidence/feature_value_semantics,The artifact says the values should not be treated as raw counts or frequencies without upstream confirmation. The candidate describes them as frequencies and uses 'Frequent' and 'Very rare' on that basis.
sample_c68fb9e81c01c222,shap_misrepresentation,Frequent (0.001172) and consistent with vectorized state mixing or zeroing in mining loops.,/candidate_analysis/evidence_analysis/3/assessment,/evidence/top_features,"It uses feature values as frequencies and ties SHAP contribution to mining loops, although the value semantics are unconfirmed and no loop evidence exists."
sample_c1b6ef987005bb5e,unsupported_behavior,"SHRD MOV, ADC SUB, and SHL NEG suggest multi-precision or 64-bit arithmetic emulation on 32-bit code.",/candidate_analysis/explanation,"/evidence/top_features (no architecture, function context or occurrences)",No evidence establishes 32-bit code or emulation of wider arithmetic. SHL NEG in particular is not a clear multi-precision marker.
sample_c1b6ef987005bb5e,other,The very low frequencies (mostly below 0.0005) also suggest sparse signals.,/candidate_analysis/explanation,/evidence/feature_value_semantics,The artifact says feature value semantics are not established and the values should not be treated as raw counts. Calling them frequencies and inferring sparsity goes beyond that.
sample_c1b6ef987005bb5e,unsupported_certainty,These appear in nearly all x86 binaries and are not specific to mining.,/candidate_analysis/explanation,/evidence/top_features; /evidence/function_context (empty),The prevalence claim has no supporting corpus or baseline evidence in the artifact. It is stated with more certainty than the evidence allows.
sample_c1b6ef987005bb5e,unsupported_certainty,so no single feature dominates,/candidate_analysis/explanation,/evidence/full_attributions (null); /scope_notes/1,"Only a positive top-20 subset is supplied. Omitted features, including any negative ones, are unknown, so dominance cannot be ruled out globally."
sample_c7bd7dcc35a2c603,other,Most of the n-grams have a relative frequency of 0.000000,/candidate_analysis/explanation,/evidence/feature_value_semantics,The artifact states feature value semantics are not established and must not be treated as raw counts. 'Relative frequency' and 'visible code density' assume a semantics that is not supplied.
sample_c7bd7dcc35a2c603,other,"'sub strb' (+0.006752, the most frequent at 0.001259)",/candidate_analysis/explanation,/evidence/top_features/4 and /evidence/top_features/7,"'cmn mov' has a higher value (0.0017507) than 'sub strb' (0.00125889), so 'most frequent' is numerically wrong. The explanation later calls 'cmn mov' the highest-frequency n-gram."
sample_c7bd7dcc35a2c603,other,This is the most frequent n-gram (0.001259) and suggests byte-level buffer processing,/candidate_analysis/evidence_analysis/4/assessment,/evidence/top_features/7/value,The ranking claim is contradicted by 'cmn mov' at 0.0017507. The 'byte-level buffer processing' inference is also not supported by any context.
sample_c43dcfb58bd6dad8,unsupported_certainty,"Overall, the model's certainty and the consistently positive, crypto-relevant feature set support a high-confidence call.",/candidate_analysis/explanation,/evidence/top_features; /scope_notes,"Treats RF probability as confidence support and the features as crypto-relevant, but bigram mnemonics alone do not establish crypto behavior and RF probability is not behavioral proof. Omitted features are unknown."
sample_c43dcfb58bd6dad8,unsupported_behavior,suggests the model sees them as distinctive of known malicious samples,/candidate_analysis/explanation,/evidence/top_features; /evidence/full_attributions,Infers the model's reasoning and training-set provenance from feature value and SHAP magnitude; no training data or full attributions are available.
sample_c43dcfb58bd6dad8,unsupported_behavior,This fits vectorized masking in hash or proof-of-work inner loops and supports compute-intensive mining-style code.,/candidate_analysis/evidence_analysis/1/assessment,/evidence/occurrences; /evidence/function_context,Infers loop context and mining-style code from one mnemonic pair with no occurrence or function context.
sample_c43dcfb58bd6dad8,unsupported_crypto,"Rotate-then-add is the classic add-rotate-xor pattern in hash and stream-cipher rounds, which supports hashing workloads relevant to mining.",/candidate_analysis/evidence_analysis/9/assessment,/evidence/top_features; /evidence/occurrences,"ROL ADD lacks an XOR and no adjacency or context evidence exists, so hashing workload is not established."
sample_c43dcfb58bd6dad8,unsupported_behavior,"This is a generic function-epilogue pattern, but its rarity (0.000877) and high SHAP weight suggest a distinctive code-layout or packing signature seen in malicious samples.",/candidate_analysis/evidence_analysis/0/assessment,/evidence/top_features/0,Packing signature and prior sightings in malicious samples are not supported; the feature value semantics are also not established.
sample_ce182bb5a5af53d1,unsupported_behavior,"The high-frequency n-grams (PUSH CALL at 0.0767, CALL PUSH at 0.0486, MOV PUSH at 0.0433, LEA PUSH at 0.0403, XOR PUSH at 0.0365) suggest call-heavy code with many stack-passed arguments.",/candidate_analysis/explanation,/evidence/feature_value_semantics,"The artifact states that feature values are not established as raw counts or frequencies, so 'high-frequency' and the code-structure inference are unsupported."
sample_ce182bb5a5af53d1,unsupported_behavior,Likely a tiny wrapper or thunk function that calls and returns.,/candidate_analysis/evidence_analysis/0/assessment,/evidence/function_context,"No function context was supplied, and graph-aware n-grams need not be adjacent, so asserting a wrapper or thunk structure is unsupported."
sample_ce182bb5a5af53d1,unsupported_behavior,A PUSH immediately before RET is an unusual control-flow idiom (return-based jump or indirect transfer).,/candidate_analysis/evidence_analysis/1/assessment,/evidence/ngram_size,"Adjacency and control flow are not established by the extraction, so a return-based jump is an unsupported inference for this sample. It is also repeated as a key indicator."
sample_ce182bb5a5af53d1,unsupported_certainty,The CDQ/IDIV/SBB patterns indicate signed integer division and multi-word arithmetic,/candidate_analysis/explanation,/evidence/top_features,"Isolated mnemonic pairs (for example, CDQ MOV or SUB SBB) do not establish division or multiprecision arithmetic in this sample. 'Indicate' states this too firmly."
sample_ce182bb5a5af53d1,unsupported_behavior,Review the hashing or arithmetic loops,/candidate_analysis/recommended_action,/evidence/occurrences,"The wording presupposes that hashing or arithmetic loops exist, while the evidence provides no loops or occurrences and the candidate itself says there are no hashing-loop signatures."
sample_831d33718835c01a,other,Every n-gram has a relative frequency of 0.000000,/candidate_analysis/explanation,/evidence/feature_value_semantics,The evidence says feature value semantics are not established and the values should not be treated as raw counts without upstream confirmation. Labeling them 'relative frequency' asserts a semantic the artifact does not support.
sample_831d33718835c01a,unsupported_behavior,A conditional move followed by a move indicates branchless selection logic.,/candidate_analysis/evidence_analysis/0/assessment,/evidence/top_features/0; /evidence/occurrences; /evidence/function_context,"Adjacency and ordering are assumed, but there is no extraction or context evidence, and graph-aware n-grams need not be adjacent instructions. The same adjacency reading recurs in other assessments, e.g. 'Post-call arithmetic'."
sample_831d33718835c01a,unsupported_certainty,"The SHAP contributions are spread fairly evenly (no single feature above 0.017), which suggests a diffuse statistical signature rather than one decisive indicator.",/candidate_analysis/explanation,/evidence/full_attributions; /evidence/shap_baseline,"Only the top-20 subset is available. Full attributions and baseline are null, so the overall attribution distribution cannot be characterized as diffuse."
sample_9ccedfe24fe7e4b7,other,"Nineteen of the 20 n-grams have a relative frequency of 0.000000, and 'or nor' is only 0.000046, so none is a prominent part of the code.",/candidate_analysis/explanation,/evidence/feature_value_semantics,The artifact says value semantics are not established and the values must not be treated as raw counts without upstream confirmation. Calling them relative frequencies and inferring that no n-gram is prominent in the code is unsupported.
sample_9ccedfe24fe7e4b7,other,"19 of 20 n-grams have a relative frequency of 0.000000, and the remaining one is 0.000046",/candidate_analysis/key_indicators/2,/evidence/feature_value_semantics,Same unsupported 'relative frequency' interpretation of the feature value field.
sample_2864746a489b583f,unsupported_behavior,every n-gram has a very low frequency (0.000122 to 0.001592),/candidate_analysis/explanation,/evidence/feature_value_semantics,"The artifact says feature values are not established as raw counts or frequencies, so calling them frequencies is unsupported."
sample_2864746a489b583f,unsupported_behavior,A call immediately followed by a return suggests small wrapper or stub functions.,/candidate_analysis/evidence_analysis/8/assessment,/evidence/top_features/8,"The n-gram is graph-aware, and no occurrence, adjacency or function context is supplied. Inferring wrapper or stub functions is unsupported."
sample_2864746a489b583f,unsupported_certainty,It is one of the stronger crypto-like indicators.,/candidate_analysis/evidence_analysis/14/assessment,/evidence/top_features/14,"XOR ROL has a mid-ranked SHAP value (0.0056, 15th of 20) and no context. Calling it a strong crypto indicator rests on the mnemonics alone."
sample_2864746a489b583f,unsupported_behavior,It supports a computational-kernel interpretation.,/candidate_analysis/evidence_analysis/1/assessment,/evidence/top_features/1,"The mnemonic pair alone, with no occurrence or function context, does not support a computational-kernel interpretation."
sample_2864746a489b583f,unsupported_certainty,"The evidence therefore supports a suspicious, crypto-like or obfuscated profile consistent with the 0.88 model score",/candidate_analysis/explanation,/evidence/rf_probability_class_1,Mnemonic n-grams and an RF probability do not establish a crypto-like or obfuscated profile. The same paragraph concedes that the n-grams are generic or non-specific.
sample_1db6e171df2c57fd,unsupported_behavior,Integer-to-double conversion followed by register zeroing.,/candidate_analysis/evidence_analysis/0/assessment,top_features[0]; scope_notes say graph-aware n-grams need not be adjacent; occurrences and function_context are empty,"The n-gram name does not establish adjacency, order in the code, or that PXOR is a zeroing idiom in this sample."
sample_1db6e171df2c57fd,unsupported_behavior,Stack adjustment near function epilogue.,/candidate_analysis/evidence_analysis/5/assessment,top_features[5] SUB POP; function_context is empty,Placement in a function epilogue is asserted without any extraction or context evidence.
sample_1db6e171df2c57fd,unsupported_behavior,Address computation near a function epilogue.,/candidate_analysis/evidence_analysis/11/assessment,top_features[11] LEA POP; function_context is empty,Epilogue location is inferred from mnemonics alone.
sample_1db6e171df2c57fd,unsupported_certainty,is only marginally above the decision boundary,/candidate_analysis/explanation,"rf_prediction=1, rf_probability_class_1=0.57; no threshold field supplied","No decision threshold is supplied, so describing 0.57 as marginally above a boundary relies on an unstated 0.5 assumption. This is a minor assumption."
sample_0ae664a4aa83dcc1,unsupported_certainty,No n-gram pushes toward benign.,/candidate_analysis/explanation,/evidence/full_attributions is null; /evidence/scope_notes[1] says omitted features and the baseline are unknown,"Only a positive top-20 subset is supplied, so it cannot establish that no omitted n-gram supports the benign class."
sample_0ae664a4aa83dcc1,unsupported_crypto,is characteristic of ARX-style hash and cipher rounds and is a strong crypto-computation indicator,/candidate_analysis/evidence_analysis/6/assessment,/evidence/occurrences and /evidence/function_context are empty,A mnemonic pair without function context does not establish ARX or hash code. Calling it a 'strong' indicator overstates what the evidence shows.
sample_0ae664a4aa83dcc1,unsupported_behavior,its contribution suggests a code layout typical of this malware family,/candidate_analysis/evidence_analysis/2/assessment,No family information appears anywhere in /evidence,"No malware-family evidence is supplied, and a SHAP value does not indicate a family code layout."
sample_0ae664a4aa83dcc1,unsupported_crypto,A value load immediately before a rotate supports the presence of rotation-based mixing in hashing routines.,/candidate_analysis/evidence_analysis/7/assessment,/evidence/occurrences is empty; /rules say graph-aware n-grams need not be adjacent,"Adjacency or immediate ordering is inferred without extraction evidence, and the presence of hashing routines is asserted without context."
sample_0ae664a4aa83dcc1,other,Very common (5.8%).,/candidate_analysis/evidence_analysis/1/assessment,/evidence/feature_value_semantics: 'Not established by this artifact; do not treat as raw counts without upstream confirmation',The feature value 0.058 is presented as an instruction frequency or percentage although its semantics are unconfirmed.
sample_0ae664a4aa83dcc1,unsupported_behavior,Unusual push-then-return sequence that can indicate a stub or indirect control transfer.,/candidate_analysis/evidence_analysis/5/assessment,No control-flow or function context is supplied,"It infers a push immediately followed by a return, and a possible stub or indirect transfer, from the mnemonic pair alone."
sample_d39c972c4994b705,unsupported_behavior,Every n-gram has a reported relative frequency of 0.000000,/candidate_analysis/explanation,/evidence/feature_value_semantics,"The artifact says the feature values are not established as counts or frequencies, so calling them relative frequencies is unsupported."
sample_d39c972c4994b705,unsupported_certainty,The model's malware signal looks real,/candidate_analysis/explanation,/evidence/rf_probability_class_1,"RF probability is not behavioral proof or a calibrated measure of whether a signal is real, and the SHAP target class is only a configured assumption."
sample_d39c972c4994b705,unsupported_behavior,Almost all of the n-grams are generic compiler-generated instruction pairs,/candidate_analysis/explanation,/evidence/function_context,"With no function context or provenance, the claim that these n-grams are compiler-generated is an unsupported sample-specific inference."
sample_d39c972c4994b705,unsupported_behavior,Typical of stack cleanup and function epilogues.,/candidate_analysis/evidence_analysis/1/assessment,/evidence/function_context,The role of ADD POP as an epilogue is inferred without context or adjacency evidence.
sample_d39c972c4994b705,unsupported_behavior,Function prologue and stack frame allocation.,/candidate_analysis/evidence_analysis/5/assessment,/evidence/function_context,The prologue and stack-allocation role for PUSH SUB is asserted without extraction or context evidence.
sample_d39c972c4994b705,unsupported_behavior,A signed comparison loop or bounds check. It may indicate loops,/candidate_analysis/evidence_analysis/16/assessment,/evidence/function_context,"The loop or bounds-check reading is not supported, and graph-aware n-grams need not be adjacent, so control flow cannot be inferred."
sample_d6029504de9c1c80,unsupported_behavior,"Together these suggest repeated 128-bit state mixing, as in hashing or cipher-style inner loops.",/candidate_analysis/explanation,/evidence/top_features; /evidence/occurrences (empty); /evidence/function_context (empty),"Loops and repetition cannot be inferred from isolated n-gram mnemonics. There is no occurrence, adjacency or function context."
sample_d6029504de9c1c80,unsupported_behavior,"Add/rotate/XOR-with-carry integer patterns (XOR ADC, ADD ROR, ROL MOVZX, SHL NEG) typical of hash-like rounds",/candidate_analysis/key_indicators/2,/evidence/top_features,"Hash-round semantics are asserted from separate mnemonic pairs, with no evidence the instructions are related or that they form rounds. SHL NEG and XOR ADC are also not diagnostic of hashing."
sample_d6029504de9c1c80,unsupported_certainty,Addition followed by rotate right is the classic add-rotate-xor style of hash and cipher rounds.,/candidate_analysis/evidence_analysis/10/assessment,/evidence/top_features/10,"A 2-gram ADD ROR does not establish ARX or hash/cipher rounds; the value is also tiny (5.58e-06), and no context is given."
sample_d6029504de9c1c80,unsupported_behavior,"Address computation followed by vector XOR, indicating table or state lookups feeding SIMD mixing.",/candidate_analysis/evidence_analysis/9/assessment,/evidence/top_features/9,LEA PXOR does not indicate table lookups; the claim is an unsupported inference about sample behavior.
sample_d6029504de9c1c80,unsupported_behavior,suggesting floating-point results being moved into integer state,/candidate_analysis/evidence_analysis/1/assessment,/evidence/top_features/1,FSTP MOV does not show data flow from the FP result into integer state; no operand or adjacency evidence is given.
sample_d6029504de9c1c80,unsupported_certainty,"Mixed integer, vector and floating-point compute of this kind is consistent with a compute-heavy mining kernel.",/candidate_analysis/explanation,/evidence/top_features; /evidence/function_context (empty),"A mining kernel interpretation is only weakly supported. Mixed FP, vector and integer code is also typical of benign numeric software, and the claim lacks any sample context. It is partly softened by the caveats."
sample_fa4697f7e726680d,unsupported_behavior,It indicates very short functions or thunks that call and return immediately.,/candidate_analysis/evidence_analysis/0/assessment,/evidence/top_features/0 and /evidence/function_context (empty),Function boundaries and adjacency are not available; graph-aware n-grams need not be adjacent and no function context is supplied.
sample_fa4697f7e726680d,unsupported_behavior,A push immediately followed by a return is unusual in normal compiled code.,/candidate_analysis/evidence_analysis/1/assessment,/evidence/top_features/1 and /evidence/occurrences (empty),Immediate adjacency and the resulting code pattern are inferred without extraction or context evidence.
sample_fa4697f7e726680d,unsupported_certainty,The most frequent n-gram (0.077).,/candidate_analysis/evidence_analysis/16/assessment,/evidence/feature_value_semantics and /scope_notes/1,"Only the top-20 SHAP subset is shown, so 'most frequent' overall cannot be established. Value semantics are explicitly not established as frequencies."
sample_fa4697f7e726680d,unsupported_behavior,Address or arithmetic setup immediately before signed division.,/candidate_analysis/evidence_analysis/17/assessment,/evidence/top_features/17 and /evidence/occurrences (empty),"Adjacency and the sample-specific division setup are asserted without context. Generic instruction semantics would be fine, but 'immediately before' is not supported."
sample_fa4697f7e726680d,unsupported_certainty,"Highly call- and push-heavy code (PUSH CALL 0.077, CALL PUSH 0.049, LEA PUSH 0.045, MOV PUSH 0.041)",/candidate_analysis/key_indicators/1,/evidence/feature_value_semantics,Treats feature values as code-composition frequencies although they are not established as counts or proportions. Omitted features are unknown.
sample_fa4697f7e726680d,unsupported_behavior,"These are typical of compiler-generated function prologues, epilogues and argument setup in 32-bit style code.",/candidate_analysis/explanation,/evidence/top_features,"The architecture and compiler origin are inferred from mnemonic bigrams alone, with no bitness or extraction context."
sample_ba026afb7ff0dcb3,unsupported_behavior,"The highest-frequency features (PUSH CALL at 0.078818, CALL PUSH at 0.052076, LEA PUSH at 0.044335, MOV PUSH at 0.040816, XOR PUSH at 0.033779) point to a call-heavy, argument-pushing code style.",/candidate_analysis/explanation,"evidence.feature_value_semantics: ""Not established by this artifact; do not treat as raw counts without upstream confirmation""","Treats the feature values as frequencies and infers a code style from them, although the value semantics are explicitly unconfirmed. The ranking also covers only the top-20 subset."
sample_ba026afb7ff0dcb3,unsupported_behavior,High frequency (0.052076) points to a call-dense code structure with stack-passed arguments.,/candidate_analysis/evidence_analysis/3/assessment,evidence.feature_value_semantics; top_features[3].value = 0.052076004445552826,Interprets the value as frequency and infers call density and stack-passed arguments without context.
sample_ba026afb7ff0dcb3,unsupported_certainty,The most frequent n-gram (0.078818) is a basic call-setup pattern. It shows a call-heavy binary,/candidate_analysis/evidence_analysis/16/assessment,evidence.feature_value_semantics; evidence.full_attributions: null,"Claims that it is the most frequent n-gram overall and that the binary is call-heavy. Only the top-20 SHAP subset is shown, and value semantics are unconfirmed."
sample_ba026afb7ff0dcb3,unsupported_behavior,"are ordinary compiler output for stack-based calling conventions, with prologue/epilogue and argument-passing patterns.",/candidate_analysis/explanation,evidence.occurrences: []; evidence.function_context: [],"Asserts that sample-specific n-grams, including PUSH RET and CALL RET, are ordinary compiler output without extraction or function context. This also conflicts with the candidate's own obfuscation/indirection notes for PUSH RET and CALL RET."
sample_ba026afb7ff0dcb3,unsupported_behavior,A call followed directly by a return suggests thin wrapper or thunk functions.,/candidate_analysis/evidence_analysis/0/assessment,evidence.occurrences: []; evidence.function_context: [],Assumes direct adjacency and a wrapper/thunk structure for a graph-aware n-gram without extraction or control-flow evidence.
sample_ba026afb7ff0dcb3,unsupported_certainty,A standard frame-pointer function epilogue. It indicates normal compiled code structure.,/candidate_analysis/evidence_analysis/15/assessment,evidence.occurrences: []; evidence.function_context: [],"Asserts that MOV LEAVE is a normal epilogue and indicates normal code structure for this sample, although it contributes positively toward the target class and no context exists."
sample_7a5dfafe1bb17c70,shap_misrepresentation,the absence of any benign-leaning features support a high-confidence call,/candidate_analysis/explanation,/evidence/top_features; /evidence/full_attributions is null; scope_notes,Only the top-20 positive subset is available; omitted features cannot be ruled out as benign-leaning.
sample_7a5dfafe1bb17c70,unsupported_behavior,"the high frequency of the vector n-grams (MOVQ PUNPCKLQDQ at 0.0070, PXOR MOVDQA at 0.0019)",/candidate_analysis/explanation,/evidence/feature_value_semantics,"The artifact says feature values are not established as counts or frequencies. The values are tiny, and calling them 'high frequency' is unsupported."
sample_7a5dfafe1bb17c70,unsupported_behavior,"Frequent (0.0070) packing of two 64-bit values into a vector register, a hallmark of vectorized 64-bit hash state handling.",/candidate_analysis/evidence_analysis/6/assessment,/evidence/feature_value_semantics,"'Frequent' treats an unconfirmed feature value as frequency, and the hash-state purpose is inferred from the mnemonic alone."
sample_7a5dfafe1bb17c70,unsupported_behavior,"Consecutive 128-bit XORs indicate dense bitwise mixing, typical of hashing inner loops.",/candidate_analysis/evidence_analysis/1/assessment,/evidence/occurrences; /evidence/function_context,"Without occurrence or context data, adjacency, density and inner-loop placement are not established. Mnemonics alone do not show hashing loops."
sample_7a5dfafe1bb17c70,unsupported_behavior,XOR combined with aligned 128-bit loads and stores suggests block-wise processing of scratchpad or state data.,/candidate_analysis/evidence_analysis/2/assessment,/evidence/function_context,Scratchpad processing is an unsupported inference about this sample's behavior from mnemonics.
sample_7a5dfafe1bb17c70,unsupported_crypto,"These suggest 128-bit XOR, 64-bit add and lane packing/unpacking of the kind used in memory-hard hashing state mixing (for example CryptoNight-style AES/Keccak/Blake-like state handling).",/candidate_analysis/explanation,/evidence/top_features; /evidence/function_context,"Specific algorithm families are suggested without any function, constant or API evidence. It is hedged with 'suggest', but remains a specific unsupported inference."
sample_7a5dfafe1bb17c70,unsupported_certainty,The n-grams fall into three clusters typical of hash-based proof-of-work mining code.,/candidate_analysis/explanation,/evidence/top_features,"Generic SIMD, rotate and carry arithmetic does not establish PoW mining code; this is an overconfident characterization."
sample_7a5dfafe1bb17c70,unsupported_behavior,Very rare (0.000004) but strongly weighted; suggests wide-integer arithmetic such as modular or difficulty calculations.,/candidate_analysis/evidence_analysis/15/assessment,/evidence/top_features/15,DIV MUL does not establish difficulty or modular calculations; the claim of rarity depends on unconfirmed feature-value semantics. DIV MUL's SHAP (0.0077) is not particularly 'strongly weighted' relative to the other top features.
sample_7a5dfafe1bb17c70,unsupported_behavior,Address computation followed by aligned vector load or store suggests indexed access to large buffers such as scratchpads.,/candidate_analysis/evidence_analysis/8/assessment,/evidence/function_context,Large-buffer scratchpad access is speculation beyond the mnemonic pair.
sample_f2dc6484d0d6f6f8,shap_misrepresentation,"All 20 of the top n-grams push toward cryptojacking, and none offsets them.",/candidate_analysis/explanation,evidence.top_features; scope_notes; shap_baseline null; full_attributions null,"Only the top-20 subset is available; omitted features may offset these, so 'none offsets them' overreaches. SHAP positives also refer to the configured target class, not verified cryptojacking."
sample_f2dc6484d0d6f6f8,shap_misrepresentation,so the verdict rests on the combined pattern,/candidate_analysis/explanation,evidence.full_attributions null,"With only a top-k subset, the claim that the verdict rests on this combined pattern cannot be established."
sample_f2dc6484d0d6f6f8,unsupported_behavior,"Combining integer-to-double conversion, x87 and SSE operations, and branchless selects with rotates and SIMD is consistent with a compute-heavy mining kernel, such as a CPU-oriented proof-of-work algorithm.",/candidate_analysis/explanation,occurrences: []; function_context: [],"Mnemonic n-grams without occurrence, adjacency or function context do not establish a mining kernel or PoW algorithm; the hedge 'consistent with' only partially mitigates this."
sample_f2dc6484d0d6f6f8,unsupported_crypto,These are typical of hash and cipher round functions and bit mixing.,/candidate_analysis/explanation,top_features (ROL/ROR/SHL n-grams only),Rotate/shift mnemonics alone do not show hash or cipher round functions; the rotate and shift instructions are generic.
sample_f2dc6484d0d6f6f8,unsupported_behavior,"This points to mixed floating-point and integer computation, which is unusual in ordinary code and is seen in FP-based mining or VM-style workloads.",/candidate_analysis/evidence_analysis/1/assessment,top_features FSTP MOV; no context,"Mixed FP/integer code is common in ordinary software, and a link to FP-based mining is unsupported by the evidence."
sample_f2dc6484d0d6f6f8,unsupported_crypto,"Addition feeding a right rotate, the add-rotate-xor structure found in hash functions and stream ciphers.",/candidate_analysis/evidence_analysis/8/assessment,top_features ADD ROR; occurrences: [],"No evidence that an ARX structure is present; the n-gram does not establish a XOR component, adjacency or dataflow ('feeding')."
sample_f2dc6484d0d6f6f8,unsupported_behavior,"Fits mixing scalar arithmetic with SIMD state, as in mining inner loops.",/candidate_analysis/evidence_analysis/4/assessment,top_features ADD MOVQ; no loop context,Asserts a link to mining inner loops without any loop or function evidence.
sample_f2dc6484d0d6f6f8,unsupported_certainty,The consistent crypto-style pattern and the high model probability justify high confidence,/candidate_analysis/explanation,rf_probability_class_1 0.935; feature_value_semantics not established,"A 'consistent crypto-style pattern' is not established from mnemonics, and RF probability is not calibrated confidence or behavioral proof."
sample_f2dc6484d0d6f6f8,shap_misrepresentation,"PXOR MOVUPS (+0.014856, the strongest and also the most frequent at 0.001517)",/candidate_analysis/explanation,/evidence/top_features,"Values are accurate for the listed subset, but 'frequent' treats feature values as frequencies, which the artifact says is not established, and 'most frequent' holds only among the top-20 listed."
sample_300a685c22780d2b,other,Eleven of the 20 n-grams have a reported frequency of 0.000000,/candidate_analysis/explanation,/evidence/top_features (12 entries have value 0.0),"The candidate's own list names 12 zero-valued n-grams, and the evidence shows 12 with value 0.0. The count of 11 is wrong. It is repeated as '11 of 20' in key_indicators."
sample_300a685c22780d2b,unsupported_certainty,"11 of 20 top n-grams have zero frequency, so the SHAP signal is largely absence-driven and non-specific",/candidate_analysis/key_indicators/3,/evidence/feature_value_semantics,"The count is wrong (12 of 20). 'Absence-driven' also treats value 0.0 as verified absence, although the artifact says feature value semantics are not established."
sample_300a685c22780d2b,unsupported_certainty,Absent from the binary.,/candidate_analysis/evidence_analysis/1/assessment,/evidence/top_features/1 and /evidence/feature_value_semantics,A feature value of 0.0 is asserted as true absence from the binary. The artifact explicitly does not establish what the values mean.
sample_300a685c22780d2b,unsupported_behavior,indicate direct Linux system call stubs,/candidate_analysis/explanation,/evidence/top_features/7 and /evidence/top_features/12,"The evidence gives only n-gram names and values. It has no OS, ABI, function context or occurrences to support 'Linux' or the claim that these are stubs."
sample_300a685c22780d2b,unsupported_behavior,"Together they suggest small syscall wrapper routines, consistent with a minimal runtime.",/candidate_analysis/evidence_analysis/12/assessment,/evidence/occurrences and /evidence/function_context (both empty),"Wrapper routines imply adjacency and function structure. Graph-aware n-grams need not be adjacent, and no extraction or context evidence is supplied."
sample_300a685c22780d2b,shap_misrepresentation,so the prediction rests on the accumulated weight of many weak signals,/candidate_analysis/explanation,/evidence/shap_baseline (null) and /evidence/full_attributions (null),"Only a top-20 subset is available, with no baseline or full attributions. The claim cannot establish how the prediction is composed or that omitted features do not matter."
sample_300a685c22780d2b,shap_misrepresentation,No single SHAP contribution exceeds +0.0175,/candidate_analysis/explanation,/evidence/top_features,"The CMOVZ MOV SHAP value is 0.017501879, which marginally exceeds 0.0175. This is a minor numerical imprecision."
sample_5b2d14771f589972,unsupported_behavior,"It indicates a tail call or thunk-like stub, which is structural and not mining-specific.",/candidate_analysis/evidence_analysis/11/assessment,/evidence/top_features/11; /evidence/occurrences is empty; /evidence/function_context is empty,"Graph-aware n-grams need not be adjacent, and no occurrence or context data supports a tail-call or thunk interpretation."
sample_5b2d14771f589972,unsupported_behavior,"It suggests counter or index increments before calls, which is generic loop or argument code.",/candidate_analysis/evidence_analysis/6/assessment,/evidence/top_features/6; /evidence/function_context is empty,"The sample-specific usage ('before calls', loop or argument code) is inferred from mnemonics alone, without extraction or context."
sample_5b2d14771f589972,unsupported_certainty,Most of the evidence is generic compiler-generated stack and calling-convention code,/candidate_analysis/explanation,/evidence/top_features; /evidence/feature_value_semantics,The artifact has no compiler provenance or code context. Frequencies of unestablished semantics cannot show that this sample's code is compiler-generated.
sample_5b2d14771f589972,unsupported_certainty,Most frequent n-gram (0.0505).,/candidate_analysis/evidence_analysis/16/assessment,/evidence/full_attributions is null; /evidence/top_features/16,"Only the top 20 features are supplied, so it cannot be established that PUSH CALL is the most frequent n-gram overall."
sample_2e9b977af6703f3b,shap_misrepresentation,0.005024,/candidate_analysis/evidence_analysis/18/shap_contribution,/evidence/top_features/18/shap_value = 0.007022125324876851,"The POP PUSH SHAP contribution is misreported. 0.005024 is its feature value, not its SHAP value."
sample_2e9b977af6703f3b,other,"Most frequent n-gram (0.030419), the standard argument-then-call pattern.",/candidate_analysis/evidence_analysis/13/assessment,/evidence/feature_value_semantics,The artifact says the values are not established as raw counts or frequencies. Calling PUSH CALL 'most frequent' and others 'rare' or 'frequent' from these values is unsupported.
sample_2e9b977af6703f3b,unsupported_certainty,"All 20 top SHAP features push toward cryptojacking, with no counter-evidence",/candidate_analysis/key_indicators/1,/scope_notes/1,A positive top-k subset cannot show that no omitted feature supports benign. The target-class mapping to cryptojacking is also only a configured assumption.
sample_2e9b977af6703f3b,unsupported_behavior,"A call immediately followed by return, typical of thin wrapper or tail-call functions.",/candidate_analysis/evidence_analysis/6/assessment,/evidence/function_context and /evidence/occurrences (both empty),"Adjacency and function structure are inferred without extraction or context evidence, and graph-aware n-grams need not be adjacent."
sample_a230c33587fce8e4,unsupported_behavior,"have a displayed frequency of 0.000000, so they are rare or absent in the binary",/candidate_analysis/explanation,/evidence/feature_value_semantics,The artifact says feature values are not established as raw counts or frequencies. Inferring rarity or absence in the binary from value 0.0 is unsupported.
sample_a230c33587fce8e4,other,"Most x86-style n-grams (ADD POP, CMOVZ MOV, XOR CALL, AND MOV, CALL ADD, CALL XOR, MOV JZ, CMP JL, XOR XOR, XOR SHL, clz sub.w)",/candidate_analysis/explanation,/evidence/top_features/19,"'clz sub.w' is a Thumb-2-style mnemonic, and the candidate itself lists 'sub.w' and 'clz' as ARM/Thumb elsewhere. Labeling it x86-style is internally inconsistent and inaccurate."
sample_325bbe2a9540080a,unsupported_behavior,A very rare pattern (frequency 0.000254) that suggests tiny wrapper or thunk functions.,/candidate_analysis/evidence_analysis/1/assessment,/evidence/top_features/1; /evidence/function_context,"There is no function context or adjacency evidence, and graph-aware n-grams need not be adjacent. Inferring thunk or wrapper structure is unsupported, and the 'frequency' label is not established by the feature_value_semantics note."
sample_325bbe2a9540080a,unsupported_certainty,TEST JNS (-0.007825) is the only benign-leaning feature,/candidate_analysis/key_indicators/5,/evidence/full_attributions,"Only the top-20 subset is supplied. The claim is unqualified, and omitted features cannot be ruled out as benign-leaning."
sample_325bbe2a9540080a,other,Very rare (frequency 0.000026).,/candidate_analysis/evidence_analysis/11/assessment,/evidence/feature_value_semantics,"The artifact says feature values are not established as counts or frequencies, so presenting them as frequencies is a minor overinterpretation."
sample_64751394f3be26fb,unsupported_behavior,Typical stack cleanup followed by new argument pushes.,/candidate_analysis/evidence_analysis/1/assessment,/evidence/top_features/1; /evidence/occurrences and /evidence/function_context are empty,Assumes an adjacent ADD-then-PUSH stack-cleanup context. No extraction or context evidence supports adjacency or the stack-cleanup role in this sample.
sample_64751394f3be26fb,other,Highest frequency (0.0164) but a generic epilogue or restore pattern.,/candidate_analysis/evidence_analysis/12/assessment,/evidence/feature_value_semantics,"Calls the feature value a 'frequency' and calls the sequence an epilogue pattern, although the artifact says value semantics are not established and no function context is supplied."
sample_815fc7f96fe121ba,unsupported_certainty,The highest-frequency n-grams (MOV PUSH at 0.0376,/candidate_analysis/explanation,/evidence/feature_value_semantics,The artifact states the feature values are not established as counts or frequencies. The candidate treats them as frequencies and bases its 'rare' and 'common' judgments on that reading.
sample_815fc7f96fe121ba,unsupported_behavior,"Rare (0.000054) call immediately followed by return, i.e. a tail-wrapper or thunk-like stub.",/candidate_analysis/evidence_analysis/7/assessment,/evidence/occurrences,"Adjacency and control flow are not established, and there are no occurrences or context. Naming a thunk-like stub is an unsupported structural inference."
sample_815fc7f96fe121ba,unsupported_certainty,It confirms a stack-based calling convention and is generic.,/candidate_analysis/evidence_analysis/9/assessment,/evidence/top_features,A two-instruction n-gram name without context cannot 'confirm' a calling convention. The claim also assumes adjacency.
sample_815fc7f96fe121ba,unsupported_behavior,Saving the flags register and then popping it is uncommon in ordinary compiled code.,/candidate_analysis/evidence_analysis/10/assessment,/evidence/occurrences,"This assumes the PUSHFD and POP instructions are adjacent and paired, and there is no extraction context to show that."
sample_815fc7f96fe121ba,other,"Its contribution is probably driven by overall code-style differences from the benign training distribution, not by a specific malicious function.",/candidate_analysis/evidence_analysis/2/assessment,/evidence/shap_baseline,"No training distribution, baseline or function context is supplied, so the claimed driver of the SHAP contribution is speculative."
sample_45d56d29b641ca5d,other,Each n-gram is individually generic and appears at low relative frequency (3e-6 to 1.3e-3).,/candidate_analysis/explanation,/evidence/feature_value_semantics,The artifact says feature value semantics are not established; calling the values 'relative frequency' is an unsupported interpretation.
sample_45d56d29b641ca5d,unsupported_behavior,"Add-then-rotate is a core pattern in hash and cipher rounds, consistent with proof-of-work hashing.",/candidate_analysis/evidence_analysis/0/assessment,/evidence/top_features/0; /evidence/occurrences (empty); /evidence/function_context (empty),"Ordering and adjacency of a graph-aware n-gram are not supported, and no context shows hash rounds or PoW."
sample_45d56d29b641ca5d,unsupported_behavior,"Consecutive vector XORs, indicating repeated XOR mixing or register clearing common in cryptographic primitives.",/candidate_analysis/evidence_analysis/5/assessment,/evidence/top_features/5; /evidence/occurrences (empty),Consecutiveness and the purpose of the instructions are inferred without extraction or context evidence.
sample_45d56d29b641ca5d,unsupported_certainty,it is extremely rare in this binary,/candidate_analysis/evidence_analysis/17/assessment,/evidence/feature_value_semantics,Rarity in the binary depends on the unconfirmed meaning of the feature value; it cannot be asserted from the artifact.
sample_45d56d29b641ca5d,unsupported_behavior,the very low frequency and high SHAP suggest a distinctive code-layout signature,/candidate_analysis/evidence_analysis/8/assessment,/evidence/top_features/8; /evidence/function_context (empty),A code-layout signature is speculative and rests on the unestablished frequency semantics; no layout evidence was supplied.
sample_45d56d29b641ca5d,unsupported_behavior,Stack and arithmetic sequence typical of function prologues in compute-heavy routines.,/candidate_analysis/evidence_analysis/12/assessment,/evidence/function_context (empty),Assigns prologue and compute-heavy-routine roles to an n-gram with no function context or adjacency evidence.
sample_45d56d29b641ca5d,unsupported_certainty,so the prediction rests on a consistent pattern across many features,/candidate_analysis/explanation,/evidence/full_attributions (null); /scope_notes/1,"Only the top-20 subset is available; omitted features and the baseline are unknown, so the whole prediction cannot be said to rest on this pattern."
sample_45d56d29b641ca5d,unsupported_certainty,justify a high-confidence cryptojacking classification,/candidate_analysis/explanation,/evidence/rf_probability_class_1,"RF probability and mnemonic-level SHAP do not establish high-confidence cryptojacking, and the candidate itself says there is no proof of mining logic. The 0.86 confidence_score has no stated basis."
sample_f81d27dd6e65a59a,other,"have a relative frequency of 0.000000, so they are rare or nearly absent in the binary",/candidate_analysis/explanation,/evidence/feature_value_semantics,The artifact states feature values are not established as counts or frequencies without upstream confirmation. Reading them as relative frequencies and concluding the n-grams are absent from the binary is unsupported. The same assumption recurs in the evidence_analysis entries.
sample_f81d27dd6e65a59a,other,"XOR CMOVNZ, ADD BLX) have a relative frequency of 0.000000",/candidate_analysis/explanation,/evidence/top_features/19/ngram,"The evidence's 'add blx' is lowercase, ARM-style, and the candidate itself calls it ARM-style in evidence_analysis. Listing it among the x86-style n-grams is internally inconsistent."
sample_f81d27dd6e65a59a,unsupported_behavior,"It indicates an indirect call sequence, but the target is not identified in the evidence.",/candidate_analysis/evidence_analysis/19/assessment,/evidence/occurrences,"No operands or occurrence context were supplied. A mnemonic pair alone does not establish that BLX is register-indirect, since BLX can also take an immediate."
sample_7518799f9e8d2ed5,unsupported_certainty,Their SHAP contributions (+0.006800 to +0.011137) come from their absence in this binary,/candidate_analysis/explanation,feature_value_semantics: Not established by this artifact; do not treat as raw counts without upstream confirmation; occurrences: [],"A feature value of 0.0 is read as definite absence in the binary, although the value semantics are unconfirmed and no occurrence data is supplied."
sample_7518799f9e8d2ed5,unsupported_behavior,"XOR XOR and XOR CALL are absent, which argues against a heavy XOR-based hashing routine.",/candidate_analysis/explanation,"top_features XOR XOR value 0.0, XOR CALL value 0.0; occurrences: []; function_context: []","Zero-valued bigram features without extraction context do not establish absence of XOR-based hashing, since other features could be omitted or encoded differently."
sample_7518799f9e8d2ed5,unsupported_behavior,"Stack adjustment followed by an argument push, a generic calling-convention pattern.",/candidate_analysis/evidence_analysis/0/assessment,rubric rule: graph-aware n-grams need not be adjacent; no occurrences or function context supplied,This treats the bigram as directly adjacent instructions in a calling-convention sequence without extraction evidence.
sample_7518799f9e8d2ed5,unsupported_certainty,"The most frequent pattern (0.053506), standard argument preparation.",/candidate_analysis/evidence_analysis/6/assessment,top_features lists only 20 features; full_attributions: null,MOV PUSH is the highest-valued among the listed top-k features only. It cannot be called the most frequent pattern overall when omitted features are unknown.
sample_7518799f9e8d2ed5,unsupported_behavior,"Consecutive calls are absent, so there is no evidence of this pattern.",/candidate_analysis/evidence_analysis/13/assessment,CALL CALL value 0.0; occurrences: [],"This assumes adjacent or consecutive calls and definite absence, which the supplied evidence does not establish."
sample_1ed83e339b20424b,other,All relative frequencies are very low (0.000011 to 0.000594).,/candidate_analysis/explanation,/evidence/feature_value_semantics,The artifact says feature value semantics are not established and the values should not be treated as raw counts. Calling them relative frequencies assumes a meaning the artifact does not give.
sample_1ed83e339b20424b,unsupported_behavior,"Division followed by multiplication suggests big-number or modular arithmetic, or compiler-generated division optimization.",/candidate_analysis/evidence_analysis/2/assessment,/evidence/top_features/2,"Graph-aware n-grams need not be adjacent, and no extraction or context evidence shows the order or adjacency of DIV and MUL. The interpretation of the arithmetic's purpose is also speculative."
sample_1ed83e339b20424b,unsupported_behavior,"This is a generic control-flow pattern, probably a trivial or thunk function.",/candidate_analysis/evidence_analysis/5/assessment,/evidence/top_features/5,"No function context or occurrences were supplied, so inferring a trivial or thunk function is unsupported."
sample_1ed83e339b20424b,unsupported_certainty,The model's malware verdict is probably driven by a combination of weak signals.,/candidate_analysis/explanation,/evidence/full_attributions,Omitted features and the SHAP baseline are unknown (full_attributions and shap_baseline are null). The top-k subset cannot establish what drives the verdict.
sample_627d5fa616d2489b,unsupported_behavior,"All of these occur at relatively high frequency (about 0.0005-0.0013), consistent with vectorized state handling in a hashing loop.",/candidate_analysis/explanation,/evidence/feature_value_semantics,The artifact says feature values are not established as counts or frequencies. A 'hashing loop' is also inferred from mnemonic pairs with no function or control-flow context.
sample_627d5fa616d2489b,unsupported_behavior,"Back-to-back 128-bit aligned moves indicate bulk SIMD data shuffling, consistent with wide-state hashing and memory-heavy mining algorithms.",/candidate_analysis/evidence_analysis/2/assessment,/evidence/occurrences and /evidence/function_context (both empty),"Adjacency ('back-to-back') cannot be inferred without extraction or context evidence, and the n-gram does not show bulk data shuffling or memory-heavy mining algorithms."
sample_627d5fa616d2489b,unsupported_behavior,"Add followed by rotate-right is a typical ARX-style mixing step in hash and cipher rounds, consistent with a mining hash kernel.",/candidate_analysis/evidence_analysis/0/assessment,/evidence/occurrences and /evidence/function_context (both empty),"Instruction order or adjacency is not established, and a mnemonic pair does not establish an ARX hash round or a mining kernel."
sample_627d5fa616d2489b,unsupported_certainty,Together with ADD ROR and MOV ROL it reinforces a hash-round signature.,/candidate_analysis/evidence_analysis/16/assessment,/evidence/top_features (no occurrence or function context),"Treating separate n-grams as parts of one 'ARX pattern' or 'hash-round signature' needs co-location and order evidence, and none was supplied."
sample_627d5fa616d2489b,unsupported_behavior,Likely a thunk or tiny-stub structure.,/candidate_analysis/evidence_analysis/3/assessment,/evidence/function_context (empty),"A specific code-structure interpretation of CALL RET is given with no function-level context. It is hedged, but still unsupported."
sample_e40ee0996ae1f33e,unsupported_certainty,No counter-evidence appears in the list.,/candidate_analysis/explanation,/evidence/top_features; /scope_notes/1,"Only a top-20 positive subset is supplied. Omitted features and baseline are unknown, so it cannot establish the absence of benign-leaning evidence in general."
sample_e40ee0996ae1f33e,unsupported_certainty,and their combination supports a high-confidence cryptojacking call,/candidate_analysis/explanation,/evidence/occurrences; /evidence/function_context,Mnemonic n-grams without context cannot establish cryptojacking. The cited RF probability is not behavioral proof.
sample_e40ee0996ae1f33e,unsupported_behavior,Its very low frequency (0.000002) means it is concentrated in specialized code.,/candidate_analysis/evidence_analysis/0/assessment,/evidence/feature_value_semantics,"Feature value semantics are not established, so treating the value as a frequency is unsupported. Concentration in specialized code is also an unsupported inference."
sample_e40ee0996ae1f33e,unsupported_behavior,which are common in optimized mining kernels,/candidate_analysis/explanation,/evidence/top_features,"Asserts a mining-kernel link from SIMD mnemonics alone, with no adjacency, context or function evidence. These patterns are also common in other SIMD code."
sample_e40ee0996ae1f33e,unsupported_crypto,"Add combined with rotate-right is a classic ARX-style mixing step in hash and cipher rounds, consistent with PoW hashing.",/candidate_analysis/evidence_analysis/3/assessment,/evidence/occurrences,Asserts an ARX hashing interpretation without adjacency or loop context. Graph-aware n-grams need not be adjacent instructions.
sample_e40ee0996ae1f33e,unsupported_behavior,Very rare sequence (frequency 0.000001) that suggests an unusual structure such as tiny stub functions.,/candidate_analysis/evidence_analysis/10/assessment,/evidence/feature_value_semantics; /evidence/function_context,Infers function structure from an unconfirmed feature value and no function context.
sample_7c450442060b4c1e,other,"Eight of the 20 n-grams have a relative frequency of 0.000000 (ADD POP, CMOVZ MOV, CALL ADD, LEA CALL, XOR XOR, TEST JS, XOR CALL).",/candidate_analysis/explanation,"/evidence/top_features (value 0.0 for indices 0, 4, 12, 14, 16, 18, 19)","Only seven features have value 0.0, and the candidate lists seven. The same wrong count recurs in key_indicators. The evidence also says feature_value_semantics is not established, so calling the values 'relative frequency' is unconfirmed."
sample_7c450442060b4c1e,unsupported_certainty,"Their contribution comes from the model treating their absence as a malware signal, not from any observed code pattern.",/candidate_analysis/explanation,/evidence/feature_value_semantics,"The artifact states that feature value semantics are not established, so 0.0 cannot be confirmed as 'absence'. The SHAP mechanism is asserted with unwarranted certainty."
sample_7c450442060b4c1e,unsupported_certainty,"The contribution reflects the model's learned association with the absence of conditional-move code, not observed behavior.",/candidate_analysis/evidence_analysis/4/assessment,/evidence/top_features/4,"Treats a zero value as confirmed absence and claims a learned association. Neither is supported by the artifact, which gives no baseline, no full attributions and no confirmed semantics."
sample_7c450442060b4c1e,unsupported_certainty,The evidence has no rotate/shift-heavy or vectorized sequences and no function-level context that would tie the patterns to mining.,/candidate_analysis/explanation,/scope_notes/1,"Only a top-20 subset is available, so it cannot establish that rotate/shift or vectorized sequences are absent from the sample. The function-context part is supported."
sample_7c450442060b4c1e,unsupported_behavior,"A sign-test branch pattern missing from the binary, with no direct behavioral interpretation.",/candidate_analysis/evidence_analysis/18/assessment,/evidence/top_features/18,"Asserts the pattern is missing from the binary, but value 0.0 has unconfirmed semantics and no extraction or occurrence data is provided."
sample_278749afa08e2066,unsupported_behavior,Common in stripped miners and other malware.,/candidate_analysis/evidence_analysis/2/assessment,/evidence/top_features/2,"No evidence supports prevalence in miners; the sample has no context, function or API information."
sample_278749afa08e2066,unsupported_crypto,A relatively specific crypto-compute indicator.,/candidate_analysis/evidence_analysis/13/assessment,/evidence/top_features/13,"ADD ROR alone does not establish hash or cipher rounds. Adjacency and control flow are not provided, and the n-gram has low individual weight."
sample_278749afa08e2066,unsupported_behavior,"Vector high-half moves after a call, indicating SIMD data handling around function boundaries.",/candidate_analysis/evidence_analysis/11/assessment,/evidence/top_features/11,Infers ordering and function-boundary behavior from a mnemonic pair without occurrences or function context.
sample_278749afa08e2066,unsupported_behavior,"Syscall wrapper ending in return, reinforcing the raw system call usage seen in MOV SYSCALL.",/candidate_analysis/evidence_analysis/16/assessment,/evidence/top_features/16,A 'wrapper' structure is asserted without extraction or context evidence.
sample_278749afa08e2066,unsupported_behavior,"Repeated aligned 128-bit register moves suggest heavy SIMD data shuffling, as in compute-intensive loops.",/candidate_analysis/evidence_analysis/7/assessment,/evidence/top_features/7,Repetition and loops are inferred from a low-weight n-gram; feature value semantics are not established.
sample_278749afa08e2066,unsupported_certainty,"MOVDQA MOVAPS (+0.0112, the most frequent at 0.002233)",/candidate_analysis/explanation,/evidence/feature_value_semantics,"The artifact says feature values must not be treated as raw counts, so 'frequent' and 'frequency' overstate what the value shows."
sample_278749afa08e2066,unsupported_certainty,Bulk memory initialization (LEA STOSQ.REP),/candidate_analysis/key_indicators/6,/evidence/top_features/12,Stated as an observed indicator without the hedge used elsewhere; the instruction pair does not show bulk zeroing occurred.
sample_62615051c4932de0,unsupported_behavior,"They occur at very low frequency (0.000055), which suggests a small, concentrated compute kernel rather than general code.",/candidate_analysis/explanation,/evidence/feature_value_semantics; /evidence/occurrences (empty),"The feature values are not established as counts or frequencies, and there is no location or occurrence data. Low values do not show a concentrated kernel."
sample_62615051c4932de0,unsupported_behavior,PUSH immediately followed by RET is an indirect-jump idiom often seen in obfuscated or packed code. It may point to control-flow obfuscation.,/candidate_analysis/evidence_analysis/5/assessment,/evidence/function_context (empty); /evidence/occurrences (empty),"Adjacency and control flow are not supported. The graph-aware n-grams need not be adjacent, and there is no context to support obfuscation."
sample_62615051c4932de0,unsupported_crypto,Double-precision shift followed by bit test. Rare in ordinary code and suggestive of multi-word or big-integer arithmetic or bit manipulation as used in crypto primitives.,/candidate_analysis/evidence_analysis/3/assessment,/evidence/top_features/3,"SHRD is a double-word, not 'double-precision', shift. The rarity claim and the crypto/big-integer inference are not backed by the supplied evidence."
sample_62615051c4932de0,unsupported_behavior,Its relatively high frequency (0.008507) suggests a sizable SIMD compute region.,/candidate_analysis/evidence_analysis/1/assessment,/evidence/feature_value_semantics,"The artifact does not establish what the value means or any region size, so a 'sizable SIMD compute region' is inferred without context."
sample_62615051c4932de0,unsupported_behavior,Frequent byte/word zero-extension loads (freq 0.026508). Consistent with byte-oriented data processing such as hash input handling or state-table lookups.,/candidate_analysis/evidence_analysis/2/assessment,/evidence/feature_value_semantics,"The value semantics are not established. The hash input handling and state-table lookup interpretation is speculative, though phrased as 'consistent with'."
sample_62615051c4932de0,unsupported_certainty,Treat as a likely cryptominer.,/candidate_analysis/recommended_action,/evidence/rf_probability_class_1; /scope_notes,"RF probability is not behavioral proof. The conclusion is stated more strongly than static mnemonic evidence supports, and it conflicts with the explanation's own caveat."
sample_68adc38657f5ff5e,unsupported_certainty,"Almost every n-gram has a relative frequency of 0.000000, so the features are mostly absent from the binary",/candidate_analysis/explanation,/evidence/feature_value_semantics,The artifact states feature value semantics are not established and should not be treated as raw counts; asserting relative frequency and absence from the binary goes beyond it.
sample_68adc38657f5ff5e,unsupported_certainty,Absent from the binary.,/candidate_analysis/evidence_analysis/1/assessment,/evidence/feature_value_semantics,"Repeats the same unconfirmed interpretation of value 0.0 as absence, applied to each zero-valued n-gram."
sample_68adc38657f5ff5e,shap_misrepresentation,the high score comes from many weak contributions adding up,/candidate_analysis/explanation,/evidence/full_attributions and /evidence/shap_baseline (both null),"Only a top-20 subset is supplied with no baseline or full attributions, so the origin of the 0.955 probability cannot be attributed to many weak contributions."
sample_68adc38657f5ff5e,shap_misrepresentation,their SHAP contributions reflect the model's learned association with absence rather than observed behavior,/candidate_analysis/explanation,/evidence/top_features,Presented as fact although the meaning of the 0.0 feature values is unconfirmed and the target-class assumption is flagged for upstream verification.
sample_8c39f8d5f3ee4fd3,unsupported_behavior,A call immediately followed by a return suggests thin wrapper or trampoline functions.,/candidate_analysis/evidence_analysis/0/assessment,/evidence/top_features/0; /evidence/occurrences; /evidence/function_context,"Adjacency and function structure are inferred from a mnemonic pair, but occurrences and function_context are empty and graph-aware n-grams need not be adjacent."
sample_8c39f8d5f3ee4fd3,unsupported_behavior,"A push followed by a return can act as an indirect jump or control-flow redirection. It is unusual compared with normal compiler output, so it is mildly notable",/candidate_analysis/evidence_analysis/1/assessment,/evidence/top_features/1; /evidence/occurrences,It assumes adjacency and asserts the pattern is unusual for this sample without any context. It is not conditional and is repeated as a key indicator.
sample_8c39f8d5f3ee4fd3,unsupported_behavior,suggest a stack-based calling convention with frequent short calls,/candidate_analysis/explanation,/evidence/feature_value_semantics; /evidence/top_features/16,The artifact says feature values must not be treated as raw counts. 'Frequent short calls' is inferred from them without function or extraction evidence.
sample_8c39f8d5f3ee4fd3,unsupported_behavior,Standard function epilogue with frame teardown. It is generic and indicates frame-pointer-based code.,/candidate_analysis/evidence_analysis/12/assessment,/evidence/top_features/12; /evidence/function_context,"Asserting an actual epilogue and frame-pointer-based code requires adjacency and function context, which are absent."
sample_f7848105fb396c69,unsupported_certainty,"Nineteen of the 20 n-grams have a relative frequency of 0.000000, and 'or nor' is only 0.000056.",/candidate_analysis/explanation,/evidence/feature_value_semantics,"The artifact says feature value semantics are not established and should not be treated as raw counts without upstream confirmation. Calling them 'relative frequency' is an unsupported interpretation, though the numbers are accurate."
sample_f7848105fb396c69,unsupported_behavior,"The n-grams are generic x86/x64 compiler idioms: call/stack-frame patterns (ADD POP, PUSH SUB, CALL ADD, LEA CALL, XOR CALL, CALL XOR)",/candidate_analysis/explanation,/evidence/occurrences,"No occurrences, adjacency, or function context are supplied, so labeling these as stack-frame or call patterns in this sample is an inference. Graph-aware n-grams need not be adjacent."
sample_f7848105fb396c69,unsupported_behavior,Function prologue and stack frame allocation. Generic and non-discriminating.,/candidate_analysis/evidence_analysis/6/assessment,/evidence/function_context,Asserts a specific role for PUSH SUB in this sample without function context or adjacency evidence. Similar sample-specific role assertions appear for ADD POP and others.
sample_89a5d92cdb2a747b,unsupported_certainty,"the n-gram frequencies are very low, from 0.000001 to 0.001183, so these patterns are a tiny fraction of the code. A dedicated miner would normally show a heavy concentration of mixing-round instructions.",/candidate_analysis/explanation,/evidence/feature_value_semantics,The artifact says feature-value semantics are not established and the values should not be treated as raw counts. The 'tiny fraction of the code' conclusion and the comparison with a miner's expected concentration are unsupported.
sample_89a5d92cdb2a747b,unsupported_behavior,Very low n-gram frequencies (0.000001 to 0.001183) argue against a dedicated mining loop,/candidate_analysis/key_indicators/3,/evidence/feature_value_semantics,This draws a behavioral inference about mining loops from values whose meaning is unconfirmed. Mnemonic n-grams do not establish or exclude loops.
sample_89a5d92cdb2a747b,other,The most frequent rotate-related n-gram (0.001113).,/candidate_analysis/evidence_analysis/11/assessment,/evidence/top_features/14,"XOR ROL, which also contains ROL, has a larger value (0.0011828) than ADD ROL (0.0011128). The candidate itself later calls XOR ROL the most frequent n-gram in the list."
sample_89a5d92cdb2a747b,unsupported_behavior,Aligned SSE load followed by a bitwise AND mask,/candidate_analysis/evidence_analysis/0/assessment,/evidence/occurrences,"Adjacency and load/store roles are inferred, but graph-aware n-grams need not be adjacent. No occurrence or context evidence was supplied."
sample_89a5d92cdb2a747b,unsupported_behavior,SIMD XOR followed by an unaligned store.,/candidate_analysis/evidence_analysis/4/assessment,/evidence/occurrences,"The n-gram names do not show that MOVUPS is a store, or that the instructions are adjacent or ordered as stated."
sample_89a5d92cdb2a747b,unsupported_behavior,"Consecutive opposing rotates, typical of multi-rotation mixing in hash algorithms.",/candidate_analysis/evidence_analysis/10/assessment,/evidence/occurrences,Consecutiveness is asserted without extraction or context evidence for adjacency or control flow.
sample_89a5d92cdb2a747b,unsupported_crypto,"Rotate followed by byte extraction, as in table-lookup or S-box style cipher steps.",/candidate_analysis/evidence_analysis/8/assessment,/evidence/function_context,"The mnemonics alone do not support a table-lookup or S-box interpretation, and no function context was provided."
sample_e91e2bdebfe458ac,other,meaning they are essentially absent or appear only once,/candidate_analysis/explanation,/evidence/feature_value_semantics,"The artifact says feature values must not be treated as raw counts, so it cannot support 'relative frequency' or 'appear only once'."
sample_e91e2bdebfe458ac,unsupported_certainty,"Their SHAP contributions therefore reflect model artifacts, not clear behavior.",/candidate_analysis/explanation,"/evidence/top_features/0, /evidence/top_features/6, /evidence/top_features/18","This asserts the cause of the SHAP attributions as fact. The evidence only shows zero-valued features with positive SHAP, and neither a cause nor SHAP baseline/context is supplied."
sample_e91e2bdebfe458ac,unsupported_behavior,They reflect ordinary function prologues and epilogues and call sequences found in nearly all compiled code.,/candidate_analysis/explanation,"/evidence/function_context, /evidence/occurrences","No function context or occurrences are supplied, and graph-aware n-grams need not be adjacent, so the prologue/epilogue role is not shown for this sample."
sample_e91e2bdebfe458ac,unsupported_behavior,"Its relatively higher frequency reflects normal compiled code, so its contribution is weak, non-specific evidence.",/candidate_analysis/evidence_analysis/3/assessment,/evidence/top_features/3,A value of 0.000308 and the semantics of that value do not establish that the n-gram reflects normal compiled code.
sample_e91e2bdebfe458ac,unsupported_certainty,"Standard function epilogue. It indicates compiler-generated code, not malicious intent.",/candidate_analysis/evidence_analysis/4/assessment,/evidence/top_features/4,"A mnemonic pair does not establish compiler origin or absence of malicious intent, and this feature has a positive SHAP toward class 1."
sample_e91e2bdebfe458ac,unsupported_behavior,CALL XOR (+0.006557) and XOR CALL fit the same mixing and obfuscation pattern,/candidate_analysis/explanation,"/evidence/top_features/17, /evidence/top_features/6","Mnemonics alone do not establish mixing or obfuscation, and no context is supplied. The candidate later gives an ordinary register-zeroing reading."
sample_e91e2bdebfe458ac,unsupported_certainty,which is only modestly above the decision threshold,/candidate_analysis/explanation,/evidence/rf_probability_class_1,No decision threshold is supplied. Only rf_prediction=1 and probability 0.635 are given.
sample_6c880c488d45fc8e,unsupported_behavior,"suggest a call-heavy, stack-argument-passing code style",/candidate_analysis/explanation,/evidence/feature_value_semantics,"This infers code style from feature values whose semantics are explicitly not established. It is not known that they are frequencies or raw counts, and no occurrence or function context is supplied."
sample_6c880c488d45fc8e,unsupported_behavior,A call immediately followed by a return suggests thin wrapper or thunk functions,/candidate_analysis/evidence_analysis/2/assessment,/evidence/occurrences,"This asserts adjacency and wrapper/thunk structure. The supplied evidence has no occurrences or function context, and graph-aware n-grams need not be adjacent instructions."
sample_6c880c488d45fc8e,unsupported_certainty,A single low-frequency occurrence is not strong evidence.,/candidate_analysis/evidence_analysis/5/assessment,/evidence/feature_value_semantics,"This presumes a single occurrence of PUSH RET. The value 1.66e-05 is not established as a count, and no occurrences are listed."
sample_6c880c488d45fc8e,unsupported_behavior,Counter increment followed by a push is a generic loop or argument-setup pattern.,/candidate_analysis/evidence_analysis/0/assessment,/evidence/occurrences,"This assumes adjacency and a counter role for INC without extraction or context evidence. It is hedged, but it is still a sample-specific interpretation."
sample_3b00d1ea0fb89ec2,unsupported_behavior,meaning they are rare or absent in the binary,/candidate_analysis/explanation,/evidence/feature_value_semantics,"The artifact states that feature value semantics are not established and should not be treated as raw counts, so the rarity/absence inference is unsupported."
sample_3b00d1ea0fb89ec2,unsupported_certainty,It likely reflects model learning from the training distribution.,/candidate_analysis/evidence_analysis/1/assessment,/evidence/top_features/1,"No training-distribution information is supplied, so this causal explanation is speculative."
sample_3b00d1ea0fb89ec2,unsupported_behavior,typically stack adjustment after a cdecl call,/candidate_analysis/evidence_analysis/8/assessment,/evidence/top_features/8,"No calling convention or context is given, and 'typically' asserts a specific interpretation without evidence."
sample_1de1a0f17178ce95,other,Every n-gram has a reported relative frequency of 0.000000,/candidate_analysis/explanation,/evidence/feature_value_semantics,The evidence gives value 0.0 but states the semantics are not established and must not be treated as counts. Calling it a 'relative frequency' asserts an unestablished meaning.
sample_1de1a0f17178ce95,shap_misrepresentation,"The conditional-move patterns (CMOVZ MOV, CMP CMOVZ, XOR CMOVNZ) are the top-ranked features",/candidate_analysis/explanation,/evidence/top_features,"Only CMOVZ MOV is rank 1. XOR CMOVNZ is rank 12 and CMP CMOVZ is rank 16, so the group is not 'the top-ranked features'."
sample_ad8222ae969fe9e1,unsupported_certainty,so no feature pushes toward benign,/candidate_analysis/explanation,/scope_notes/1; /evidence/full_attributions,Only the top 20 features are shown; omitted features could push toward benign.
sample_ad8222ae969fe9e1,unsupported_behavior,Frequent (0.008547),/candidate_analysis/evidence_analysis/1/assessment,/evidence/feature_value_semantics,The artifact says feature values must not be treated as raw counts or frequencies without upstream confirmation.
sample_ad8222ae969fe9e1,unsupported_behavior,High-frequency (0.026846),/candidate_analysis/evidence_analysis/2/assessment,/evidence/feature_value_semantics,The value is described as a frequency although its semantics are unestablished.
sample_ad8222ae969fe9e1,unsupported_behavior,are vectorized masking and XOR sequences. This is consistent with hash-function inner loops,/candidate_analysis/explanation,/evidence/occurrences; /evidence/function_context,"No occurrence or function context shows loops or hashing. Mnemonic pairs cannot establish inner loops, and adjacency is not established."
sample_ad8222ae969fe9e1,unsupported_behavior,They resemble the rotate-add-xor rounds and multi-word shifts of hash and big-integer arithmetic.,/candidate_analysis/explanation,/evidence/top_features,This infers specific algorithm structure from mnemonic n-grams without context.
sample_ad8222ae969fe9e1,unsupported_behavior,Unusual control-flow idiom (push then return) that can indicate computed jumps or obfuscation.,/candidate_analysis/evidence_analysis/5/assessment,/evidence/occurrences,The 'push then return' reading assumes adjacency and control flow. The graph-aware n-gram need not be adjacent and no context is provided.
sample_ad8222ae969fe9e1,unsupported_behavior,"Call followed directly by a push, a routine call-site pattern.",/candidate_analysis/evidence_analysis/6/assessment,/evidence/occurrences,This asserts direct adjacency without extraction evidence.
sample_ad8222ae969fe9e1,unsupported_behavior,the crypto-like compute patterns appear together,/candidate_analysis/explanation,/evidence/occurrences; /evidence/function_context,No evidence shows that the n-grams co-occur in the same function or region.
sample_ad8222ae969fe9e1,shap_misrepresentation,the SHAP attribution is unanimous,/candidate_analysis/explanation,/evidence/top_features,"Unanimity is shown only within the top-20 subset, with no full attributions or baseline."
sample_ad8222ae969fe9e1,shap_misrepresentation,Top contributor.,/candidate_analysis/evidence_analysis/0/assessment,/evidence/top_features,This is correct for the supplied top-k list but is not verifiable globally without full attributions.
sample_dfe820f7b1f84dcf,unsupported_behavior,which is typical of hash or memory-hard proof-of-work loops,/candidate_analysis/explanation,evidence/top_features (n-gram mnemonics only; occurrences and function_context are empty),"Mnemonic n-grams alone do not establish hashing, proof-of-work or loops. Graph-aware n-grams need not be adjacent and no control-flow context is supplied."
sample_dfe820f7b1f84dcf,unsupported_behavior,are the most frequent features and indicate heavy byte-level table lookups or data extraction,/candidate_analysis/explanation,evidence/top_features: ADD MOVZX value 0.014019 vs MOVDQA PAND 0.016792; feature_value_semantics not established,"ADD MOVZX is not among the most frequent listed features. The artifact does not establish what the values mean, so 'heavy' lookups cannot be inferred."
sample_dfe820f7b1f84dcf,unsupported_behavior,Indicates structured SIMD buffer or scratchpad access.,/candidate_analysis/evidence_analysis/15/assessment,evidence/top_features LEA MOVDQA; no occurrences or function_context,A scratchpad or buffer access pattern is asserted from a mnemonic pair with no memory-operand or context evidence.
sample_dfe820f7b1f84dcf,unsupported_certainty,support a high-confidence cryptojacking assessment,/candidate_analysis/explanation,scope_notes: a positive top-k subset is not all features; baseline and omitted features unknown,The unanimous positive direction of the top 20 does not rule out omitted benign-supporting features. RF probability and mnemonic patterns do not justify a high-confidence cryptojacking conclusion.
sample_dfe820f7b1f84dcf,unsupported_certainty,Treat as a likely cryptominer.,/candidate_analysis/recommended_action,evidence/rf_probability_class_1 and absence of behavioral evidence,"RF probability is not behavioral proof, and the cryptominer label is stated more firmly than the evidence supports."
sample_ac4ad98721b56971,unsupported_behavior,Common at 4.8% frequency.,/candidate_analysis/evidence_analysis/3/assessment,/evidence/feature_value_semantics,"The artifact says feature values are not established as counts or frequencies, so calling them frequencies is unsupported."
sample_ac4ad98721b56971,unsupported_behavior,Frequent (4.0%) argument setup for calls.,/candidate_analysis/evidence_analysis/8/assessment,/evidence/feature_value_semantics,"Same issue: the value 0.04 is read as a frequency and as actual argument setup, without upstream confirmation or code context."
sample_ac4ad98721b56971,unsupported_behavior,These show heavy push-based argument passing and short call/return stubs,/candidate_analysis/explanation,/evidence/occurrences,"Occurrences and function context are empty. Argument passing and stubs are inferred from non-adjacent n-gram names, which may not be adjacent instructions."
sample_ac4ad98721b56971,unsupported_behavior,typical of compiled 32-bit code,/candidate_analysis/explanation,/evidence/top_features,No evidence establishes the architecture or compiler origin of the sample.
sample_38d757a92dd10a5a,unsupported_behavior,"Add followed by rotate-right is a classic ARX/hash round primitive (SHA-2 or similar), consistent with proof-of-work hashing.",/candidate_analysis/evidence_analysis/0/assessment,"/evidence/top_features/0 (ADD ROR; no occurrences, adjacency or context)","The graph-aware n-gram need not be adjacent, and a mnemonic pair does not establish SHA-2 or a hash round."
sample_38d757a92dd10a5a,unsupported_behavior,"A decrement-and-branch loop counter pattern is consistent with tight iterative loops, such as repeated hash rounds.",/candidate_analysis/evidence_analysis/19/assessment,/evidence/top_features/19 (DEC JZ; no control-flow context),Loop structure and hash-round repetition are inferred from two mnemonics without extraction or context evidence.
sample_38d757a92dd10a5a,unsupported_behavior,"Extremely rare control-flow pattern, likely a tiny stub function.",/candidate_analysis/evidence_analysis/18/assessment,/evidence/top_features/18 (CALL RET; function_context empty),A stub function is asserted without function or adjacency evidence.
sample_38d757a92dd10a5a,unsupported_behavior,"This mix of rotations, XOR, and multi-word carry arithmetic is typical of hash and cipher inner loops (e.g., ARX-style mixing) and big-integer math, which are the core of proof-of-work mining.",/candidate_analysis/explanation,/evidence/top_features; /evidence/occurrences (empty),"Inner loops and ARX mixing are inferred from non-contextual n-gram names, then linked to mining."
sample_38d757a92dd10a5a,unsupported_certainty,the breadth and consistency of the crypto-like arithmetic signals across many independent features make this a strong indicator,/candidate_analysis/explanation,/scope_notes/1; /evidence/feature_value_semantics,"Independence of features is unestablished, the n-gram values are tiny with unknown semantics, and only a top-k subset is visible. Certainty is overstated."
sample_b42b30542a55908a,unsupported_behavior,"Several of the strongest features have very low frequencies, so the model is keying on rare, specific instruction combinations.",/candidate_analysis/explanation,/evidence/feature_value_semantics,"The artifact says the feature values are not established as counts or frequencies, so rarity cannot be inferred from them."
sample_b42b30542a55908a,unsupported_behavior,Very low frequency suggests a specialized code region.,/candidate_analysis/evidence_analysis/0/assessment,/evidence/feature_value_semantics; /evidence/occurrences (empty),"The value semantics are unconfirmed and no occurrence or location context was supplied, so no specialized code region can be inferred."
sample_b42b30542a55908a,unsupported_behavior,Very rare adjacency of call and return.,/candidate_analysis/evidence_analysis/10/assessment,/evidence/occurrences (empty); /evidence/function_context (empty),"The n-gram may be graph-aware and non-adjacent, and there is no extraction evidence for adjacency or rarity."
sample_b42b30542a55908a,unsupported_behavior,"These suggest vectorized XOR/AND/add operations on 128-bit blocks, as in optimized mining kernels.",/candidate_analysis/explanation,/evidence/top_features,"Mnemonic pairs alone do not establish the operand widths, data blocks or mining kernels. No code context was supplied."
sample_b42b30542a55908a,unsupported_certainty,"Taken together, the rotate/shift/XOR arithmetic and SIMD logic mix match cryptographic hashing kernels and agree with the model's maximal malware probability.",/candidate_analysis/explanation,/evidence/top_features; /evidence/rf_probability_class_1,"Only 2-gram mnemonic associations are available, so a match to hashing kernels is not verified. RF probability is not behavioral proof, and the same patterns occur in other code."
sample_b42b30542a55908a,unsupported_certainty,high-confidence,/candidate_analysis/tier,/evidence/rf_probability_class_1; /scope_notes,"The tier and the 0.9 confidence_score rest on the RF probability alone. The evidence has no behavioral, API or function context, and omitted features, the baseline and the target-class source are unverified."
sample_5865774f3107059a,other,"Nine of the 20 n-grams have a relative frequency of 0.000000 (ADD POP, CMOVZ MOV, XOR XOR, XOR CALL, CMP JL, XOR SHL, LEA CALL, SUB MOV)",/candidate_analysis/explanation,/evidence/top_features,"Only eight features have value 0.0, and the candidate's own list names eight. The artifact also says feature values should not be treated as raw counts or frequencies without upstream confirmation."
sample_5865774f3107059a,other,"Nine of the top 20 n-grams have zero frequency, so their influence comes from absence rather than observed code",/candidate_analysis/key_indicators/2,/evidence/top_features,"The count is wrong, since eight features have value 0.0. Reading zero values as 'absence' and 'frequency' assumes semantics the artifact says are not established."
sample_5865774f3107059a,unsupported_certainty,"The most frequent n-gram (12.9%), typical of argument setup before calls.",/candidate_analysis/evidence_analysis/2/assessment,/evidence/top_features/2,"MOV PUSH has value 0.1289 and is the largest value only within the top-20 SHAP subset. Omitted features are unknown, and the percentage assumes the value is a relative frequency."
sample_5865774f3107059a,unsupported_certainty,Common function-prologue/register-shuffling pattern at 4.6% frequency.,/candidate_analysis/evidence_analysis/0/assessment,/evidence/feature_value_semantics,"The artifact says the value 0.04596 is not established as a frequency or count, so '4.6% frequency' is an unsupported interpretation. The same issue recurs in other per-feature percentages."
sample_a9a92d22066e9aa2,unsupported_behavior,"which indicates repeated, loop-like execution of this pattern",/candidate_analysis/evidence_analysis/2/assessment,feature_value_semantics: Not established by this artifact; do not treat as raw counts without upstream confirmation; occurrences and function_context are empty,"The feature value is not confirmed as frequency, and static n-gram statistics cannot show loop-like execution."
sample_a9a92d22066e9aa2,unsupported_behavior,which fits a compute-intensive hashing loop,/candidate_analysis/explanation,occurrences: []; function_context: [],"The sample provides no loop, control-flow or function evidence. Mnemonic n-grams alone do not establish a hashing loop."
sample_a9a92d22066e9aa2,unsupported_crypto,An add followed by a rotate-right is the classic add-rotate-xor pattern of ARX hash designs.,/candidate_analysis/evidence_analysis/2/assessment,ngram: ADD ROR (graph-aware n-grams need not be adjacent; no extraction or context evidence),"It assumes adjacency and an XOR step that is not in the n-gram, and it attributes a specific algorithm family to the mnemonics."
sample_a9a92d22066e9aa2,unsupported_behavior,A call immediately followed by a return indicates very small stub or thunk functions.,/candidate_analysis/evidence_analysis/4/assessment,ngram: CALL RET; function_context: [],It infers immediate adjacency and stub/thunk structure without function context or extraction evidence.
sample_a9a92d22066e9aa2,shap_misrepresentation,so it is a sparse but highly discriminative marker,/candidate_analysis/evidence_analysis/0/assessment,MOV ROL shap_value 0.00997 vs. other top features 0.0058-0.0092; shap_baseline and full_attributions are null,"The SHAP gap to other top-k features is small, and nothing supports 'highly discriminative' beyond a slightly larger value."
sample_a9a92d22066e9aa2,unsupported_certainty,The consistency of all 20 features and the high model probability still support a high-confidence tier.,/candidate_analysis/explanation,scope_notes: a positive top-k subset is not all features; RF probability is not behavioral proof,"It treats consistency within a top-k subset as strengthening confidence, although omitted features are unknown and the RF probability is not calibrated confidence."
sample_a9a92d22066e9aa2,unsupported_certainty,Treat as a likely cryptojacker and prioritize it for deeper analysis.,/candidate_analysis/recommended_action,"Evidence limited to mnemonic n-grams; no strings, API or function context","'Likely cryptojacker' is stronger than the static n-gram evidence supports, though the recommended checks themselves are appropriate."
sample_dceba878e56e03c2,unsupported_behavior,which indicates sustained use of these instruction patterns rather than incidental occurrences,/candidate_analysis/explanation,/evidence/feature_value_semantics,"Feature values are explicitly not established as counts or frequencies, and no occurrences or context were provided, so sustained use is unsupported."
sample_dceba878e56e03c2,unsupported_behavior,suggesting sustained compute loops,/candidate_analysis/key_indicators/4,/evidence/feature_value_semantics,"Loops are inferred from values of unknown semantics, with no control-flow or occurrence evidence."
sample_dceba878e56e03c2,unsupported_certainty,the binary is classified as high-confidence cryptojacking,/candidate_analysis/explanation,/evidence/rf_probability_class_1,RF probability and a top-k SHAP subset are not behavioral proof; this certainty conflicts with its own stated limitation that legitimate libraries could produce the signature.
sample_dceba878e56e03c2,unsupported_crypto,These are consistent with ARX-style (add-rotate-xor) round functions used in hash and cipher primitives.,/candidate_analysis/explanation,/evidence/top_features,Non-adjacent graph n-gram mnemonics do not establish ARX round functions; no extraction or context evidence supports it.
sample_dceba878e56e03c2,unsupported_behavior,The frequency of 0.000915 suggests repeated use.,/candidate_analysis/evidence_analysis/1/assessment,/evidence/feature_value_semantics,"Treats the value as a frequency implying repeated use, although the semantics are unconfirmed."
sample_dceba878e56e03c2,unsupported_crypto,"Consecutive 128-bit XORs, consistent with state mixing or register zeroing in vectorized hashing rounds.",/candidate_analysis/evidence_analysis/1/assessment,/evidence/top_features/1,Asserts consecutive instructions and hashing rounds without adjacency or context evidence.
sample_dceba878e56e03c2,shap_misrepresentation,"Given the unanimous SHAP direction, the breadth of the evidence and the 1.0 model probability",/candidate_analysis/explanation,/evidence/top_features,"Unanimity holds only within the top-k subset; omitted features and baseline are unknown, and the target class source is an unverified assumption."
sample_dceba878e56e03c2,shap_misrepresentation,All 20 top n-grams push the Random Forest toward cryptojacking,/candidate_analysis/explanation,/evidence/top_features,"Accurate for the top 20, but it is used as breadth of evidence for the whole sample, which the subset cannot establish."
sample_dceba878e56e03c2,shap_misrepresentation,but the pattern is highly discriminative,/candidate_analysis/evidence_analysis/0/assessment,/evidence/top_features,Discriminative power is inferred from the SHAP rank of a single feature; this is not supported by the supplied evidence.
sample_2ab5543a7282ebab,unsupported_behavior,The very low frequencies of the top-ranked n-grams (about 0.000014) mean they come from only a few instruction instances.,/candidate_analysis/explanation,/evidence/feature_value_semantics,"The artifact says feature values are not established as raw counts, so inferring few instruction instances is unsupported. The ~0.000014 value itself is accurate."
sample_2ab5543a7282ebab,unsupported_behavior,"Consecutive additions, the most frequent n-gram listed (0.008903).",/candidate_analysis/evidence_analysis/19/assessment,/evidence/top_features/19/value,"0.008903 is the largest value among the listed top-k, but 'consecutive additions' presumes adjacency, which graph-aware n-grams do not establish. 'Most frequent' also treats value as frequency, which is unconfirmed."
sample_04626a1c28eafd11,unsupported_behavior,likely reflecting many small functions or the code structure the model associates with this malware family,/candidate_analysis/evidence_analysis/0/assessment,/evidence/top_features/0; /evidence/function_context,No function context or family information is supplied; a malware family association and 'many small functions' are not supported.
sample_04626a1c28eafd11,unsupported_behavior,aligned 128-bit loads followed by bitwise AND indicate SIMD-based data masking,/candidate_analysis/evidence_analysis/1/assessment,/evidence/top_features/1; /evidence/occurrences,"Adjacency or sequence is assumed without extraction evidence (graph-aware n-grams need not be adjacent), and 'data masking' is inferred from mnemonics alone."
sample_04626a1c28eafd11,unsupported_behavior,Indicates floating-point-to-index handling,/candidate_analysis/evidence_analysis/19/assessment,/evidence/top_features/19,The use of the converted value as an index is inferred from mnemonics and assumed adjacency with no context.
sample_04626a1c28eafd11,unsupported_certainty,"the model's unanimous, high-confidence signal",/candidate_analysis/explanation,/evidence/rf_probability_class_1,"Only a probability of 1.0 is given; per-tree agreement is not shown, and RF probability is not calibrated confidence or behavioral proof."
sample_807b85885eedd96f,unsupported_certainty,"PXOR MOVUPS (+0.01285, the highest frequency at 0.001149)",/candidate_analysis/explanation,"/evidence/top_features: MOVUPS-related values; XOR ADC 0.00040, PXOR MOVUPS 0.00115; feature_value_semantics","Among the top-20 list it is the largest value, but omitted features are unknown and the value semantics (frequency vs. other) are not established; 'highest frequency' is overstated."
sample_807b85885eedd96f,unsupported_behavior,This combination is consistent with a tight bit-mixing or state-scrambling loop of the kind found in hashing and mining kernels.,/candidate_analysis/explanation,"/evidence/occurrences, /evidence/function_context (both empty)","No occurrence, adjacency or loop/control-flow context is provided; mnemonics alone do not establish a loop or hashing/mining kernel."
sample_807b85885eedd96f,unsupported_behavior,Frequency of 0.000403 indicates repeated use.,/candidate_analysis/evidence_analysis/4/assessment,/evidence/feature_value_semantics,Feature values are not established as counts; a tiny value cannot show repeated use.
sample_807b85885eedd96f,unsupported_behavior,Back-to-back x87 stores indicate sustained FPU use. They support the presence of an x87 numeric workload.,/candidate_analysis/evidence_analysis/17/assessment,"/evidence/occurrences (empty), /evidence/feature_value_semantics",Graph-aware n-grams need not be adjacent and no execution evidence is given; sustained use and workload are asserted without support.
sample_807b85885eedd96f,unsupported_certainty,together fit a compute-heavy hashing workload,/candidate_analysis/explanation,/evidence (only mnemonic n-grams; no APIs/strings/function context),"A hashing workload is inferred from generic mnemonic n-grams with no corroborating context, despite the caveat."
sample_807b85885eedd96f,unsupported_behavior,"Vector load followed by XOR, the reverse ordering of the top n-gram. Together they indicate repeated load-XOR-store vector patterns.",/candidate_analysis/evidence_analysis/13/assessment,/evidence/occurrences (empty); no store n-gram in top features,No store instruction or repetition evidence is present; the load-XOR-store pattern is inferred.
sample_807b85885eedd96f,shap_misrepresentation,0.01261,/candidate_analysis/evidence_analysis/1/shap_contribution,/evidence/top_features,N-gram 'FSTP MOV': reported SHAP=0.01261; input=0.012606738288551744; tolerance=5e-07
sample_3479128a401ee419,unsupported_behavior,which suggests the sample contains code disassembled for more than one instruction set,/candidate_analysis/explanation,/evidence/top_features; no extraction/context evidence provided,"Mixed-case mnemonic names alone do not establish multi-architecture content. This could be an extraction or labeling artifact, and no extraction context is supplied."
sample_3479128a401ee419,unsupported_behavior,suggesting code for more than one instruction set,/candidate_analysis/key_indicators/2,/evidence/top_features; /evidence/function_context is empty,This repeats the unsupported architecture inference; the evidence does not confirm multiple instruction sets.
sample_3479128a401ee419,unsupported_behavior,confirm which architecture or architectures the ELF actually contains,/candidate_analysis/recommended_action,/evidence (no file format information),"The ELF format is asserted as a fact about the sample, but no file-format evidence is supplied."
sample_3479128a401ee419,unsupported_certainty,"This is often a register-zeroing idiom before a function call, so it is probably benign structure.",/candidate_analysis/evidence_analysis/4/assessment,/evidence/top_features/4; no adjacency or operand context,"The n-gram is positive toward class 1, and the 'probably benign' conclusion is inferred without operand or context evidence. Graph-aware n-grams need not be adjacent."
sample_3479128a401ee419,unsupported_behavior,"It has the highest frequency in the list (0.001080), which suggests byte-wise data processing or buffer writes.",/candidate_analysis/evidence_analysis/6/assessment,/evidence/feature_value_semantics,"The evidence states feature values must not be treated as raw counts or confirmed frequencies, and the behavioral inference about byte-wise processing is unsupported."
sample_8a5d2d4d464c2813,unsupported_behavior,"A call immediately followed by a return suggests thin wrapper or stub functions, which fits unusual or obfuscated control flow.",/candidate_analysis/evidence_analysis/0/assessment,/evidence/occurrences; /evidence/function_context,"No occurrence or adjacency evidence is supplied. Graph-aware n-grams need not be adjacent, so wrapper/stub functions and obfuscated control flow are not established."
sample_8a5d2d4d464c2813,unsupported_behavior,A push followed by a return is an indirect-jump or return-address manipulation idiom.,/candidate_analysis/evidence_analysis/1/assessment,/evidence/occurrences; /evidence/top_features/1,This asserts a specific idiom for the sample without extraction or context evidence of adjacency or control flow.
sample_8a5d2d4d464c2813,unsupported_behavior,"Heavy push/call argument-staging density: PUSH CALL, CALL PUSH, MOV PUSH, LEA PUSH",/candidate_analysis/key_indicators/3,/evidence/feature_value_semantics,"Feature values are low (about 0.04 to 0.08) and their semantics are not established as counts or density, so 'heavy density' and 'argument staging' are unsupported."
sample_8a5d2d4d464c2813,unsupported_certainty,The most frequent listed pattern (0.078612).,/candidate_analysis/evidence_analysis/16/assessment,/evidence/feature_value_semantics,The artifact says not to treat values as raw counts or frequencies without upstream confirmation; the candidate labels them frequencies.
sample_8a5d2d4d464c2813,unsupported_behavior,Address or arithmetic computation feeding an integer division.,/candidate_analysis/evidence_analysis/17/assessment,/evidence/occurrences,Data flow into IDIV and instruction adjacency are inferred from a bigram name alone.
sample_8a5d2d4d464c2813,unsupported_behavior,Return-value setup before returning.,/candidate_analysis/evidence_analysis/4/assessment,/evidence/occurrences,"Assumes a MOV that sets a return value immediately before RET, which is not supported by supplied context."
sample_16ad8765713cc8e1,other,Thirteen of the 20 n-grams have a frequency of 0.000000,/candidate_analysis/explanation,/evidence/top_features,"Only 12 of the 20 listed features have value 0.0, and the candidate itself lists 12 names. SYSCALL RET is nonzero (0.000903). The 'frequency' label is also not established by the artifact."
sample_16ad8765713cc8e1,other,"13 of 20 n-grams have a frequency of 0.000000, so their contributions likely reflect absence rather than observed code",/candidate_analysis/key_indicators/2,/evidence/top_features,"The count is wrong (12, not 13). The absence-based interpretation is hedged, but feature_value_semantics are not established."
sample_16ad8765713cc8e1,unsupported_behavior,"Together with MOV SYSCALL, it points to a small syscall wrapper.",/candidate_analysis/evidence_analysis/16/assessment,/evidence/occurrences,"The artifact has no occurrences or function context, so adjacency of the two n-grams and a wrapper structure cannot be inferred from mnemonics alone."
sample_16ad8765713cc8e1,unsupported_certainty,so the score comes from many weak signals rather than one decisive pattern,/candidate_analysis/explanation,/evidence/full_attributions,"Only a positive top-20 subset is available. full_attributions and shap_baseline are null, so omitted features cannot be ruled out."
sample_54b34ac63e2db48b,unsupported_behavior,It is often seen in obfuscated or packed code and suggests deliberate control-flow manipulation.,/candidate_analysis/evidence_analysis/4/assessment,/evidence/top_features/4; /evidence/occurrences; /evidence/function_context,"No occurrence or function context is supplied, and graph-aware n-grams need not be adjacent. Deliberate control-flow manipulation cannot be inferred from the PUSH RET mnemonic pair."
sample_54b34ac63e2db48b,unsupported_behavior,"A call immediately followed by a return suggests thunks, trampolines or stub-like code.",/candidate_analysis/evidence_analysis/8/assessment,/evidence/top_features/8; /evidence/occurrences; /evidence/function_context,Adjacency and stub or trampoline structure are asserted without extraction or context evidence.
sample_54b34ac63e2db48b,unsupported_certainty,together indicate heavy SSE/AVX XOR and vector data movement of the kind seen in hashing and cipher inner loops,/candidate_analysis/explanation,"/evidence/top_features/0,1,5,10; /evidence/feature_value_semantics",Feature values are tiny (about 3e-05 to 1.4e-04) with undefined semantics. 'Heavy' usage and an inner-loop interpretation are not established by the artifact.
sample_54b34ac63e2db48b,unsupported_certainty,Dense SIMD XOR/move patterns,/candidate_analysis/key_indicators/1,"/evidence/top_features/0,1,5,10; /evidence/feature_value_semantics",Density is not established. The values are very small and not confirmed as counts or frequencies.
sample_54b34ac63e2db48b,unsupported_behavior,A subtract followed by add-with-carry indicates multi-precision arithmetic.,/candidate_analysis/evidence_analysis/12/assessment,/evidence/top_features/12; /evidence/occurrences,"The mnemonic pair alone does not establish multi-precision arithmetic in this sample, and adjacency is not supported."
sample_54b34ac63e2db48b,unsupported_certainty,Treat as likely cryptojacking malware,/candidate_analysis/recommended_action,/evidence/rf_probability_class_1; /evidence/shap_target_class_source,"RF probability and top-k SHAP are not behavioral proof, and the evidence has no strings, imports, or function context. The target-class mapping is itself an unverified configured assumption."
sample_f2544ea09862f41a,unsupported_behavior,"Typical call-return-then-setup flow. Generic, and it indicates many small function calls.",/candidate_analysis/evidence_analysis/6/assessment,/evidence/top_features/6; /evidence/occurrences; /evidence/function_context,Only a CALL PUSH n-gram value is supplied; no occurrences or function context support call-return flow or many small function calls.
sample_f2544ea09862f41a,unsupported_behavior,A call immediately followed by a return suggests thunk or wrapper functions. It may reflect code structure typical of packed or obfuscated code but is not conclusive.,/candidate_analysis/evidence_analysis/8/assessment,/evidence/top_features/8; /evidence/ngram_size,"Adjacency and thunk/wrapper structure are inferred from a mnemonic pair without extraction context. It is hedged, but obfuscation is nonetheless suggested."
sample_f2544ea09862f41a,unsupported_behavior,They suggest argument-heavy call sequences and prologue/epilogue patterns,/candidate_analysis/explanation,/evidence/occurrences; /evidence/function_context,Call-sequence and prologue/epilogue structure is inferred from push-centric n-grams without control-flow or context evidence.
sample_56d291e29ab5c007,other,"Eight of the 20 n-grams have a frequency of 0.000000 (ADD POP, CMOVZ MOV, CALL ADD, LEA CALL, XOR XOR, TEST JS, XOR CALL)",/candidate_analysis/explanation,"/evidence/top_features (value 0.0 for ADD POP, CMOVZ MOV, CALL ADD, LEA CALL, XOR XOR, TEST JS, XOR CALL)","Only seven top features have value 0.0, and the candidate itself lists seven. The count of eight is not supported."
sample_56d291e29ab5c007,other,"Eight of the 20 n-grams have zero frequency, so their influence rests on absence rather than observed behavior",/candidate_analysis/key_indicators/4,/evidence/top_features,"It repeats the incorrect count of eight. The evidence shows 7 zero-valued features, and the feature value semantics are explicitly unconfirmed."
sample_56d291e29ab5c007,unsupported_behavior,Call-then-argument-setup glue code at low frequency (0.003953).,/candidate_analysis/evidence_analysis/3/assessment,/evidence/occurrences and /evidence/function_context (both empty),"It asserts a sample-specific adjacent call-then-argument-setup structure. No occurrences or context are supplied, and graph-aware n-grams need not be adjacent. This is minor overreach."
sample_5e53f45d5d07cadf,unsupported_behavior,These reflect common function epilogue/prologue and calling-convention patterns,/candidate_analysis/explanation,"occurrences: [], function_context: []",Asserts what the n-grams reflect without extraction or context; graph-aware n-grams need not be adjacent instructions.
sample_5e53f45d5d07cadf,unsupported_behavior,Counter-decrement-and-branch loop idiom.,/candidate_analysis/evidence_analysis/7/assessment,No occurrences or control-flow context supplied,"Presents DEC JZ as a loop idiom, but adjacency and control flow are not established by the artifact."
sample_5e53f45d5d07cadf,unsupported_certainty,"The frequencies are also low (mostly around 0.001 or less), which indicates no dominant computational kernel.",/candidate_analysis/explanation,feature_value_semantics: Not established by this artifact; do not treat as raw counts,Draws a behavioral inference from feature values whose semantics are explicitly unconfirmed.
sample_28d03b263c3381de,unsupported_crypto,"This is consistent with 128-bit state handling in hash or cipher inner loops, such as the XOR-heavy memory-hard mixing used by CryptoNight-style miners.",/candidate_analysis/explanation,/evidence/top_features; /evidence/function_context is empty; /evidence/occurrences is empty,Mnemonic bigrams do not establish inner loops or a specific miner algorithm; no loop or function context is supplied.
sample_28d03b263c3381de,unsupported_crypto,"These resemble ARX-style mixing, multi-word arithmetic and bit packing found in hashing primitives (for example Keccak, Blake or Skein-like rounds).",/candidate_analysis/explanation,/evidence/top_features,"Naming specific hash families is an algorithm inference from mnemonics alone, not evidence."
sample_28d03b263c3381de,unsupported_behavior,"Taken together, the dense mix of vector XOR, 64-bit lane shuffling and rotate/add mixing fits the compute profile of a mining hash kernel.",/candidate_analysis/explanation,/evidence/feature_value_semantics; /evidence/function_context is empty,A mining kernel is inferred without function or behavioral evidence; 'dense' is also unsupported because the value semantics are not established.
sample_28d03b263c3381de,unsupported_behavior,"Consecutive 128-bit XORs, as seen in unrolled cryptographic rounds, including the memory-hard mixing used by some miners.",/candidate_analysis/evidence_analysis/1/assessment,/evidence/function_context is empty; /evidence/occurrences is empty,Consecutiveness and unrolled rounds are asserted without adjacency or control-flow evidence; graph-aware n-grams need not be adjacent.
sample_28d03b263c3381de,unsupported_behavior,suggesting repeated block-wise transformation of large state buffers.,/candidate_analysis/evidence_analysis/2/assessment,/evidence/top_features[2],Repeated transformation of large buffers is not supported by a single mnemonic pair or by the value semantics.
sample_28d03b263c3381de,unsupported_behavior,consistent with indexed access to a scratchpad or lookup buffer in a compute kernel.,/candidate_analysis/evidence_analysis/8/assessment,/evidence/top_features[8],Scratchpad access is inferred from LEA MOVDQA without context.
sample_28d03b263c3381de,unsupported_certainty,"Even so, the number of independent features that agree, together with the model's maximal probability, supports a high-confidence call.",/candidate_analysis/explanation,/evidence/rf_probability_class_1; /scope_notes,"Treats the RF probability and agreement among a positive top-k subset as strong support, though neither is behavioral proof and the features are not independent. Omitted features are unknown."
sample_971db65bccabb2b5,unsupported_certainty,The n-grams fall into three groups that match the compute profile of mining and hashing code.,/candidate_analysis/explanation,/evidence/top_features; /evidence/function_context is empty,"Mnemonic pairs alone do not establish mining or hashing; no context, functions or occurrences are supplied. The matching is an overreaching interpretation."
sample_971db65bccabb2b5,unsupported_behavior,Together they indicate repeated ARX round structure.,/candidate_analysis/evidence_analysis/7/assessment,"/evidence/top_features (ADD ROL, ROL ADD); /evidence/occurrences is empty","No evidence of repetition, adjacency or an XOR component. Two n-grams cannot show a round structure."
sample_971db65bccabb2b5,unsupported_behavior,Together they indicate a load-XOR-store mixing cycle.,/candidate_analysis/evidence_analysis/13/assessment,"/evidence/top_features (PXOR MOVUPS, MOVUPS PXOR)",Operand direction (load vs store) and a cycle are not shown by the mnemonics or by any control-flow/extraction context. The wording is also inconsistent with the PXOR MOVAPS/MOVUPS descriptions.
sample_971db65bccabb2b5,unsupported_behavior,Unaligned SIMD XOR and store.,/candidate_analysis/evidence_analysis/1/assessment,/evidence/top_features (PXOR MOVUPS),"MOVUPS can be a load or a store, and the evidence gives no operand direction, so asserting a store is unsupported."
sample_971db65bccabb2b5,unsupported_behavior,A compare adjacent to a rotate suggests round-counter loop control around rotate-based computation.,/candidate_analysis/evidence_analysis/15/assessment,/evidence/top_features (CMP ROL); /evidence/function_context is empty,Adjacency and loop control are inferred without extraction or context evidence. Graph-aware n-grams need not be adjacent.
sample_971db65bccabb2b5,unsupported_certainty,No n-gram pushes the other way.,/candidate_analysis/explanation,/evidence/full_attributions is null; /scope_notes/1,"Only the top-20 positive subset is supplied. Omitted features may include negative SHAP values, so the statement is unsupported as a general claim."
sample_971db65bccabb2b5,unsupported_certainty,Treat the sample as a likely cryptojacker and quarantine it.,/candidate_analysis/recommended_action,/evidence/rf_probability_class_1; /evidence/feature_value_semantics,An RF probability from static n-grams is not behavioral proof and is not a calibrated confidence. The 'likely cryptojacker' judgment rests on association alone.
sample_b4096116e3e636c3,unsupported_certainty,"Several features have a frequency of 0.000000 (CMOVZ MOV, XOR CMOVNZ, MOV JZ), so they are absent from the binary.",/candidate_analysis/explanation,/evidence/feature_value_semantics,"The artifact says not to treat values as raw counts or frequencies without upstream confirmation, so a value of 0.0 does not establish absence from the binary."
sample_b4096116e3e636c3,unsupported_certainty,"Frequency is 0, so the pattern is absent.",/candidate_analysis/evidence_analysis/10/assessment,/evidence/feature_value_semantics,The same inference of absence from an undefined feature value is repeated. The XOR CMOVNZ and MOV JZ entries (indexes 15 and 17) make the same claim.
sample_b4096116e3e636c3,other,The most influential feature and relatively frequent (0.003096).,/candidate_analysis/evidence_analysis/0/assessment,/evidence/top_features/0/value,Describing the value as a 'frequency' is not supported because the value semantics are unestablished. It is also unclear that 0.003096 is 'relatively frequent'.
sample_46774858a7684e15,unsupported_certainty,Most of the n-grams have a relative frequency of 0.000000,/candidate_analysis/explanation,/evidence/feature_value_semantics,The artifact says feature value semantics are not established and the values should not be treated as raw counts; calling them relative frequencies is unsupported.
sample_46774858a7684e15,unsupported_behavior,"Frequency 0.0, so the code is essentially absent.",/candidate_analysis/evidence_analysis/0/assessment,/evidence/top_features/0/value,"A zero feature value is read as absence of code, but value semantics and extraction are unconfirmed, so this is a sample-specific claim without grounding."
sample_46774858a7684e15,unsupported_behavior,MOV SYSCALL and SYSCALL RET (both 0.000903) indicate direct system call stubs,/candidate_analysis/explanation,"/evidence/top_features/10, /evidence/top_features/16","Mnemonic pairs do not establish a syscall stub, and the occurrences/function_context lists are empty. Graph-aware n-grams need not be adjacent."
sample_46774858a7684e15,unsupported_behavior,Together with MOV SYSCALL it indicates a small syscall wrapper.,/candidate_analysis/evidence_analysis/16/assessment,/evidence/function_context,"Combining two n-grams into a wrapper function assumes adjacency and co-location, but no context or occurrences are supplied."
sample_46774858a7684e15,unsupported_behavior,"The n-grams actually present (LEAVE RET, MOV LEAVE, XOR MOV, CALL ADD, SUB MOV) are generic compiler idioms",/candidate_analysis/key_indicators/2,/evidence/occurrences,Compiler origin and idiom roles are asserted for this sample without any extraction or function context.
sample_46774858a7684e15,unsupported_certainty,"Most top n-grams have a relative frequency of 0.0, so their influence reflects absence-based model associations and not observed code",/candidate_analysis/key_indicators/1,"/evidence/feature_value_semantics, /evidence/shap_baseline","Stated flatly as fact, whereas the explanation elsewhere says only 'likely'. Value semantics, baseline and full attributions are unavailable to confirm the mechanism."
sample_46774858a7684e15,unsupported_behavior,"Zeroing a register before a call is a common idiom, so it provides no direct evidence.",/candidate_analysis/evidence_analysis/7/assessment,/evidence/top_features/7,The XOR CALL n-gram does not show that the XOR zeroes a register or that it relates to the call.
sample_1cba6559ab974dc1,unsupported_behavior,"Address computation feeding a carry-add, consistent with multi-precision arithmetic loops.",/candidate_analysis/evidence_analysis/3/assessment,/evidence/top_features/3; occurrences and function_context are empty,"A loop and data-flow ('feeding') relationship is inferred from a bigram with no adjacency, extraction or control-flow context."
sample_1cba6559ab974dc1,unsupported_behavior,"Repeated decrements, likely loop counters or unrolled loop bookkeeping.",/candidate_analysis/evidence_analysis/13/assessment,/evidence/top_features/13; function_context is empty,Loop usage is inferred from a mnemonic pair alone.
sample_1cba6559ab974dc1,unsupported_behavior,"Often follows PMOVMSKB in string routines, so likely benign runtime code.",/candidate_analysis/evidence_analysis/14/assessment,/evidence/top_features/14 and /evidence/top_features/7; no occurrences or adjacency data,Benign string-routine origin is inferred without any evidence that BSF MOV follows PMOVMSKB in this sample.
sample_1cba6559ab974dc1,unsupported_behavior,"Shows the binary uses AVX-optimized code paths, which are common in both benign and miner code.",/candidate_analysis/evidence_analysis/8/assessment,/evidence/top_features/8,"The n-gram only shows an AVX mnemonic pair, not established optimized code paths."
sample_74abbec0f10febde,unsupported_certainty,19 of them have a relative frequency of 0.000000. Only 'or nor' has a non-zero frequency (0.000048).,/candidate_analysis/explanation,/evidence/feature_value_semantics,The artifact says feature value semantics are not established and should not be treated as raw counts without upstream confirmation. Labeling the values 'relative frequency' asserts an unconfirmed interpretation. The numbers themselves are correct.
sample_6e3319d21be7e217,shap_misrepresentation,No n-gram opposes the prediction.,/candidate_analysis/explanation,/evidence/full_attributions is null; /scope_notes/1 says omitted features are unknown,"Only the top 20 attributions are supplied, so absence of opposing features across all features cannot be established."
sample_6e3319d21be7e217,unsupported_certainty,The most frequent n-gram (0.026630).,/candidate_analysis/evidence_analysis/2/assessment,/evidence/feature_value_semantics; /evidence/top_features,"Value semantics are not established as counts or frequencies, and only the top-20 subset is visible, so 'most frequent' overall is unsupported."
sample_6e3319d21be7e217,unsupported_behavior,"It indicates heavy byte or word extraction and zero-extension, consistent with table lookups or byte-wise data processing.",/candidate_analysis/evidence_analysis/2/assessment,/evidence/top_features/2; /evidence/occurrences is empty; /evidence/function_context is empty,"Asserts sample-specific behavior ('heavy' extraction, lookup-style processing) from a mnemonic pair and an uncertain feature value, with no occurrence or context evidence."
sample_6e3319d21be7e217,unsupported_behavior,Aligned 128-bit load followed by a bitwise AND at relatively high frequency (0.008712).,/candidate_analysis/evidence_analysis/1/assessment,/evidence/top_features/1; /evidence/feature_value_semantics; /rules (graph-aware n-grams need not be adjacent),"Assumes adjacency, load semantics and frequency meaning that the extraction evidence does not establish."
sample_3006476a0632ee51,unsupported_behavior,Every n-gram has a relative frequency of 0.000000,/candidate_analysis/explanation,/evidence/feature_value_semantics,"The artifact says feature value semantics are not established and must not be treated as counts, so labeling them 'relative frequency' asserts an unconfirmed meaning."
sample_3006476a0632ee51,unsupported_behavior,"All n-gram frequencies are 0.000000, with no function-level locations provided",/candidate_analysis/key_indicators/3,/evidence/feature_value_semantics,The same unverified frequency interpretation of the 'value' field is repeated as a key indicator.
sample_3006476a0632ee51,shap_misrepresentation,"the SHAP contributions are small and evenly spread, so the model's verdict comes from many weak signals rather than a distinctive signature",/candidate_analysis/explanation,/evidence/full_attributions,"Only a top-20 subset is available, with no baseline and no full attributions, so the claim cannot rule out omitted features of any size. Describing the whole verdict as many weak signals overreaches."
sample_3006476a0632ee51,unsupported_behavior,"Register zeroing before a call, a very common compiler idiom.",/candidate_analysis/evidence_analysis/2/assessment,/evidence/occurrences,"No occurrences or operand context are supplied. Graph-aware n-grams need not be adjacent, and an XOR cannot be shown to be a zeroing idiom without operands."
sample_65b1bb1615bbeb81,unsupported_certainty,Overall the evidence supports a high-confidence cryptojacking classification,/candidate_analysis/explanation,/evidence/rf_probability_class_1; /evidence/function_context; /evidence/occurrences,"The RF probability is not behavioral proof and no occurrences or function context exist. The evidence supports a model-level malware/class-1 prediction, not a high-confidence cryptojacking finding."
sample_65b1bb1615bbeb81,unsupported_certainty,0.82,/candidate_analysis/confidence_score,/evidence/rf_probability_class_1,No supplied evidence calibrates or justifies this numeric confidence. It is neither the RF probability of 1.0 nor derived from SHAP values.
sample_65b1bb1615bbeb81,unsupported_behavior,"A generic control-flow pattern, probably a thin wrapper or tail stub.",/candidate_analysis/evidence_analysis/2/assessment,/evidence/top_features/2; /evidence/function_context,No function context or adjacency evidence supports the claim that this n-gram is a wrapper or stub.
sample_65b1bb1615bbeb81,unsupported_behavior,"it is among the more frequent rotate-related features, which supports repeated round-function-like operations",/candidate_analysis/evidence_analysis/7/assessment,/evidence/feature_value_semantics; /evidence/occurrences,"Feature value semantics are not established and no occurrences or loops are provided, so repeated round-function behavior cannot be inferred from a 0.000127 value."
sample_2d0f9c36fc7c3281,unsupported_behavior,This suggests an AVX data-processing loop.,/candidate_analysis/evidence_analysis/13/assessment,/evidence/top_features/13; /evidence/occurrences; /evidence/function_context,"A loop is inferred from a bigram's frequency with no occurrence, adjacency or control-flow evidence."
sample_2d0f9c36fc7c3281,unsupported_certainty,Together they support a high-confidence cryptojacking assessment,/candidate_analysis/explanation,/evidence/rf_probability_class_1; /evidence/feature_value_semantics; /evidence/full_attributions,"RF probability is not behavioral proof, and top-k mnemonic features with unknown value semantics and omitted features do not support high confidence for cryptojacking."
sample_2d0f9c36fc7c3281,unsupported_crypto,Rotate then add is the classic ARX round structure used in many hash and stream-cipher algorithms.,/candidate_analysis/evidence_analysis/9/assessment,/evidence/top_features/9,"A ROL ADD bigram, without any context, does not establish an ARX round structure or a cryptographic algorithm."
sample_2d0f9c36fc7c3281,unsupported_crypto,"These indicate bulk XOR and vector-register data movement, typical of memory-hard or vectorized hashing kernels.",/candidate_analysis/explanation,/evidence/top_features/0-4,"Bigram presence does not show bulk operations or a hashing kernel, and nothing supports the memory-hard claim."
sample_2d0f9c36fc7c3281,unsupported_certainty,Treat as likely cryptojacking malware.,/candidate_analysis/recommended_action,/evidence/rf_probability_class_1,"The static n-gram evidence does not verify cryptojacking, so ""likely"" overstates it relative to the candidate's own caveat."
sample_5279e83b624beaba,other,Every n-gram has a relative frequency of 0.000000,/candidate_analysis/explanation,/evidence/feature_value_semantics,"The artifact gives value 0.0 and says its semantics are not established, so it cannot be treated as a relative frequency or count."
sample_5279e83b624beaba,other,"Relative frequencies are all 0.000000 and no function locations are given, so no pattern can be tied to a specific routine",/candidate_analysis/key_indicators/4,/evidence/feature_value_semantics,It repeats the unsupported relative-frequency interpretation of the feature values.
sample_5279e83b624beaba,shap_misrepresentation,"Branchless conditional-move patterns (CMOVZ MOV, CMP CMOVZ, XOR CMOVNZ) rank at the top",/candidate_analysis/key_indicators/3,/evidence/top_features,"Only CMOVZ MOV is first. XOR CMOVNZ is 12th and CMP CMOVZ is 16th of 20, so they do not rank at the top."
sample_c640fe38a39890da,unsupported_behavior,Nineteen of the 20 n-grams have a reported relative frequency of 0.000000,/candidate_analysis/explanation,/evidence/feature_value_semantics,The artifact says feature value semantics are not established and the values should not be treated as raw counts. Labeling them 'relative frequency' asserts unconfirmed semantics.
sample_c640fe38a39890da,unsupported_behavior,An XOR (often register zeroing or mixing) immediately before a call.,/candidate_analysis/evidence_analysis/2/assessment,/evidence/occurrences,"There are no occurrences, extraction details or context establishing that the n-gram instructions are adjacent. Graph-aware n-grams need not be adjacent."
sample_c640fe38a39890da,unsupported_behavior,Call followed by pointer or stack adjustment.,/candidate_analysis/evidence_analysis/5/assessment,/evidence/function_context,The explanation asserts ordering and purpose for CALL ADD without any occurrence or function context.
sample_088481e144f98eaa,unsupported_certainty,"it occurs at a frequency of 0.000014, which is roughly a single occurrence",/candidate_analysis/explanation,/evidence/feature_value_semantics,"The artifact says feature values are not established as raw counts, so equating the value with a single occurrence is unsupported."
sample_088481e144f98eaa,unsupported_certainty,"Nothing here shows the dense, repeated rotate/XOR/shift structure or the AES-NI-style instructions one would expect from a mining kernel.",/candidate_analysis/explanation,/evidence/scope_notes/1,"Only the top 20 n-grams are available, and the omitted features are unknown, so the absence of these structures in the sample cannot be established."
sample_088481e144f98eaa,unsupported_behavior,"the classic vectorized strlen/memchr/strchr pattern. It indicates standard library string scanning, not mining.",/candidate_analysis/evidence_analysis/15/assessment,/evidence/top_features/15,"The mnemonic pair alone does not establish the routine's purpose, and ruling out mining is not supported without function context."
sample_088481e144f98eaa,unsupported_behavior,"Frequent bit-manipulation idioms (AND SHR, AND SAR, DEC DEC) indicate repetitive integer computation",/candidate_analysis/key_indicators/2,/evidence/top_features,"Mnemonic n-grams do not establish repetitive computation or loops, and no occurrence, function or control-flow context is supplied."
sample_ced1c311da610232,unsupported_behavior,SIMD XOR followed by an aligned 128-bit move.,/candidate_analysis/evidence_analysis/1/assessment,evidence.occurrences=[]; evidence.function_context=[]; rules: do not infer adjacency or control flow,"The evidence gives only an n-gram name and no extraction context, so adjacency or order of the instructions in the sample is not established."
sample_ced1c311da610232,unsupported_behavior,Integer-to-double conversion followed by register clearing.,/candidate_analysis/evidence_analysis/6/assessment,evidence.occurrences=[]; evidence.function_context=[],"The sequential ""followed by"" reading and the ""register clearing"" role are inferred without occurrence or context evidence."
sample_ced1c311da610232,unsupported_certainty,likely reflects a compiler or code-layout trait the model associates with the malware class.,/candidate_analysis/evidence_analysis/3/assessment,"evidence.top_features[3] (POP SUB, shap 0.00701); no function context","The cause of the feature's SHAP contribution is speculation, and ""epilogue/stack-adjustment"" is asserted without context."
sample_ced1c311da610232,other,its frequency (0.000406) means it contributes meaningfully to the model score.,/candidate_analysis/evidence_analysis/8/assessment,evidence.feature_value_semantics: not established; do not treat as raw counts,"The artifact does not establish that values are frequencies. The claim that the value causes the contribution is also unsupported, since SHAP here is comparable across features with very different values."
sample_ced1c311da610232,unsupported_certainty,so the verdict rests on a broad pattern.,/candidate_analysis/explanation,scope_notes[1]: omitted features and SHAP baseline unknown; top-k is not all features,"With only 20 attributions shown and no baseline or full attributions, the claim that the verdict rests on a broad pattern cannot be established."
sample_80b3edc799737703,unsupported_certainty,all 20 top n-grams push toward cryptojacking,/candidate_analysis/explanation,/evidence/shap_target_class_source,"SHAP signs are positive for the configured target class 1, but the target-class source is an unverified assumption, so 'toward cryptojacking' is stated with more certainty than supported (class 1 is elsewhere equated with malware)."
sample_80b3edc799737703,unsupported_behavior,"A real mining kernel would normally produce a dense, repeated instruction pattern, and nothing here shows that.",/candidate_analysis/explanation,/evidence/feature_value_semantics,"Feature values are explicitly not established as raw counts or relative frequencies, so concluding that there is no dense compute-kernel signature rests on an unconfirmed semantic. The text also reports them as 'relative frequency'."
sample_80b3edc799737703,unsupported_behavior,Common function-epilogue pattern with no inherent crypto meaning.,/candidate_analysis/evidence_analysis/1/assessment,/evidence/function_context,Calling 'ADD POP' a function epilogue is an interpretation of code structure without function context or disassembly evidence. It is a mild overreach.
sample_c648e8ecb8f80522,unsupported_behavior,A call immediately followed by a return suggests thunk or trampoline-like stubs or non-standard control flow.,/candidate_analysis/evidence_analysis/0/assessment,evidence.top_features[0]; occurrences and function_context are empty,Adjacency and control-flow structure are inferred without extraction or context evidence. The n-gram may be non-adjacent.
sample_c648e8ecb8f80522,unsupported_behavior,Push followed by return is an indirect-jump idiom often seen in obfuscated or packed code. It is a structural anomaly that supports the malware classification.,/candidate_analysis/evidence_analysis/1/assessment,evidence.top_features[1]; no occurrences or function context,"Obfuscation or packing is inferred from a mnemonic pair alone, and the 'structural anomaly' is asserted without context."
sample_c648e8ecb8f80522,unsupported_behavior,"Together they suggest dense, small-function, call-heavy code with frequent argument pushing, and unusual return constructs such as PUSH RET and CALL RET.",/candidate_analysis/explanation,evidence.top_features; function_context empty,"Code structure (small functions, unusual return constructs) is inferred without extraction or context evidence, and the feature values have unconfirmed semantics."
sample_c648e8ecb8f80522,unsupported_behavior,"A value is loaded just before return, which marks small leaf functions.",/candidate_analysis/evidence_analysis/4/assessment,evidence.top_features[4]; no function context,Asserts sample-specific leaf-function structure from a mnemonic pair without any function-level data.
sample_c648e8ecb8f80522,unsupported_behavior,Pop followed by a call can indicate position-independent or dynamically resolved call sequences. It supports the anomalous control-flow profile.,/candidate_analysis/evidence_analysis/10/assessment,evidence.top_features[10]; no control-flow evidence,An 'anomalous control-flow profile' for this sample is asserted without context or adjacency evidence.
sample_c648e8ecb8f80522,unsupported_certainty,"Unusual return and indirect-control-flow idioms: CALL RET (+0.017692), PUSH RET (+0.015819), MOV RET (+0.014537)",/candidate_analysis/key_indicators/2,"evidence.top_features[0,1,4]","Presents the unverified control-flow and indirect-jump interpretation as a key indicator of the sample, though only the n-gram names and SHAP values are supplied."
sample_e09fad809503a9db,unsupported_certainty,They are common in nearly all compiled x86 code and are not cryptomining signatures.,/candidate_analysis/explanation,/evidence/top_features,"A prevalence claim about this sample's code or the wider corpus, with no supplied evidence of corpus frequency or compiler context. It is a plausible general statement, but stated with certainty."
sample_e09fad809503a9db,unsupported_behavior,typical of 32-bit cdecl or stdcall code,/candidate_analysis/evidence_analysis/8/assessment,/evidence/top_features/8,Architecture and calling convention are inferred from the MOV PUSH mnemonic alone; no bitness or ABI evidence is supplied.
sample_e09fad809503a9db,unsupported_behavior,PUSH followed by RET is atypical of normal compiler output and can indicate a push-ret indirect jump or control-flow obfuscation.,/candidate_analysis/evidence_analysis/1/assessment,/evidence/top_features/1,"This assumes adjacency and control flow, although graph-aware n-grams need not be adjacent and no extraction context is supplied. Hedged with ""can"", but it still leans toward obfuscation."
sample_e09fad809503a9db,unsupported_behavior,It shows frame-pointer-based functions and is not suspicious by itself.,/candidate_analysis/evidence_analysis/12/assessment,/evidence/top_features/12,"MOV LEAVE is stated to show frame-pointer-based functions as established fact, without function context or occurrence evidence."
sample_e09fad809503a9db,unsupported_certainty,At this frequency it is more likely idiomatic zeroing.,/candidate_analysis/evidence_analysis/9/assessment,/evidence/feature_value_semantics,"The inference relies on the feature value being a frequency, but feature-value semantics are explicitly not established (do not treat as raw counts without upstream confirmation)."
sample_ce6b9dffc2d425a6,unsupported_certainty,"The highest-frequency ones are stack and calling-convention patterns: MOV PUSH (0.0586), PUSH CALL (0.0443)",/candidate_analysis/explanation,/evidence/feature_value_semantics,The artifact says feature values must not be treated as raw counts or frequencies without upstream confirmation; the explanation repeatedly calls them frequencies.
sample_ce6b9dffc2d425a6,unsupported_certainty,The most frequent n-gram (5.9%).,/candidate_analysis/evidence_analysis/8/assessment,/evidence/top_features/8,"Only the top 20 SHAP-ranked n-grams are shown, so 'most frequent' overall and the percentage reading of the value are unsupported."
sample_ce6b9dffc2d425a6,unsupported_behavior,"A call directly followed by a return, i.e. a thin wrapper or tail-call stub.",/candidate_analysis/evidence_analysis/2/assessment,/evidence/function_context,"No occurrences or function context are supplied, so adjacency and a wrapper/stub structure cannot be inferred for this sample."
sample_ce6b9dffc2d425a6,unsupported_behavior,"These are typical of compiled 32-bit code that pushes arguments before calls, and they appear in nearly all software.",/candidate_analysis/explanation,/evidence/occurrences,"The 32-bit architecture and the sample's argument-pushing behaviour are inferred from mnemonics alone, with no extraction context."
sample_17664ddc26f3119a,unsupported_behavior,Each is listed with a relative frequency of 0.000000,/candidate_analysis/explanation,/evidence/feature_value_semantics and /evidence/top_features/*/value,The artifact says feature value semantics are not established and must not be treated as raw counts. Calling the 0.0 values 'relative frequency' asserts an unconfirmed meaning.
sample_17664ddc26f3119a,unsupported_behavior,"All reported frequencies are 0.000000 and no function locations are given, so the n-grams cannot be tied to specific code",/candidate_analysis/key_indicators/4,/evidence/feature_value_semantics,It repeats the unsupported framing of the value field as frequencies. The absence of function locations is supported by the empty function_context and occurrences.
sample_17664ddc26f3119a,unsupported_certainty,found in nearly all compiled x86 code,/candidate_analysis/explanation,/evidence/top_features,"This prevalence claim is not supported by the supplied artifact, and some listed pairs (e.g. CMOVZ MOV, XOR CMOVNZ) are not obviously ubiquitous."
sample_17664ddc26f3119a,unsupported_behavior,Consecutive XORs are loosely consistent with bitwise mixing as in hash or cipher rounds.,/candidate_analysis/evidence_analysis/8/assessment,/evidence/occurrences and /evidence/function_context (both empty),"Adjacency or consecutiveness of the instructions is inferred, but no extraction or context evidence is supplied (graph-aware n-grams need not be adjacent). The hedge 'loosely' limits the severity."
sample_250f4d603c1d70c8,unsupported_behavior,Consecutive SSE register-clearing or XOR operations.,/candidate_analysis/evidence_analysis/6/assessment,/evidence/top_features/6,"Only a 2-gram name and a value are supplied. There is no extraction or context evidence for adjacency, or for the same register being cleared. Graph-aware n-grams need not be adjacent."
sample_250f4d603c1d70c8,unsupported_behavior,Back-to-back x87 stores.,/candidate_analysis/evidence_analysis/13/assessment,/evidence/top_features/13,"Adjacency or control flow is inferred from the n-gram name alone, with no occurrence or context data."
sample_250f4d603c1d70c8,unsupported_certainty,The most frequent n-gram (0.004763).,/candidate_analysis/evidence_analysis/17/assessment,/evidence/top_features/17/value,"Only the top-20 subset is available, and feature_value_semantics says the values are not established as frequencies or counts. 'Most frequent' can only hold within the displayed subset."
sample_250f4d603c1d70c8,unsupported_behavior,"Their frequencies are very low (about 0.000003 to 0.00040), so they do not show a hot compute loop.",/candidate_analysis/explanation,/evidence/feature_value_semantics,"The feature values are treated as frequencies and used to rule out a hot loop, although their semantics are explicitly unconfirmed. The numeric range itself matches the supplied values."
sample_40f2ec38471addbc,unsupported_certainty,The very low frequencies of these patterns make them weak support.,/candidate_analysis/explanation,/evidence/feature_value_semantics,The artifact says feature values must not be treated as raw counts or frequencies without upstream confirmation. The candidate treats them as frequencies and draws evidential-weight conclusions from them.
sample_40f2ec38471addbc,unsupported_behavior,Indicates short wrapper or thunk functions.,/candidate_analysis/evidence_analysis/2/assessment,/evidence/function_context,"function_context and occurrences are empty. Graph-aware n-grams need not be adjacent, so a wrapper or thunk structure cannot be inferred from CALL RET alone."
sample_40f2ec38471addbc,unsupported_certainty,"It indicates a call-heavy structure, not mining specifically.",/candidate_analysis/evidence_analysis/0/assessment,/evidence/top_features/0,A single ADD PUSH bigram with no occurrence or context data cannot establish a call-heavy structure. It is also not shown to be stack adjustment.
sample_40f2ec38471addbc,unsupported_behavior,"reflects call-heavy, stack-oriented code",/candidate_analysis/explanation,/evidence/top_features,Positive SHAP on several PUSH-related bigrams does not establish that the code is call-heavy. No extraction context or full attributions are supplied.
sample_e98686eafad41317,unsupported_behavior,Consecutive SIMD XORs suggest state mixing or whitening in cryptographic or hashing routines.,/candidate_analysis/evidence_analysis/2/assessment,/evidence/top_features/2; occurrences and function_context are empty,"'Consecutive' asserts adjacency, but graph-aware n-grams need not be adjacent and no extraction context was supplied."
sample_e98686eafad41317,unsupported_behavior,Division and multiplication adjacent to each other suggest modular or big-number arithmetic.,/candidate_analysis/evidence_analysis/18/assessment,/evidence/top_features/18; occurrences empty,Adjacency and the resulting modular or big-number interpretation are not supported by the supplied evidence.
sample_e98686eafad41317,unsupported_certainty,"XOR-then-rotate is classic ARX-style or hash-round behavior, so this is a relatively strong crypto-computation indicator.",/candidate_analysis/evidence_analysis/8/assessment,/evidence/top_features/8; feature_value_semantics not established,"Order and adjacency are assumed, and calling the feature a 'relatively strong' indicator overreaches. A mnemonic pair and a small SHAP value do not establish an ARX or hash round."
sample_e98686eafad41317,shap_misrepresentation,"Generic arithmetic and stack operation. Not specific to cryptojacking, and its contribution is probably from model interactions.",/candidate_analysis/evidence_analysis/7/assessment,/evidence/top_features/7; shap_baseline and full_attributions are null,Attributing the SHAP contribution to model interactions is speculation. No interaction values or model internals were supplied.
sample_e98686eafad41317,shap_misrepresentation,"It is rare, which may explain the SHAP weight, but it is not mining-specific.",/candidate_analysis/evidence_analysis/13/assessment,/evidence/top_features/13; feature_value_semantics: Not established by this artifact,"The rarity of the feature and the causal link to SHAP weight rest on unconfirmed value semantics. The hedge 'may' is present, but the explanation is still an unsupported mechanism."
sample_e98686eafad41317,other,"Multi-precision arithmetic is suggested by XOR ADC (+0.006924), SBB INC (+0.005739), SHRD SHR (+0.005546), DIV MUL (+0.005347) and BSWAP LEA (+0.005434).",/candidate_analysis/explanation,/evidence/top_features (BSWAP LEA),BSWAP LEA (byte swap plus address computation) is not multi-precision arithmetic. The candidate's own per-feature note treats it as endianness handling.
sample_e98686eafad41317,other,Most features occur at very low relative frequency,/candidate_analysis/explanation,/evidence/feature_value_semantics,"The artifact states the feature values are not established as counts or frequencies, so calling them 'relative frequency' is an unsupported semantic label."
sample_5ebbc51b6ded4a11,unsupported_behavior,"The binary name indicates a GNU coreutils 'id' utility, which fits the library-style vectorized string code seen here.",/candidate_analysis/explanation,/evidence contains no binary name or file metadata,"No binary name or identity is supplied, so the claim is invented sample-specific context. It is also used to support the benign conclusion."
sample_5ebbc51b6ded4a11,unsupported_behavior,"Binary name indicates a coreutils 'id' utility, consistent with library-style SIMD code",/candidate_analysis/key_indicators/5,/evidence has no metadata about the binary name,Repeats the unsupported claim that the sample is a coreutils 'id' binary.
sample_5ebbc51b6ded4a11,unsupported_behavior,"which is how vectorized string and memory search routines such as strlen, memchr and strchr work.",/candidate_analysis/explanation,/evidence/function_context is empty; /evidence/occurrences is empty,"Mnemonic n-grams do not establish the presence of strlen/memchr/strchr routines. Without function context or adjacency evidence, this overreaches into asserted sample behavior."
sample_5ebbc51b6ded4a11,unsupported_certainty,Treat as likely benign and a probable false positive.,/candidate_analysis/recommended_action,/scope_notes/1 and /evidence/full_attributions: null,"A top-k positive subset and missing context cannot establish benign status, so the stance is stronger than the evidence supports."
sample_5ebbc51b6ded4a11,unsupported_behavior,CPUID/CMP is consistent with CPU-feature dispatch that selects among these routines.,/candidate_analysis/explanation,/evidence/function_context: [],"Asserts a dispatch role among specific routines without context. It is partly softened by 'consistent with', but it is tied to the unsupported libc premise."
sample_5ebbc51b6ded4a11,unsupported_behavior,"at low frequency and is not accompanied by the dense, repeated XOR/ROTATE/ADD sequences expected from hash kernels",/candidate_analysis/explanation,"/evidence/feature_value_semantics: ""Not established by this artifact; do not treat as raw counts""; /evidence/occurrences: []","Treats feature values as frequencies, and the absence of dense hash sequences is asserted without full feature or occurrence data."
sample_089057da352528a4,other,"Eleven of the 20 features have a frequency of exactly 0.000000 (ADD POP, CMOVZ MOV, XOR XOR, XOR CALL, CMP JL, XOR SHL, LEA CALL, SUB MOV, and others).",/candidate_analysis/explanation,/evidence/top_features (value fields),"Only 8 features have value 0.0: ADD POP, CMOVZ MOV, XOR XOR, XOR CALL, CMP JL, XOR SHL, LEA CALL, SUB MOV. IDIV ADD and XOR MOV are about 0.0011, so there are no 'other' zeros."
sample_089057da352528a4,other,"11 of 20 top n-grams have zero frequency, so their contribution reflects absence and not observed behavior",/candidate_analysis/key_indicators/2,/evidence/top_features (value fields),"The count is wrong (8 zero values, not 11). The conclusion is also stated as 'absence' even though feature_value_semantics is not established."
sample_089057da352528a4,shap_misrepresentation,"The highest-ranked n-grams (PUSH MOV, MOV PUSH, SUB PUSH, ADD PUSH, PUSH CALL, MOV LEAVE, LEAVE RET, LEA PUSH, CALL PUSH, INC PUSH)",/candidate_analysis/explanation,/evidence/top_features/*/shap_value,"This is not the SHAP top 10. PUSH CALL is ranked 14th, and ADD POP (4th), CMOVZ MOV (8th) and XOR XOR (9th) rank above LEAVE RET, INC PUSH and LEA PUSH."
sample_089057da352528a4,unsupported_behavior,"It is generic and shows heavy use of function calls, not mining.",/candidate_analysis/evidence_analysis/13/assessment,/evidence/top_features/13; /evidence/occurrences; /evidence/function_context,"One n-gram value, with no occurrences or function context, cannot establish heavy use of function calls in the sample."
sample_089057da352528a4,unsupported_certainty,"Zero frequency. Absent in the binary, so it provides no behavioral evidence.",/candidate_analysis/evidence_analysis/12/assessment,/evidence/feature_value_semantics,Presenting 0.0 as definite absence from the binary overreaches. The artifact says feature values must not be treated as raw counts or frequencies without upstream confirmation.
sample_6cc726aac6762b75,unsupported_behavior,Every n-gram has a reported relative frequency of 0.000000,/candidate_analysis/explanation,/evidence/feature_value_semantics and /evidence/top_features/*/value,The artifact gives value 0.0 but states the semantics are not established and should not be treated as raw counts. Calling them relative frequencies assumes semantics that are not confirmed.
sample_6cc726aac6762b75,unsupported_behavior,All reported n-gram frequencies are 0.000000 and no function locations are provided,/candidate_analysis/key_indicators/3,/evidence/feature_value_semantics,This repeats the unsupported assumption that the feature values are frequencies.
sample_6cc726aac6762b75,unsupported_behavior,Function prologue and stack frame allocation.,/candidate_analysis/evidence_analysis/5/assessment,/evidence/function_context,"With no function context or adjacency evidence, asserting PUSH SUB is a prologue is a sample-specific inference, although it is a common idiom."
sample_3d335a36d01575d8,other,"eight of the top 20 features have a relative frequency of 0.000000 (ADD POP, CMOVZ MOV, CALL ADD, LEA CALL, XOR XOR, TEST JS, XOR CALL)",/candidate_analysis/explanation,"/evidence/top_features (value 0.0 for ADD POP, CMOVZ MOV, CALL ADD, LEA CALL, XOR XOR, TEST JS, XOR CALL)","Only seven top features have value 0.0, and the candidate itself lists seven. 'Eight' is a numerical error. The values are also called 'relative frequency' although the artifact says feature value semantics are not established."
sample_3d335a36d01575d8,other,"Eight of the top 20 features have zero frequency, so the model relies partly on absent patterns",/candidate_analysis/key_indicators/3,/evidence/top_features; /evidence/feature_value_semantics,"The count is wrong (seven, not eight). 'Zero frequency' and 'absent patterns' assume value semantics the artifact explicitly does not establish."
sample_3d335a36d01575d8,unsupported_certainty,Absent from the binary (frequency 0.0) yet the top contributor.,/candidate_analysis/evidence_analysis/0/assessment,/evidence/top_features/0; /evidence/feature_value_semantics,"Asserts true absence from the binary, but value 0.0 has unconfirmed meaning (it may not be a raw or relative count)."
sample_3d335a36d01575d8,unsupported_behavior,Add-with-carry after a move suggests multi-precision arithmetic,/candidate_analysis/evidence_analysis/2/assessment,/evidence/ngram_size; /evidence/occurrences (empty); /evidence/function_context (empty),Treats the n-gram as adjacent instructions ('after') without extraction or context evidence. The same adjacency framing recurs in other items ('followed by').
sample_59569d1d5644d773,unsupported_behavior,This suggests a sustained computational loop rather than incidental use.,/candidate_analysis/explanation,/evidence/top_features; /evidence/occurrences (empty); /evidence/feature_value_semantics,"Loops or sustained execution cannot be inferred from n-gram values of unconfirmed semantics, with no occurrences or function context."
sample_59569d1d5644d773,unsupported_behavior,"High frequency of rotate and SIMD n-grams (~0.001-0.0025), suggesting sustained compute loops",/candidate_analysis/key_indicators/4,/evidence/feature_value_semantics,"Values are described as frequencies and used to argue for loops, though the artifact says not to treat them as raw counts; ~0.001-0.0025 is not shown to be ""high""."
sample_59569d1d5644d773,unsupported_certainty,"Consecutive packed XORs, frequent (0.000975). This is a strong sign of repeated vector XOR mixing or register zeroing in tight compute loops.",/candidate_analysis/evidence_analysis/16/assessment,/evidence/occurrences; /evidence/function_context,"""Tight compute loops"" are asserted as a strong sign with no control-flow or context evidence; PXOR PXOR is also a common register-zeroing idiom."
sample_59569d1d5644d773,unsupported_crypto,Add-then-rotate is a core ARX-style mixing step in hash and cipher rounds and fits a repeated hashing loop.,/candidate_analysis/evidence_analysis/0/assessment,/evidence/ngram_size; /evidence/occurrences,"A mnemonic pair does not establish ARX mixing or a repeated hashing loop, and adjacency is not established."
sample_59569d1d5644d773,unsupported_crypto,which is consistent with mining-style hashing kernels,/candidate_analysis/explanation,/evidence/top_features,Generic SIMD XOR/move instructions are linked to mining hashing kernels without context evidence of an algorithm or mining.
sample_59569d1d5644d773,unsupported_certainty,No counter-evidence appears in the list.,/candidate_analysis/explanation,/scope_notes/1,"Only the top-20 positive subset is available, so omitted features or baseline cannot be ruled out as counter-evidence."
sample_b5344b76f67c8b69,unsupported_certainty,so no feature in the evidence argues against that call,/candidate_analysis/explanation,scope_notes: 'a positive top-k subset is not all features'; full_attributions is null,"Only the top 20 positive features are given; omitted features may support benign, so this phrasing implies stronger evidence than available, though it is scoped to 'in the evidence'."
sample_b5344b76f67c8b69,unsupported_behavior,"The tier rests on the model's high probability and the consistent, mutually reinforcing set of crypto-style arithmetic and rotation patterns.",/candidate_analysis/explanation,"Only n-gram names, SHAP values, and tiny feature values; no occurrences or function context","Calling the n-grams 'mutually reinforcing crypto-style' patterns treats separately attributed pairs as a coherent algorithmic pattern without adjacency, context, or extraction evidence."
sample_b5344b76f67c8b69,unsupported_certainty,Its frequency (0.001924) is fairly high.,/candidate_analysis/evidence_analysis/8/assessment,feature_value_semantics: 'Not established by this artifact; do not treat as raw counts without upstream confirmation',Interprets feature values as frequencies and judges them relatively high though their semantics are unconfirmed.
sample_b5344b76f67c8b69,unsupported_crypto,"Addition followed by right-rotate is the ARX (add-rotate-xor) pattern in hash and stream-cipher designs, which supports a cryptographic compute workload.",/candidate_analysis/evidence_analysis/8/assessment,"Only the 'ADD ROR' mnemonic pair; no XOR, no occurrences or function context",An ADD ROR pair without XOR or context does not establish ARX or a cryptographic workload.
sample_b5344b76f67c8b69,unsupported_crypto,Consecutive opposite rotates are a strong sign of bit-mixing logic in hash and cipher algorithms,/candidate_analysis/evidence_analysis/17/assessment,Only the 'ROR ROL' mnemonic pair; no operands or context,Calling the pair a 'strong sign' of hash/cipher logic overstates what mnemonics alone show; opposite rotates could be arbitrary or cancelling bit manipulation.
sample_432c4075594e9c06,unsupported_behavior,"Set-on-below-or-equal followed by increment, typical of carry/comparison handling in multi-precision arithmetic.",/candidate_analysis/evidence_analysis/7/assessment,/evidence/top_features/7,"The adjacent-instruction semantics and multi-precision purpose are asserted from the mnemonics alone, with no context or adjacency evidence. The claim is hedged by ""It could also be ordinary code"", so it is a minor overreach."
sample_432c4075594e9c06,unsupported_behavior,Address computation near a function epilogue. A routine compiler pattern.,/candidate_analysis/evidence_analysis/15/assessment,/evidence/function_context,"The evidence has no function context or control flow, so the n-gram's location near an epilogue is not supported. A graph-aware n-gram need not be adjacent, and no extraction context confirms this."
sample_432c4075594e9c06,unsupported_behavior,but it appears only about once and is not specific to mining.,/candidate_analysis/evidence_analysis/0/assessment,/evidence/feature_value_semantics,"The artifact says feature values are not established as raw counts, so ""about once"" is an unsupported inference. The same applies to ""single occurrence"" and ""frequency 0.000016, about one occurrence""."
sample_327e8b49df488873,unsupported_certainty,The model's strong malware output suggests the binary is anomalous,/candidate_analysis/explanation,/evidence/rf_prediction,"An RF probability is not behavioral evidence of anomaly, so this slightly overreads the model output. The claim is softened by ""suggests"" and the low-confidence tier."
sample_327e8b49df488873,unsupported_behavior,A push immediately followed by a return is unusual in normal code and can indicate an indirect jump or return-address manipulation.,/candidate_analysis/evidence_analysis/1/assessment,/evidence/top_features/1,"Adjacency is not established for graph-aware n-grams, and no context supports the immediacy or the interpretation. The candidate does label it a ""weak structural anomaly""."
sample_2f4001c9127f8b55,unsupported_behavior,These patterns are common in ordinary compiled 32-bit code,/candidate_analysis/explanation,/evidence/top_features,No architecture or bitness information is supplied; 32-bit is assumed from mnemonic bigrams alone.
sample_2f4001c9127f8b55,unsupported_behavior,"A call immediately followed by a return suggests tiny wrapper or thunk functions, or unusual control flow.",/candidate_analysis/evidence_analysis/0/assessment,/evidence/top_features/0; /evidence/occurrences,"Graph-aware n-grams need not be adjacent and no occurrence or context evidence is supplied, so immediate adjacency is inferred."
sample_2f4001c9127f8b55,unsupported_behavior,here it appears to be zero-initialization with no supporting rotate or shift context,/candidate_analysis/evidence_analysis/9/assessment,/evidence/top_features/9,"Operands and adjacency are not provided, so zeroing a register is asserted without evidence."
sample_2f4001c9127f8b55,unsupported_certainty,The most frequent bigram (0.077).,/candidate_analysis/evidence_analysis/16/assessment,/evidence/top_features/16; /evidence/scope_notes,"Only a top-20 subset is available and omitted features are unknown. The frequency semantics are also unconfirmed (""do not treat as raw counts""), so 'most frequent overall' is unsupported."
sample_2f4001c9127f8b55,unsupported_behavior,"Zeroing a register and then sign-extending, typically before division. Generic arithmetic setup.",/candidate_analysis/evidence_analysis/19/assessment,/evidence/top_features/19,The mnemonic bigram does not show that the XOR zeroes a register or that the CDQ immediately follows it. The division purpose is inferred.
sample_2f4001c9127f8b55,unsupported_behavior,Counter increment followed by a push.,/candidate_analysis/evidence_analysis/15/assessment,/evidence/top_features/15,The INC operand role as a counter and the adjacency are not established by the evidence.
sample_94663145863c710a,shap_misrepresentation,No feature argues against it.,/candidate_analysis/explanation,/scope_notes/1; /evidence/full_attributions,"Only a top-20 subset is supplied. Omitted features and the baseline are unknown, so absence of opposing features cannot be asserted."
sample_94663145863c710a,other,"so the model is keying on rare, distinctive sequences rather than bulk behaviour",/candidate_analysis/explanation,/evidence/feature_value_semantics,"Feature value semantics are explicitly not established. The claim about what the model keys on, and its contrast with bulk behaviour, is not supported."
sample_94663145863c710a,unsupported_behavior,"Observed at essentially zero relative frequency, so it is extremely rare.",/candidate_analysis/evidence_analysis/8/assessment,/evidence/top_features/8,"The value is exactly 0.0 with unestablished semantics, so 'observed' at some relative frequency is unsupported."
sample_94663145863c710a,unsupported_crypto,"A rotate followed by an add is a hallmark of ARX-style hash and cipher rounds (rotate, add, xor).",/candidate_analysis/evidence_analysis/10/assessment,/evidence/top_features/10,"Adjacency is assumed, although graph-aware n-grams need not be adjacent. A mnemonic pair does not establish ARX or hash code."
sample_94663145863c710a,unsupported_crypto,"Together with ROL ADD, it supports the presence of rotation-heavy mixing code typical of hash functions.",/candidate_analysis/evidence_analysis/11/assessment,/evidence/top_features/10-11; /evidence/occurrences,No occurrence or context evidence links these n-grams into one routine or establishes hash-function mixing code.
sample_94663145863c710a,unsupported_crypto,This is a moderately strong hashing and cipher-related signal.,/candidate_analysis/evidence_analysis/13/assessment,/evidence/top_features/13,PXOR PXOR is a generic idiom with no function context. Calling it a moderately strong crypto signal overstates it.
sample_94663145863c710a,unsupported_behavior,the frequency suggests a notable amount of such code,/candidate_analysis/evidence_analysis/17/assessment,/evidence/top_features/17; /evidence/feature_value_semantics,A value of 0.0075 with unestablished semantics cannot show a notable amount of vectorised hashing code.
sample_94663145863c710a,other,a distinctive layout marker of this malware family,/candidate_analysis/evidence_analysis/0/assessment,/evidence/rf_prediction,"No malware-family information is supplied, and the explanation of why the model weights this n-gram is speculative."
sample_94663145863c710a,unsupported_certainty,"It is high-confidence for malicious or cryptojacking-like code, with the caveat that no single n-gram is definitive.",/candidate_analysis/explanation,/evidence/rf_probability_class_1; /evidence/shap_target_class_source,"RF probability is not behavioral proof or calibrated confidence. The class-1 meaning is a configured assumption and no function context exists, so the certainty is stronger than the evidence allows."
sample_94663145863c710a,shap_misrepresentation,"the model's unanimous, strongly positive attribution",/candidate_analysis/explanation,/evidence/top_features,"Unanimity holds only within the displayed top-20. Per-feature SHAP values are about 0.008 to 0.018 with no baseline or full attribution, so 'strongly' is unsupported."
sample_9a02658c1342a2d6,unsupported_behavior,These appear in almost any compiled Windows executable and say nothing about mining behavior on their own.,/candidate_analysis/explanation,evidence.top_features; feature_value_semantics; no OS/compiler/function context,"The claim of Windows ubiquity and the compiler-pattern identification are general knowledge, not supported by the artifact, which gives no platform or extraction context."
sample_9a02658c1342a2d6,unsupported_certainty,"they occur at very low frequencies (0.000016, 0.000101 and 0.000848)",/candidate_analysis/explanation,evidence.feature_value_semantics: Not established by this artifact; do not treat as raw counts without upstream confirmation,Feature values are interpreted as frequencies although their semantics are explicitly unconfirmed. This is mild since the values are quoted correctly.
sample_9a02658c1342a2d6,unsupported_behavior,It is generic and indicates a frame-pointer-based compiler.,/candidate_analysis/evidence_analysis/11/assessment,evidence.top_features MOV LEAVE; function_context empty,"Compiler or frame-pointer use is inferred from a bigram without any context. LEAVE itself does imply a frame pointer, but the compiler inference is unsupported."
sample_9a02658c1342a2d6,unsupported_behavior,"Argument pushing after a call returns, typical of cdecl or stdcall code.",/candidate_analysis/evidence_analysis/9/assessment,evidence.occurrences empty; function_context empty,Adjacency and sequence semantics (a push after a call returns) and the calling convention are asserted without extraction or context evidence. Graph-aware n-grams need not be adjacent.
sample_59464ab832284497,unsupported_behavior,Every n-gram has a reported frequency of 0.000000,/candidate_analysis/explanation,/evidence/feature_value_semantics and /evidence/top_features/*/value,Evidence gives value 0.0 and states it must not be treated as raw counts or frequencies without upstream confirmation. Calling it a frequency asserts unestablished semantics.
sample_59464ab832284497,other,"Frequencies are 0.000000 and no function locations are provided, so the evidence lacks specificity",/candidate_analysis/key_indicators/4,/evidence/feature_value_semantics,Repeats the frequency interpretation of an unconfirmed feature value.
sample_9fd7f3c1ba040f11,other,Fifteen of the 20 n-grams have a relative frequency of 0.000000,/candidate_analysis/explanation,/evidence/feature_value_semantics,"The artifact says feature value semantics are not established and must not be treated as raw counts. Calling them relative frequencies, and zero 'absent', is an unsupported semantic assumption."
sample_9fd7f3c1ba040f11,unsupported_certainty,so their SHAP contributions come from the model treating their absence as characteristic of the malware class,/candidate_analysis/explanation,/evidence/top_features/0/value,"This is stated as established fact, but it depends on the unconfirmed meaning of a value of 0.0. No baseline or full attributions are available to confirm the mechanism."
sample_9fd7f3c1ba040f11,unsupported_behavior,"This is a stack-restore followed by an arithmetic adjustment, typical of function epilogue/prologue code.",/candidate_analysis/evidence_analysis/1/assessment,/scope_notes/0,"Adjacency and function-role (epilogue/prologue) are inferred for a graph-aware n-gram with no occurrences, function context or extraction evidence."
sample_46f0646fa42b5504,unsupported_certainty,"All 20 top n-grams have positive SHAP toward cryptojacking, with no counter-evidence",/candidate_analysis/key_indicators/1,/evidence/top_features; /scope_notes/1,"Only a top-k subset is given, so it cannot show there is no counter-evidence among the omitted features."
sample_46f0646fa42b5504,unsupported_behavior,"The high frequencies of these sequences show a call-heavy, stack-argument-passing code style",/candidate_analysis/explanation,/evidence/feature_value_semantics,The evidence says the feature values may not be raw counts or frequencies. It also gives no extraction context confirming a code style.
sample_46f0646fa42b5504,unsupported_behavior,"Counter increment followed by a push, consistent with loop or index handling.",/candidate_analysis/evidence_analysis/6/assessment,/evidence/occurrences; /evidence/function_context,"A mnemonic pair does not establish loop or index handling, and no context or adjacency evidence is supplied."
sample_46f0646fa42b5504,unsupported_behavior,Call immediately followed by return suggests thin wrapper or tail-call stubs.,/candidate_analysis/evidence_analysis/11/assessment,/evidence/occurrences; /evidence/function_context,"Adjacency and the wrapper/stub structure are inferred, though the n-grams are possibly graph-aware and no function context is given."
sample_faac5b2556f0a5ef,unsupported_behavior,"Pairs with SHRD BT, reinforcing the presence of wide-integer shift arithmetic that could belong to cryptographic or big-number code.",/candidate_analysis/evidence_analysis/11/assessment,"/evidence/top_features (MOV SHRD, SHRD BT); /evidence/occurrences is empty",The bigram names alone do not establish that the two n-grams co-occur in the same code or that wide-integer arithmetic is present. The 'could belong' hedge only partly softens this.
sample_faac5b2556f0a5ef,unsupported_certainty,"Aligned SIMD load followed by a bitwise AND, at a relatively high frequency (0.0087).",/candidate_analysis/evidence_analysis/1/assessment,/evidence/feature_value_semantics,"Graph-aware n-grams need not be adjacent, and no extraction context is supplied. The artifact also says not to treat feature values as raw counts or frequencies without upstream confirmation."
sample_faac5b2556f0a5ef,unsupported_certainty,Very rare in this binary.,/candidate_analysis/evidence_analysis/3/assessment,/evidence/feature_value_semantics,"The feature value semantics are not established, so the value 5.5e-05 cannot be read as rarity within the binary."
sample_375f6653679c655c,other,"Of the Top-20 n-grams, 16 have a relative frequency of 0.000000",/candidate_analysis/explanation,/evidence/top_features (15 entries with value 0.0; 5 non-zero),"The count is wrong, since 15 have value 0.0, and the candidate's own parenthetical lists 15. Calling the values 'relative frequency' is also not established by the artifact."
sample_375f6653679c655c,unsupported_certainty,"Frequency is zero, so the pattern is absent.",/candidate_analysis/evidence_analysis/1/assessment,/evidence/feature_value_semantics,The artifact says value semantics are not established and the values should not be treated as raw counts without upstream confirmation. Asserting frequency and absence is therefore a more certain claim than the evidence allows.
sample_375f6653679c655c,shap_misrepresentation,"The high model probability comes mainly from absent features, which is inconclusive and does not support a high-confidence call.",/candidate_analysis/explanation,"/evidence/full_attributions, /evidence/shap_baseline, /scope_notes","Only a top-20 subset is available, with no baseline or full attributions. This cannot establish that the overall RF probability comes mainly from zero-valued features, because omitted features are unknown."
sample_375f6653679c655c,unsupported_certainty,"Model probability of 0.8033 for malware, but driven largely by n-grams with zero observed frequency",/candidate_analysis/key_indicators/0,"/evidence/top_features, /evidence/full_attributions (null)","This repeats the unsupported aggregate attribution claim, which is based on a top-k subset and unverified value semantics."
sample_375f6653679c655c,shap_misrepresentation,The high model probability comes mainly from absent features,/candidate_analysis/explanation,/evidence/top_features,"Omitted features, baseline and full attributions are unavailable, so the aggregate source of the probability cannot be determined from the top-20 subset."
sample_8252f3644b80ff1c,unsupported_certainty,Top feature at 0.69% frequency.,/candidate_analysis/evidence_analysis/0/assessment,/evidence/feature_value_semantics,"The feature value is treated as a percentage frequency, but the artifact says value semantics are not established and should not be treated as raw counts or frequencies."
sample_8252f3644b80ff1c,unsupported_behavior,A call immediately followed by a return suggests thin wrapper or tail-style functions.,/candidate_analysis/evidence_analysis/2/assessment,/evidence/occurrences,"Adjacency and function structure are inferred, but no occurrences or function context are supplied and graph-aware n-grams need not be adjacent."
sample_8252f3644b80ff1c,unsupported_behavior,It is a generic compiler artifact whose weight likely reflects its rarity in the model's training data.,/candidate_analysis/evidence_analysis/3/assessment,/evidence/shap_baseline,"No training data, baseline or full attributions are supplied to support this account of why the weight is high."
sample_8252f3644b80ff1c,unsupported_behavior,"They suggest a call-heavy, stack-based (cdecl-style) code layout",/candidate_analysis/explanation,/evidence/occurrences,The calling convention and code layout are inferred from mnemonic pairs without context or extraction evidence.
sample_8252f3644b80ff1c,unsupported_certainty,"This is more than benign, since every contribution is positive and the model is certain",/candidate_analysis/explanation,/evidence/scope_notes,"A positive top-k subset cannot show that no omitted feature supports benign, and RF probability 1.0 is not behavioral proof or calibrated certainty."
sample_8252f3644b80ff1c,unsupported_certainty,"Treat the sample as suspicious and do not clear it, since the model output is unambiguous.",/candidate_analysis/recommended_action,/evidence/rf_probability_class_1,"This treats the RF output as unambiguous grounds for suspicion, which contrasts with the stated low-confidence tier and the limited evidence."
sample_3e08cb3517386895,other,ADD ROR and ROL ADD also occur at relatively high frequencies of about 0.0012.,/candidate_analysis/explanation,/evidence/feature_value_semantics,"The artifact says the feature values are not established as raw counts or frequencies, so 'frequencies' and 'relatively high' are unsupported."
sample_3e08cb3517386895,unsupported_crypto,"This ADD/ROL/ROR interleaving with byte extraction is typical of hash and cipher round functions, including those in proof-of-work mining algorithms.",/candidate_analysis/explanation,/evidence/occurrences and /evidence/function_context (both empty),"Interleaving and adjacency are asserted without any extraction or context evidence, and the n-grams are separate features that need not be adjacent. Mnemonics alone do not establish hashing or mining algorithms."
sample_3e08cb3517386895,unsupported_crypto,"Heavy PXOR and PAND use alongside aligned and unaligned 128-bit moves points to bulk XOR/mask operations on wide state, which fits memory-hard or vectorized mining kernels.",/candidate_analysis/explanation,/evidence/top_features; /evidence/feature_value_semantics,"'Heavy use' is not supported because the values are not confirmed counts, and no evidence shows co-occurrence or the structure of mining kernels."
sample_3e08cb3517386895,unsupported_crypto,"Add-then-rotate-right is a core ARX/hash round primitive, consistent with mining hash computation.",/candidate_analysis/evidence_analysis/0/assessment,/evidence/occurrences (empty),Adjacent ordering and an ARX round structure are assumed with no extraction or control-flow evidence.
sample_3e08cb3517386895,unsupported_certainty,Together they strongly suggest hash round functions.,/candidate_analysis/evidence_analysis/5/assessment,/evidence/top_features,Two n-gram names with unconfirmed value semantics do not strongly indicate hash round functions.
sample_3e08cb3517386895,unsupported_certainty,Overall the convergence of several independent feature families supports a high-confidence cryptojacking classification.,/candidate_analysis/explanation,/evidence/rf_probability_class_1; /evidence/scope_notes,"The features are not shown to be independent. RF probability is not behavioral proof, and the target class and omitted features are unverified."
sample_3e08cb3517386895,unsupported_certainty,0.88,/candidate_analysis/confidence_score,/evidence/rf_probability_class_1,The confidence value has no stated basis. It differs from the RF probability and is not a calibrated confidence.
sample_3e08cb3517386895,unsupported_behavior,the PXOR/PAND/MOVDQA vector loops,/candidate_analysis/recommended_action,/evidence/function_context (empty),"Loops are asserted as present, but mnemonic n-grams do not establish loops."
sample_3e08cb3517386895,shap_misrepresentation,"Smaller contributions come from ADD MOVQ, ADD FLD, MOV FLD, SHL NEG, POP LEA, POP SUB, ADD PUSH and MOVZX PUSH.",/candidate_analysis/explanation,/evidence/top_features,"POP LEA (+0.008433) and POP SUB (+0.008118) rank 3rd and 4th by SHAP, above most rotate and SSE features, and ADD PUSH (+0.006817) exceeds several cluster members. Calling them smaller and weak conflates their low value with SHAP magnitude."
sample_3e08cb3517386895,shap_misrepresentation,"These are rare and individually ambiguous, and they could reflect compiler-generated code, so they add only weak support.",/candidate_analysis/explanation,/evidence/top_features,The 'weak support' conclusion contradicts the large SHAP contributions of POP LEA and POP SUB. 'Rare' also rests on value semantics the artifact does not establish.
sample_3e08cb3517386895,shap_misrepresentation,with frequencies of 0.0002 to 0.0008,/candidate_analysis/explanation,/evidence/top_features,"The SSE-cluster values run from about 0.00008 (PAND PXOR) to 0.0008, so the stated lower bound is imprecise, and the values are not confirmed as frequencies."
sample_87b50cd0978bc374,unsupported_behavior,Consecutive XORs may indicate register clearing or mixing/hash-like operations.,/candidate_analysis/evidence_analysis/8/assessment,/evidence/top_features/8; /evidence/occurrences; /evidence/function_context,"The evidence gives no extraction or context showing that the XORs are adjacent or sequential. Graph-aware n-grams need not be adjacent, and no occurrences or function context are provided."
sample_87b50cd0978bc374,other,All frequencies are reported as 0.000000,/candidate_analysis/explanation,/evidence/feature_value_semantics,"The artifact says the value semantics are not established and the values should not be treated as counts or frequencies. Calling them frequencies is an unsupported interpretation, although only a minor one."
sample_611f77267f67d708,unsupported_behavior,The n-grams fall into three groups consistent with hashing and mining workloads.,/candidate_analysis/explanation,/evidence/top_features; /evidence/occurrences (empty); /evidence/function_context (empty),Mnemonic pairs alone do not establish hashing or mining workloads; no code context was supplied.
sample_611f77267f67d708,unsupported_crypto,This is typical of ARX-style hash rounds and endian conversion in hash cores.,/candidate_analysis/explanation,"/evidence/top_features (ADD ROR, ROL ADD, ROL AND, MOV ROL, BSWAP LEA); /evidence/occurrences (empty)",No evidence that these n-grams occur in hash rounds; they are graph-aware and not necessarily adjacent.
sample_611f77267f67d708,unsupported_behavior,"These suggest vectorized bulk state handling and bitwise mixing, as in memory-hard or hashing loops.",/candidate_analysis/explanation,/evidence/top_features (PXOR/PAND/MOVDQA features); /evidence/occurrences (empty),"Loops, memory-hard algorithms and state handling are not shown by the supplied evidence."
sample_611f77267f67d708,unsupported_certainty,"Consecutive SIMD XORs indicate dense bitwise mixing, as in AES-like or hash-state manipulation, and are a typical mining-workload signature.",/candidate_analysis/evidence_analysis/9/assessment,/evidence/top_features (PXOR PXOR); /evidence/feature_value_semantics,"Adjacency, density and a mining signature are asserted without extraction or context evidence."
sample_611f77267f67d708,unsupported_behavior,"Add followed by rotate-right is a core ARX/hash-round pattern used in cryptographic hashing, and its relatively high frequency (0.000585) is consistent with mining hash loops.",/candidate_analysis/evidence_analysis/0/assessment,/evidence/feature_value_semantics,"Treats the value as a frequency and infers mining loops, although the semantics are explicitly not established."
sample_611f77267f67d708,unsupported_behavior,"Subtract followed by add-with-carry indicates multi-precision arithmetic, which appears in big-integer and cryptographic computation.",/candidate_analysis/evidence_analysis/6/assessment,/evidence/top_features (SUB ADC); /evidence/occurrences (empty),Asserts multi-precision arithmetic from a mnemonic pair with no adjacency or context.
sample_611f77267f67d708,unsupported_behavior,This suggests heavy vectorized data movement typical of optimized mining kernels.,/candidate_analysis/evidence_analysis/7/assessment,/evidence/top_features (MOVDQA MOVAPS); /evidence/occurrences (empty),Mining kernels are not supported by the artifact.
sample_611f77267f67d708,unsupported_certainty,No counter-evidence is present.,/candidate_analysis/explanation,/evidence/full_attributions (null); /scope_notes,"Only a positive top-20 subset is available; omitted features and the baseline are unknown, so absence of counter-evidence cannot be claimed."
sample_611f77267f67d708,shap_misrepresentation,All 20 top SHAP features push toward cryptojacking with no opposing evidence,/candidate_analysis/key_indicators/3,/evidence/shap_target_class_source; /evidence/full_attributions (null),"Overstates what a top-k subset shows, and the target class is only a configured assumption."
sample_611f77267f67d708,unsupported_crypto,Disassemble the functions containing the rotate and PXOR clusters to identify the hash algorithm (for example CryptoNight or RandomX).,/candidate_analysis/recommended_action,/evidence/function_context (empty),The recommendation presumes that the rotate/PXOR clusters sit in identifiable hash functions and names specific algorithms without evidence; partly conditional.
sample_611f77267f67d708,shap_misrepresentation,"the high SHAP value suggests it is characteristic of this binary's code layout, which the model associates with malware.",/candidate_analysis/evidence_analysis/2/assessment,/evidence/top_features,Attributing a SHAP contribution to the binary's code layout is an interpretation unsupported by the supplied evidence.
sample_71c452fe66c00045,unsupported_behavior,"A call directly followed by a return, such as a thin wrapper or tail stub.",/candidate_analysis/evidence_analysis/2/assessment,/evidence/top_features/2; occurrences and function_context are empty,"Adjacency and a wrapper/stub structure are inferred, but graph-aware n-grams need not be adjacent and no extraction context was supplied."
sample_71c452fe66c00045,unsupported_behavior,Stack cleanup followed by stack or arithmetic adjustment.,/candidate_analysis/evidence_analysis/3/assessment,/evidence/top_features/3; occurrences and function_context are empty,Sequential cleanup and adjustment semantics are asserted without any context confirming adjacency or control flow.
sample_71c452fe66c00045,unsupported_certainty,"All 20 top n-grams contribute positively toward cryptojacking, with no counter-evidence",/candidate_analysis/key_indicators/1,/evidence/full_attributions is null; /scope_notes/1,"Only a top-k subset is available. Omitted features and the baseline are unknown, so the absence of counter-evidence cannot be established."
sample_71c452fe66c00045,shap_misrepresentation,"Their contributions are small and spread evenly, with no single dominant signal.",/candidate_analysis/explanation,/evidence/shap_baseline is null; /evidence/full_attributions is null,"Without a baseline or full attributions, 'small' has no reference, and 'spread evenly' can only describe the displayed top 20."
sample_71c452fe66c00045,shap_misrepresentation,with no counter-evidence,/candidate_analysis/key_indicators/1,/evidence/top_features,A positive top-k subset cannot show that no omitted feature supports the benign class.
sample_6233aab6e87b0dfe,unsupported_behavior,A call immediately followed by return suggests thunk or wrapper functions and tail-call style code.,/candidate_analysis/evidence_analysis/8/assessment,/evidence/occurrences,Adjacency and control flow are inferred without extraction or context evidence. Occurrences and function context are empty.
sample_6233aab6e87b0dfe,unsupported_behavior,Register restore followed by a flag test and a conditional branch.,/candidate_analysis/evidence_analysis/19/assessment,/evidence/top_features/19,The n-gram is only POP TEST. A following conditional branch is not in the evidence.
sample_6233aab6e87b0dfe,unsupported_certainty,It indicates a call-heavy 32-bit style code structure and is weak evidence on its own.,/candidate_analysis/evidence_analysis/2/assessment,/evidence/function_context,Mnemonic pairs alone do not establish the binary's architecture or its call-heavy structure; 'indicates' is stated too firmly.
sample_6233aab6e87b0dfe,unsupported_certainty,The most frequent n-gram (0.0536),/candidate_analysis/evidence_analysis/4/assessment,/evidence/feature_value_semantics,"Feature values are explicitly not established as frequencies or counts. Omitted features are unknown, so 'most frequent' is unsupported beyond the top-k subset."
sample_6233aab6e87b0dfe,unsupported_behavior,It suggests many functions with local allocation,/candidate_analysis/evidence_analysis/0/assessment,/evidence/occurrences,The number of functions and local stack allocation are inferred from one n-gram with no function context.
sample_6233aab6e87b0dfe,other,which is above the decision threshold but not decisive,/candidate_analysis/explanation,/evidence/rf_prediction,No threshold value is supplied. Only the predicted class 1 and a probability of 0.685 are given.
sample_d735f71d0084b449,unsupported_behavior,The patterns are mostly compiler-generated or generic integer-arithmetic idioms,/candidate_analysis/explanation,evidence.top_features; evidence.function_context is empty,"No toolchain or compiler provenance is supplied, so asserting that the patterns are mostly compiler-generated goes beyond the mnemonic-only evidence."
sample_d735f71d0084b449,unsupported_behavior,Very low relative frequencies (0.000104 to 0.001558) indicate sparse occurrence,/candidate_analysis/key_indicators/3,evidence.feature_value_semantics,"The artifact states that feature values must not be treated as raw counts or established semantics, so interpreting them as sparse occurrence is not supported."
sample_d735f71d0084b449,unsupported_behavior,It indicates vectorized memory copying or processing,/candidate_analysis/evidence_analysis/8/assessment,evidence.top_features[8] (MOVUPS JNZ); occurrences empty,"A MOVUPS-then-JNZ n-gram alone does not show vectorized copying or processing, and no context confirms this."
sample_d735f71d0084b449,unsupported_certainty,Its high frequency suggests a common compiler idiom.,/candidate_analysis/evidence_analysis/13/assessment,evidence.feature_value_semantics,"Inferring a compiler idiom from the feature value treats it as frequency evidence, although the value semantics are not established."
sample_9f603844f7ec7cdb,unsupported_certainty,Strongly suggestive of hashing kernels.,/candidate_analysis/evidence_analysis/1/assessment,"/evidence/top_features/1 (MOV ROL, shap_value 0.009935833884877626); occurrences and function_context are empty","A two-mnemonic n-gram without context does not establish a hashing kernel, and adjacency or sequence is not established."
sample_9f603844f7ec7cdb,unsupported_behavior,Opposing rotations in sequence are a hallmark of hash and cipher mixing.,/candidate_analysis/evidence_analysis/11/assessment,/evidence/top_features/11 (ROR ROL); occurrences and function_context are empty,"It asserts sequential rotation behavior and an algorithmic role from mnemonics alone, with no extraction or context evidence."
sample_9f603844f7ec7cdb,unsupported_behavior,Many of the n-grams are the bit-rotation and carry-chain arithmetic typical of hashing and cipher inner loops.,/candidate_analysis/explanation,/evidence/occurrences and /evidence/function_context are empty,"No loop or control-flow evidence is supplied, so 'inner loops' is unsupported."
sample_9f603844f7ec7cdb,unsupported_certainty,"have a reported frequency of 0.000000 yet carry positive SHAP, so the model is using their absence or near-absence as a signal",/candidate_analysis/explanation,/evidence/feature_value_semantics: 'Not established by this artifact; do not treat as raw counts without upstream confirmation',Describing values as frequencies and the SHAP as driven by absence assumes value semantics the artifact explicitly does not establish.
sample_ebf2e36e355e9058,unsupported_behavior,"its high SHAP value likely reflects how the model separates this binary's code layout from benign samples, not a mining behavior",/candidate_analysis/evidence_analysis/1/assessment,/evidence/top_features/1; /evidence/shap_baseline; /evidence/full_attributions,"This is a speculative claim about the model's internal reasoning and code layout that the evidence does not support. No baseline, full attributions or layout information is supplied. It is hedged with 'likely'."
sample_ebf2e36e355e9058,unsupported_certainty,Most of the n-grams are generic compiler-generated x86 idioms,/candidate_analysis/explanation,/evidence/function_context; /evidence/occurrences,"No extraction or context shows the code was compiler-generated, so the origin of these sequences is unsupported. Instruction-pair semantics are generic and accurate, so the impact is minor."
sample_f5bf726df3737e16,unsupported_behavior,"These suggest vectorized XOR and state-mixing over wide registers, typical of hash or cipher inner loops.",/candidate_analysis/explanation,/evidence/top_features; /evidence/occurrences (empty); /evidence/function_context (empty),"No occurrences, function context, or loop evidence supports inner loops or state mixing; the evidence consists only of n-gram names and SHAP values."
sample_f5bf726df3737e16,unsupported_crypto,This is consistent with ARX-style hashing and multi-precision arithmetic.,/candidate_analysis/explanation,/evidence/top_features,"Mnemonic pairs alone do not establish a hash algorithm family or multi-precision arithmetic, and the graph-aware n-grams may not be adjacent instructions."
sample_f5bf726df3737e16,unsupported_certainty,"Still, the number of independent crypto-style compute patterns, together with the model's maximal confidence, supports a high-confidence cryptojacking assessment.",/candidate_analysis/explanation,/evidence/rf_probability_class_1; /evidence/feature_value_semantics,"RF probability is not behavioral proof, and the patterns are not shown to be independent; the extraction semantics are unestablished. A high-confidence cryptojacking label overstates the evidence, even though it is partly hedged."
sample_f5bf726df3737e16,unsupported_behavior,"Dense SIMD XOR patterns (PXOR MOVAPS, PXOR MOVUPS, PXOR PXOR, VPXOR VMOVDQU)",/candidate_analysis/key_indicators/0,/evidence/feature_value_semantics,"""Dense"" implies high counts or density, but the feature values are tiny (about 5e-06 to 5e-04) and not established as raw counts or frequencies."
sample_f5bf726df3737e16,unsupported_behavior,"Consecutive SIMD XORs indicate dense vectorized mixing, characteristic of compute-heavy hashing kernels.",/candidate_analysis/evidence_analysis/3/assessment,/scope_notes/0; /evidence/occurrences,"Consecutiveness and adjacency are not established, and hashing kernels cannot be inferred from the n-gram name alone."
sample_f5bf726df3737e16,unsupported_certainty,Treat as likely cryptojacking.,/candidate_analysis/recommended_action,/evidence/rf_probability_class_1,"Presents a cryptojacking conclusion before the verification steps it recommends, based only on classifier output and n-gram associations."
sample_f5bf726df3737e16,shap_misrepresentation,"all 20 of the top n-grams push toward cryptojacking, with no counter-evidence among them",/candidate_analysis/explanation,/evidence/top_features,"SHAP target class 1 is a configured assumption that needs verification, and a positive top-k subset cannot rule out omitted benign-supporting features; the full attributions are unavailable."
sample_f5bf726df3737e16,shap_misrepresentation,All 20 top features push toward the malware class,/candidate_analysis/key_indicators/5,/evidence/top_features,"This is accurate for the supplied top-k only, but the omission of full attributions and baseline is not noted here, and the sign refers to an assumed target class."
sample_ed10bc8f138f6a40,unsupported_behavior,Every n-gram shows a relative frequency of 0.000000,/candidate_analysis/explanation,/evidence/feature_value_semantics and /evidence/top_features/*/value,The artifact states that feature value semantics are not established and should not be treated as raw counts; calling them relative frequencies is an unsupported interpretation of the 0.0 values.
sample_ed10bc8f138f6a40,unsupported_certainty,All 20 top n-grams have positive SHAP toward cryptojacking,/candidate_analysis/key_indicators/1,/evidence/shap_target_class_source,"Positive SHAP is for configured target class 1, which is explicitly an unverified assumption; stating it as direction toward cryptojacking is stated with more certainty than the evidence supports."
sample_84e9353fb7d134cf,other,Rarer n-grams carry high SHAP despite near-zero frequency,/candidate_analysis/explanation,/evidence/feature_value_semantics,"The artifact says the feature values should not be treated as raw counts and that their semantics are unconfirmed. Calling them 'frequency' or 'freq' is an unverified interpretation, though a mild one."
sample_84e9353fb7d134cf,other,Highest-frequency stack-setup pattern (0.042090).,/candidate_analysis/evidence_analysis/2/assessment,/evidence/top_features/16,"PUSH CALL has a larger value (0.050545) than MOV PUSH (0.042090), so the superlative is inaccurate even if only call-related patterns are excluded."
sample_316e0a6874696b64,unsupported_certainty,These are consistent with obfuscation or unpacking,/candidate_analysis/explanation,top_features; occurrences and function_context are empty,"Mnemonic bigrams alone do not establish obfuscation or unpacking, and no context supports it. Hedged as 'consistent with' but leans toward an unsupported inference."
sample_316e0a6874696b64,other,"Check for packing or obfuscation, such as unpacking stubs and PUSHFD/POP and POP/XCHG sequences.",/candidate_analysis/recommended_action,top_features,"This is a conditional recommendation, but it presumes the bigrams indicate unpacking stubs, which the evidence does not show."
sample_36dcde602418666c,unsupported_behavior,"Many of the strongest features occur at very low frequency (about 0.000055, roughly a single occurrence)",/candidate_analysis/explanation,"evidence.feature_value_semantics: ""Not established by this artifact; do not treat as raw counts without upstream confirmation""",Equating the feature value 5.48e-05 with one occurrence assumes a count or frequency meaning that the artifact explicitly does not establish.
sample_36dcde602418666c,unsupported_behavior,"This is unusual, appears about once, and suggests multi-word bit manipulation such as big-integer or bit-mixing arithmetic.",/candidate_analysis/evidence_analysis/3/assessment,top_features SHRD BT value 5.484861685545184e-05; occurrences [] and function_context [],"The occurrence count and the 'unusual' claim are not supported, since no counts or context are supplied. The big-integer inference rests only on mnemonics."
sample_36dcde602418666c,unsupported_crypto,"Rotate followed by an add, a classic ARX-style mixing step in hash and cipher rounds.",/candidate_analysis/evidence_analysis/9/assessment,ROL ADD value 5.484861685545184e-05; occurrences [] and function_context [],Adjacency and an ARX round structure are inferred from a graph-aware n-gram name with no extraction or context evidence.
sample_36dcde602418666c,unsupported_behavior,Stack manipulation across a function boundary.,/candidate_analysis/evidence_analysis/8/assessment,"POP PUSH, no occurrences or function_context supplied",A function-boundary location is asserted without any function context.
sample_36dcde602418666c,unsupported_behavior,"Address computation followed by a jump-on-carry. This hints at carry-dependent arithmetic as in multi-precision math, but it is a single occurrence and weak.",/candidate_analysis/evidence_analysis/17/assessment,LEA JC value 5.484861685545184e-05; feature_value_semantics not established,The 'single occurrence' claim and the adjacency are not supported by the supplied evidence.
sample_36dcde602418666c,unsupported_certainty,the model's maximum-probability output support a high-confidence call,/candidate_analysis/explanation,rf_probability_class_1: 1.0; rubric rule that RF probability is not behavioral proof or calibrated confidence,"The RF probability is treated as support for high confidence, and the 0.88 confidence_score has no stated basis beyond it."
sample_d00eca002717e992,unsupported_behavior,nearly all n-grams have a relative frequency of 0.000000,/candidate_analysis/explanation,/evidence/feature_value_semantics,"The artifact says feature value semantics are not established and should not be treated as raw counts without upstream confirmation; 'relative frequency' is an assumed meaning, and ""nearly all"" is not exact since the value is exactly 0.0 for 12 of 20 features."
sample_d00eca002717e992,unsupported_behavior,The evidence also mixes x86-style (uppercase) and ARM-style (lowercase) mnemonics in one binary.,/candidate_analysis/explanation,/evidence/top_features,"The mnemonic case differs across features, but nothing indicates the features came from a single binary or how the sample was extracted."
sample_d00eca002717e992,unsupported_certainty,They are common in benign code and are not specific to mining.,/candidate_analysis/explanation,/evidence/top_features,"No benign baseline, omitted-feature data or function context is provided, so the benign prevalence of these n-grams cannot be confirmed; the second half is general reasoning."
sample_d00eca002717e992,unsupported_behavior,"Even so, their frequencies are essentially zero, so they do not show a dominant compute kernel.",/candidate_analysis/explanation,/evidence/feature_value_semantics,Inferring the absence of a compute kernel from feature values with unestablished semantics is an unsupported behavioral inference.
sample_d00eca002717e992,unsupported_behavior,"An XOR followed by a call, often a zeroing idiom before a call.",/candidate_analysis/evidence_analysis/4/assessment,/evidence/top_features/4,"Treating this as a zeroing idiom assumes adjacency and operand identity, but graph-aware n-grams need not be adjacent and no operands are given."
sample_d00eca002717e992,unsupported_behavior,A call followed by stack or pointer adjustment. A generic calling-convention pattern with no mining specificity.,/candidate_analysis/evidence_analysis/7/assessment,/evidence/top_features/7,Adjacency and the intent of the ADD (stack cleanup) are assumed; no operand or context evidence is provided.
sample_d00eca002717e992,unsupported_behavior,A common function-epilogue pattern.,/candidate_analysis/evidence_analysis/1/assessment,/evidence/top_features/1,"The function-epilogue interpretation presumes adjacency and position in a function, but function context is empty."
sample_8d00e0d17457b2d8,other,Every n-gram has a reported frequency of 0.000000,/candidate_analysis/explanation,/evidence/feature_value_semantics and /evidence/top_features/*/value,The artifact reports value 0.0 and says feature value semantics are not established and must not be treated as raw counts. Calling it a 'frequency' assigns a meaning the evidence does not support.
sample_8d00e0d17457b2d8,unsupported_certainty,"The SHAP contributions are also small and evenly spread, with no single dominant signature.",/candidate_analysis/explanation,"/evidence/full_attributions (null), /evidence/shap_baseline (null)","Only the top-20 subset is available, with no baseline or full attributions. 'Small' and 'no single dominant signature' cannot be established, and the top value is about 2.7 times the 20th."
sample_8d00e0d17457b2d8,unsupported_behavior,A conditional move followed by a move indicates branchless selection,/candidate_analysis/evidence_analysis/0/assessment,"/evidence/occurrences (empty), /evidence/function_context (empty)","Graph-aware n-grams need not be adjacent, and no extraction or context evidence supports an adjacent sequence or control flow. 'Indicates' is stronger than the evidence allows, though the sentence is hedged afterward."
sample_60e06e6e332aea04,shap_misrepresentation,"all 20 top n-grams have positive SHAP contributions toward cryptojacking (roughly +0.004 to +0.010 each), with no opposing evidence",/candidate_analysis/explanation,/evidence/top_features; /evidence/full_attributions is null; /scope_notes/1,The top-k positive subset cannot establish that no omitted feature opposes the prediction. Target class is also a configured assumption.
sample_60e06e6e332aea04,unsupported_behavior,are consistent with bitwise mixing and rotation arithmetic common in hashing and proof-of-work loops,/candidate_analysis/explanation,/evidence/occurrences; /evidence/function_context,"Mnemonic pairs alone do not establish hashing, rotation or proof-of-work loops; no occurrences or context exist."
sample_60e06e6e332aea04,unsupported_behavior,so it is a recurring pattern in the binary's compute or control logic,/candidate_analysis/evidence_analysis/7/assessment,/evidence/feature_value_semantics,"Feature value semantics are not established, so the value does not show recurrence or its location in compute or control logic."
sample_60e06e6e332aea04,unsupported_crypto,Consecutive XORs are characteristic of cipher and hash mixing and are a stronger indicator of cryptographic-style computation.,/candidate_analysis/evidence_analysis/15/assessment,/evidence/top_features/15,"XOR XOR is also common for register zeroing; the claim of a stronger crypto indicator is not supported by the evidence, and the SHAP value is among the smaller ones."
sample_60e06e6e332aea04,unsupported_crypto,"XOR combined with a shift-left is a core bit-diffusion idiom in hash and PRNG routines, consistent with mining kernels.",/candidate_analysis/evidence_analysis/18/assessment,/evidence/top_features/18,A mining-kernel link is inferred from a two-mnemonic n-gram with no context.
sample_60e06e6e332aea04,unsupported_behavior,"Compare and jump-if-less is typical of loop bounds, consistent with iterative compute loops.",/candidate_analysis/evidence_analysis/12/assessment,/evidence/occurrences; /rules,Loops and control flow cannot be inferred without extraction or context evidence.
sample_60e06e6e332aea04,unsupported_certainty,the unanimous direction of the 20 features and the 1.0 model probability support a high-confidence call,/candidate_analysis/explanation,/evidence/rf_probability_class_1,"RF probability is not behavioral proof or calibrated confidence, and the explanation itself notes the evidence is purely statistical; the high-confidence tier and 0.88 score are overstated."
sample_60e06e6e332aea04,shap_misrepresentation,with no opposing evidence,/candidate_analysis/explanation,/evidence/top_features,"Omitted features and baseline are unknown; full_attributions is null, so absence of opposing features cannot be established."
sample_60e06e6e332aea04,shap_misrepresentation,"All 20 top SHAP features push toward cryptojacking, with no opposing features",/candidate_analysis/key_indicators/1,/evidence/top_features,The same overgeneralization from top-k only; the target class is a configured assumption to be verified upstream.
sample_3691b274a7236a0e,unsupported_behavior,A call immediately followed by a return suggests thin wrapper or tail-style functions.,/candidate_analysis/evidence_analysis/2/assessment,top_features[2] CALL RET; occurrences and function_context are empty,Adjacency and function structure are inferred from an n-gram name with no extraction context. Graph-aware n-grams need not be adjacent.
sample_3691b274a7236a0e,unsupported_behavior,"Standard function epilogue pattern, indicating frame-pointer-based code.",/candidate_analysis/evidence_analysis/10/assessment,top_features[10] MOV LEAVE; no function context supplied,A sample-specific claim about frame-pointer code and epilogue placement is asserted without disassembly or context.
sample_3691b274a7236a0e,unsupported_certainty,Small individual SHAP values (max +0.0134) indicate a diffuse statistical signal rather than a single decisive feature,/candidate_analysis/key_indicators/4,full_attributions is null; shap_baseline is null; scope_notes say omitted features are unknown,"Only the top 20 features are available, so the distribution of attribution across all features, and thus diffuseness, cannot be established."
sample_3691b274a7236a0e,unsupported_behavior,"Counter increment followed by a push, possibly loop or iteration handling.",/candidate_analysis/evidence_analysis/18/assessment,top_features[18] INC PUSH; no occurrences or function context,Adjacency and a loop interpretation are suggested without control-flow evidence. This is hedged but still speculative.
sample_3691b274a7236a0e,other,"Most of the high-frequency n-grams (CALL PUSH at 0.0380, PUSH CALL at 0.0386, LEA PUSH at 0.0147, ADD PUSH at 0.0122, SUB PUSH at 0.0066)",/candidate_analysis/explanation,feature_value_semantics: Not established by this artifact; do not treat as raw counts without upstream confirmation,"Feature values are treated as frequencies, and the ""high-frequency"" and ""very rare"" labels rest on them, though their semantics are unconfirmed. The numbers themselves match the evidence."
sample_12b36d2ed5dd5dd2,unsupported_behavior,A loop-counter decrement followed by a stack push.,/candidate_analysis/evidence_analysis/1/assessment,/evidence/occurrences,"No occurrences, context or control-flow evidence shows a loop counter or adjacency; mnemonics alone do not establish loops."
sample_12b36d2ed5dd5dd2,unsupported_behavior,which suggests many small routines with heavy call and stack traffic around a compute core,/candidate_analysis/explanation,/evidence/function_context,Routine structure and a 'compute core' are asserted from top-k n-gram statistics with no function context or extraction evidence.
sample_12b36d2ed5dd5dd2,unsupported_behavior,A call directly followed by a return indicates tiny wrapper or stub routines.,/candidate_analysis/evidence_analysis/10/assessment,/evidence/occurrences,Adjacency is assumed and stub or wrapper routines are asserted without extraction evidence; graph-aware n-grams need not be adjacent.
sample_12b36d2ed5dd5dd2,other,It is rare (0.000052),/candidate_analysis/evidence_analysis/10/assessment,/evidence/feature_value_semantics,The artifact states feature values must not be treated as raw counts or frequencies without upstream confirmation; the same issue applies to 'relatively high frequency' and 'very frequent' elsewhere.
sample_12b36d2ed5dd5dd2,unsupported_behavior,Add followed by rotate-right is a typical ARX-style hashing round pattern.,/candidate_analysis/evidence_analysis/0/assessment,/evidence/occurrences,"Adjacency is assumed and a hashing round is inferred from a mnemonic pair with no context, so this reads as sample-specific behavior."
sample_12b36d2ed5dd5dd2,unsupported_certainty,Treat as likely cryptominer.,/candidate_analysis/recommended_action,/evidence/rf_probability_class_1,"RF probability is not behavioral proof. No strings, APIs or runtime evidence support a likely-cryptominer verdict before verification."
sample_f834a708faf80d66,unsupported_certainty,"are the classic vectorized byte-compare idiom used in optimized string and memory routines (strlen, memchr style), which points to runtime library code rather than mining logic",/candidate_analysis/explanation,evidence.function_context=[]; occurrences=[]; top_features show only n-gram names and SHAP values,"No function context or adjacency is provided. Mnemonic n-grams cannot establish that the code is runtime library code, so the stated direction of inference is more certain than the evidence allows."
sample_f834a708faf80d66,unsupported_certainty,Vectorized byte-mask extraction typical of optimized string and memory scanning routines. It points to library code rather than mining.,/candidate_analysis/evidence_analysis/6/assessment,PAND PMOVMSKB with no occurrences or function_context,This asserts the code's nature without any supporting context.
sample_f834a708faf80d66,unsupported_certainty,"Typical tail of a vectorized compare-and-branch in string and memory functions, which indicates runtime library code.",/candidate_analysis/evidence_analysis/16/assessment,PMOVMSKB TEST with no occurrences or function_context,The n-gram alone does not indicate the surrounding function or control flow. 'Indicates' overstates the evidence.
sample_f834a708faf80d66,other,are generic or have near-zero frequency (about 0.000003),/candidate_analysis/explanation,"feature_value_semantics: 'Not established by this artifact; do not treat as raw counts'; DEC JZ=8.77e-05, MUL SETO=1.25e-05",The feature values are interpreted as frequencies although their semantics are not established. The ~0.000003 figure also does not apply to DEC JZ or MUL SETO.
sample_f834a708faf80d66,unsupported_behavior,Relatively frequent (0.003048) load-then-rotate pattern,/candidate_analysis/evidence_analysis/7/assessment,MOV ROL value=0.003047758713364601; feature_value_semantics not established,"The value is treated as a frequency, and 'load-then-rotate' infers a load and adjacency from the mnemonics without extraction context."
sample_f834a708faf80d66,other,Generic instruction pairing with very low frequency. It has no specific cryptojacking meaning and likely reflects model artifacts.,/candidate_analysis/evidence_analysis/5/assessment,ADD PUSH shap_value=0.007517507 with no model internals provided,The attribution to 'model artifacts' is speculation. The feature has a notable positive SHAP value and the value semantics are unknown.
sample_1cf33f05b7dd2772,unsupported_behavior,The extremely low frequencies of many n-grams (about 0.000056) suggest a few isolated occurrences rather than a dominant hot loop.,/candidate_analysis/explanation,/evidence/feature_value_semantics,"The artifact says feature values must not be treated as raw counts, and no loop or control-flow context is supplied, so inferring isolated occurrences or the absence of a hot loop is unsupported."
sample_1cf33f05b7dd2772,unsupported_certainty,"At relatively high frequency (0.0074), it suggests vectorized bit-mask operations",/candidate_analysis/evidence_analysis/1/assessment,/evidence/feature_value_semantics,"Values are described as 'frequency' and used to draw behavioral inferences, but their semantics are not established. 'Followed by' also asserts adjacency, which graph-aware n-grams do not guarantee."
sample_1cf33f05b7dd2772,unsupported_behavior,"Precedes a multi-word shift, indicating wide-integer arithmetic.",/candidate_analysis/evidence_analysis/11/assessment,/scope_notes/1,This asserts instruction ordering and wide-integer use. The n-gram alone does not establish adjacency or the arithmetic purpose; the 'suggestive but not conclusive' hedge only partly mitigates this.
sample_c4dc6a6205a26f8c,unsupported_certainty,so they are actually present in the binary,/candidate_analysis/explanation,/evidence/feature_value_semantics,The artifact says value semantics are not established and values should not be treated as raw counts. Presence is therefore asserted with unsupported certainty.
sample_c4dc6a6205a26f8c,unsupported_behavior,They are therefore absent or extremely rare,/candidate_analysis/explanation,/evidence/feature_value_semantics,"A value of 0.0 is read as absence or rarity in the binary, though the meaning of the values is not confirmed upstream."
sample_c4dc6a6205a26f8c,unsupported_behavior,"x86 XOR followed by a call, commonly register zeroing before a call.",/candidate_analysis/evidence_analysis/4/assessment,/evidence/top_features/4; /evidence/occurrences; /evidence/function_context,"Adjacency, operands and the register-zeroing purpose are inferred without occurrences or function context. Graph-aware n-grams need not be adjacent."
sample_c4dc6a6205a26f8c,unsupported_behavior,Several n-grams point to bitwise mixing and arithmetic typical of hash or cipher inner loops,/candidate_analysis/explanation,/evidence/top_features; /evidence/occurrences,"Mnemonic pairs alone do not establish hash or cipher routines or loops. No context, occurrences or control flow were supplied."
sample_c4dc6a6205a26f8c,other,Check the ELF for embedded mining pool URLs or wallet addresses,/candidate_analysis/recommended_action,/evidence (no file format or architecture metadata),The ELF container format is asserted without any supplied evidence of it.
sample_3bdb1d685abbdea5,unsupported_behavior,Call immediately followed by return (0.000528).,/candidate_analysis/evidence_analysis/11/assessment,/evidence/top_features/11; /evidence/occurrences,"Asserts literal adjacency for CALL RET, but there is no occurrence or context evidence, and graph-aware n-grams need not be adjacent."
sample_3bdb1d685abbdea5,unsupported_certainty,"Most frequent n-gram (0.050545), the standard argument-then-call pattern.",/candidate_analysis/evidence_analysis/16/assessment,/evidence/top_features/16; /evidence/feature_value_semantics,"Only the top-20 features are supplied and the value semantics are not established. This feature is not shown to be the most frequent overall, and 'frequency' is not confirmed."
sample_3bdb1d685abbdea5,unsupported_certainty,so the model's malware call is unambiguous,/candidate_analysis/explanation,/evidence/rf_probability_class_1; /evidence/shap_target_class_source,"The RF probability of 1.0 is not behavioral proof or a calibrated confidence. The class-1 = malware mapping and the SHAP target class are only configured assumptions, and the top-k positives do not cover omitted features."
sample_e2bfb85d2a4546f1,unsupported_crypto,"Rotate followed by add is the core ARX operation of many hash and cipher round functions, such as those in proof-of-work algorithms. This is a strong indicator of cryptographic computation.",/candidate_analysis/evidence_analysis/7/assessment,"Evidence has only the 2-gram name ROL ADD, a value and a SHAP value; no occurrences or function_context.","A non-adjacent mnemonic pair cannot establish ARX hashing, and calling it a ""strong indicator"" overstates what the evidence supports."
sample_e2bfb85d2a4546f1,unsupported_crypto,"Their relatively high frequency suggests vectorized, data-parallel computation consistent with optimized mining kernels.",/candidate_analysis/explanation,"feature_value_semantics: ""Not established by this artifact""; the SIMD values are 0.000552, 0.000414 and 0.021244.","The artifact does not establish what the values mean, and PXOR PXOR and MOVDQA MOVAPS are very low. Inferring mining kernels from them is unsupported."
sample_e2bfb85d2a4546f1,unsupported_behavior,consistent with tight iterative loops such as hash rounds,/candidate_analysis/evidence_analysis/12/assessment,No occurrences or function_context; graph-aware n-grams need not be adjacent.,Loop structure and hash rounds are inferred from a DEC JZ mnemonic pair without control-flow evidence.
sample_e2bfb85d2a4546f1,unsupported_behavior,An unusual sequence that may indicate indirect control-flow transfer or compiler/obfuscation-related stack tricks.,/candidate_analysis/evidence_analysis/3/assessment,"Only the PUSH RET n-gram name, a value of 0.000276 and a SHAP value of 0.01461.",Obfuscation or indirect control flow cannot be inferred from a PUSH RET mnemonic pair with no extraction context.
sample_e2bfb85d2a4546f1,unsupported_behavior,it contributes to the pattern of many small compute helper functions.,/candidate_analysis/evidence_analysis/2/assessment,"function_context is empty, so no function boundaries are known.",The count and nature of helper functions are asserted without function-level evidence.
sample_e2bfb85d2a4546f1,unsupported_behavior,"The MOV MOVZX (frequency 0.060146) and ADD MOVZX (0.015312) n-grams are the most frequent, which suggests heavy byte-level data handling such as table lookups or state manipulation.",/candidate_analysis/explanation,"Value semantics are not established, and only the top SHAP features are shown.","""The most frequent"" is not verifiable for the whole feature set, and the table-lookup or state-manipulation interpretation is speculative."
sample_e2bfb85d2a4546f1,unsupported_certainty,"The combination of rotate, shift and XOR crypto-like primitives, SIMD bit operations and the very high model probability supports a high-confidence cryptojacking classification",/candidate_analysis/explanation,Only the RF probability of 0.99 and top-k SHAP for target class 1 are available; there is no behavioral context.,"The ""high-confidence"" label leans on speculative crypto semantics and the RF probability, which is not behavioral proof. The text does hedge that it is ""not definitive""."
sample_e2bfb85d2a4546f1,shap_misrepresentation,"all 20 top SHAP features push toward cryptojacking, with no countervailing features in the evidence",/candidate_analysis/explanation,/evidence/top_features,"This is true only for the supplied top-k subset. Omitted features and the SHAP baseline are unknown, so absence of countervailing features cannot be established."
sample_e2bfb85d2a4546f1,shap_misrepresentation,"The strongest signals are rotate and shift-based bit manipulation: ROL ADD (+0.012417), MOV ROL (+0.009906), XOR ROL (+0.007982), MOV SHRD (+0.010290) and SHRD BT (+0.009158).",/candidate_analysis/explanation,/evidence/top_features,"These are not the strongest SHAP contributors. POP SUB (0.0203), MOV MOVZX (0.0174), MOV RET (0.0149) and others rank higher, and XOR ROL is the lowest of the 20."
sample_d9af97d0a508cc34,unsupported_behavior,"A call immediately followed by a return suggests thin wrapper or thunk functions, or tail-call-like structure.",/candidate_analysis/evidence_analysis/0/assessment,/evidence/top_features/0; /evidence/occurrences and /evidence/function_context are empty,Adjacency and function structure are inferred from a graph-aware 2-gram with no extraction or context evidence.
sample_d9af97d0a508cc34,unsupported_behavior,Short function that returns a value after a move. Generic accessor or wrapper behavior with a rare occurrence.,/candidate_analysis/evidence_analysis/4/assessment,/evidence/top_features/4; /evidence/function_context is empty,A short accessor or wrapper function is asserted without function context or adjacency evidence.
sample_d9af97d0a508cc34,unsupported_behavior,Standard function epilogue with frame teardown. It indicates conventional compiled function structure.,/candidate_analysis/evidence_analysis/12/assessment,/evidence/top_features/12,A positive-SHAP n-gram is read as a conventional epilogue and compiled structure without context; the 2-gram need not be adjacent instructions.
sample_d9af97d0a508cc34,unsupported_certainty,"It shows pervasive argument-push-then-call structure, so the binary is call-dense and relies on many external or internal routines.",/candidate_analysis/evidence_analysis/16/assessment,/evidence/top_features/16; /evidence/feature_value_semantics,Binary-wide call density and reliance on many routines are asserted from one feature value whose semantics the artifact says are unestablished.
sample_d9af97d0a508cc34,unsupported_behavior,Multi-word (64-bit on 32-bit) subtraction with borrow.,/candidate_analysis/evidence_analysis/18/assessment,/evidence/top_features/18,A specific 64-bit-on-32-bit arithmetic purpose is asserted from a SUB SBB n-gram without context.
sample_d9af97d0a508cc34,other,"Its contribution comes from the overall code profile, not from a specific malicious behavior.",/candidate_analysis/evidence_analysis/8/assessment,/evidence/top_features/8; /evidence/full_attributions is null,The artifact provides no basis for saying why this feature's SHAP contribution arises or excluding specific behavior.
sample_d9af97d0a508cc34,other,"CALL PUSH (freq 0.0488), PUSH CALL (0.0764), MOV PUSH (0.0403)",/candidate_analysis/explanation,/evidence/feature_value_semantics,"Feature values are presented as frequencies and later called 'rare' or 'frequent', but the artifact says not to treat them as raw counts or frequencies without upstream confirmation."
sample_ebf21abf4e254674,unsupported_behavior,A push followed directly by a return is an atypical control-flow idiom (an indirect jump or return-address manipulation).,/candidate_analysis/evidence_analysis/1/assessment,/evidence/top_features/1; /evidence/occurrences,"It asserts direct adjacency and control-flow intent, but graph-aware n-grams need not be adjacent and no occurrence or context evidence is supplied."
sample_ebf21abf4e254674,unsupported_behavior,It marks very short call-then-return stubs or thunks.,/candidate_analysis/evidence_analysis/0/assessment,/evidence/top_features/0; /evidence/function_context,"It infers short stubs or thunks from an n-gram name alone, with no function context or adjacency evidence."
sample_ebf21abf4e254674,unsupported_behavior,"These show heavy argument pushing, call/return sequences and frame teardown",/candidate_analysis/explanation,/evidence/feature_value_semantics,"Feature values are not established as counts or intensities, so 'heavy' usage and actual call sequences are not supported."
sample_ebf21abf4e254674,unsupported_certainty,The most frequent n-gram (0.0782).,/candidate_analysis/evidence_analysis/16/assessment,/scope_notes/1; /evidence/full_attributions,"Only the top-20 subset is available, so the claim that this is the most frequent n-gram overall cannot be verified."
sample_ebf21abf4e254674,unsupported_behavior,here the pairing with PUSH indicates ordinary register zeroing and is weak evidence,/candidate_analysis/evidence_analysis/9/assessment,/evidence/occurrences,It asserts the specific role of the XOR operands without occurrence or operand evidence. XOR with PUSH could also be non-zeroing.
sample_ebf21abf4e254674,unsupported_certainty,It is benign compiler output.,/candidate_analysis/evidence_analysis/12/assessment,/evidence/top_features/12; /evidence/function_context,"It states the provenance and benign nature of the pattern with certainty, though the evidence has no context, and the feature positively contributes to the malware-class SHAP."
sample_ebf21abf4e254674,shap_misrepresentation,its SHAP weight comes from its distribution rather than from any specific meaning,/candidate_analysis/evidence_analysis/3/assessment,/evidence/shap_baseline; /evidence/full_attributions,"It makes a causal claim about why the model assigned SHAP weight, which the supplied attributions and missing baseline cannot support."
sample_1a69161c935c912a,unsupported_certainty,Absent from the binary (frequency 0).,/candidate_analysis/evidence_analysis/0/assessment,/evidence/feature_value_semantics,"The artifact states that feature values are not established as counts or frequencies, so a value of 0.0 cannot be asserted to mean the n-gram is absent from the binary."
sample_1a69161c935c912a,unsupported_certainty,"Conditional-move usage is not observed, so its contribution reflects absence and offers no behavioral evidence.",/candidate_analysis/evidence_analysis/4/assessment,/evidence/top_features/4,"A zero value for the CMOVZ MOV n-gram does not establish that conditional moves are never used, and the value semantics are unconfirmed."
sample_1a69161c935c912a,unsupported_behavior,Loop counter increment followed by a push is common in ordinary code.,/candidate_analysis/evidence_analysis/9/assessment,/evidence/top_features/9,"Loop-counter use and adjacency are inferred from the mnemonics alone. No extraction or control-flow context is supplied, and graph-aware n-grams need not be adjacent."
sample_c01ce963a1fb597a,other,with only 'AND SUB' at 0.001289 and 'PXOR MOVUPS' at 0.000687 higher,/candidate_analysis/explanation,/evidence/top_features/16/value and /evidence/top_features/12/value,"'MOVQ PUNPCKLQDQ' has value 0.000331, which is also above 0.0003, so 'only' two is incorrect."
sample_c01ce963a1fb597a,unsupported_behavior,"they occur at extremely low frequencies, which is more typical of incidental code than a dominant hot loop",/candidate_analysis/explanation,/evidence/feature_value_semantics,"The artifact states feature values are not established as counts or frequencies, and no occurrences or function context is supplied, so the hot-loop versus incidental-code inference is unsupported."
sample_c01ce963a1fb597a,unsupported_behavior,"At 0.000687 it is among the more frequent n-grams, suggesting repeated vector initialization, which is non-specific.",/candidate_analysis/evidence_analysis/1/assessment,/evidence/top_features/1/value; /evidence/feature_value_semantics,"Inferring repeated initialization from an unconfirmed feature value is not supported, and the zero-and-store idiom assumes adjacency and same-register zeroing."
sample_c01ce963a1fb597a,unsupported_behavior,Consecutive register-clearing operations.,/candidate_analysis/evidence_analysis/3/assessment,/evidence/top_features/3,The evidence gives only the mnemonic pair 'PXOR PXOR'. It does not show that the operands are identical (zeroing) or that the instructions are consecutive.
sample_c01ce963a1fb597a,unsupported_behavior,"Stack adjustment and register restore, typical of function epilogues.",/candidate_analysis/evidence_analysis/5/assessment,/evidence/top_features/5; /evidence/function_context,"The evidence provides no function context, operands or adjacency, so the epilogue interpretation is asserted without support."
sample_593cf52bbace4485,other,Every n-gram has a reported relative frequency of 0.000000,/candidate_analysis/explanation,/evidence/feature_value_semantics,The artifact says feature value semantics are not established and should not be treated as raw counts; calling the value a 'relative frequency' is an unsupported interpretation.
sample_593cf52bbace4485,other,These appear in almost any compiled ELF,/candidate_analysis/explanation,/evidence,"No file format is supplied; ELF is assumed. The generic compiled-code point holds, but the format claim is unsupported."
sample_7fd7602cc1444350,unsupported_behavior,The n-grams cluster around two themes typical of hash-mining inner loops.,/candidate_analysis/explanation,/evidence/top_features; /evidence/function_context,"Mnemonic pairs do not establish inner loops or mining; there is no function, loop, or occurrence context."
sample_7fd7602cc1444350,unsupported_crypto,"Rotates, XORs, shifts and byte swaps are the core operations of hashing and cipher rounds, and they are consistent with proof-of-work style routines.",/candidate_analysis/explanation,/evidence/top_features,This ties the instructions to proof-of-work without any evidence beyond the mnemonics.
sample_7fd7602cc1444350,unsupported_certainty,the breadth of agreement across 20 independent features and the high-frequency presence of the rotate and SIMD n-grams support a high-confidence classification.,/candidate_analysis/explanation,/evidence/feature_value_semantics; /evidence/top_features,"Independence is unestablished for correlated n-grams, the values are tiny and have unconfirmed semantics, and 'high-frequency' and 'high-confidence' are overstated."
sample_7fd7602cc1444350,unsupported_crypto,"Add-then-rotate is a core ARX-style pattern in hash and cipher rounds, consistent with a mining hash loop.",/candidate_analysis/evidence_analysis/0/assessment,/evidence/ngram_size; /evidence/occurrences,It asserts an ARX pattern and a mining hash loop with no adjacency or control-flow evidence.
sample_7fd7602cc1444350,unsupported_behavior,indicating SIMD-parallel 64-bit arithmetic used in mining kernels.,/candidate_analysis/evidence_analysis/9/assessment,/evidence/top_features/9,A PADDQ MOVDQA pair does not show mining kernels; it is asserted as sample behavior.
sample_7fd7602cc1444350,unsupported_behavior,"Low-frequency bit-combine and loop-counter pattern. It is non-specific, but it may reflect tight loop control around the compute kernels.",/candidate_analysis/evidence_analysis/15/assessment,/evidence/top_features/15,It presumes a loop counter and compute kernels without context; it is hedged but still speculative.
sample_7fd7602cc1444350,unsupported_behavior,"Call immediately followed by return, indicating very small helper routines or stubs.",/candidate_analysis/evidence_analysis/11/assessment,/evidence/ngram_size; /evidence/function_context,"It assumes immediate adjacency and infers helper routines or stubs, but graph-aware n-grams may not be adjacent and there is no context."
sample_7fd7602cc1444350,shap_misrepresentation,"all 20 top SHAP features push toward cryptojacking, with no opposing features in the evidence",/candidate_analysis/explanation,/evidence/top_features,"It correctly says top features are positive, but 'no opposing features' risks implying that no omitted feature opposes; the target-class source is a configured assumption, and the baseline and full attributions are null."
sample_7fd7602cc1444350,shap_misrepresentation,the breadth of agreement across 20 independent features,/candidate_analysis/explanation,/evidence/top_features,SHAP values on tiny feature values do not show independence or breadth of evidence; the top-k subset is not the full attribution.
sample_7fd7602cc1444350,shap_misrepresentation,It is very rare in the binary (0.000003) but strongly weighted.,/candidate_analysis/evidence_analysis/2/assessment,/evidence/top_features,"Treating the value as a rarity within the binary relies on feature_value_semantics, which the evidence says is not established; 'strongly weighted' is relative, as it is only 0.0099 SHAP."
sample_1a1ece48254618d6,unsupported_certainty,so no feature in the evidence argues against that verdict,/candidate_analysis/explanation,/scope_notes/1; /evidence/full_attributions=null,Only a positive top-20 subset is available. It cannot show that omitted features do not support benign.
sample_1a1ece48254618d6,unsupported_behavior,Dense rotate/XOR/add chains are typical of ARX-style hash rounds such as those used in proof-of-work algorithms.,/candidate_analysis/explanation,/evidence/occurrences=[]; /evidence/function_context=[],"The evidence has no occurrences or context, so there is no support for 'chains' or hash rounds in this sample. Only isolated n-gram names are available."
sample_1a1ece48254618d6,unsupported_behavior,suggests repeated hash-round computation,/candidate_analysis/evidence_analysis/1/assessment,/evidence/feature_value_semantics,"Feature values are explicitly not established as counts or frequencies, and no execution or loop context is supplied. Repeated computation cannot be inferred."
sample_1a1ece48254618d6,unsupported_behavior,"XOR ROL is the highest-frequency feature (0.005439), indicating repeated hash-round-like computation",/candidate_analysis/key_indicators/4,/evidence/feature_value_semantics,"The value is only the highest among the listed top-k features, and its semantics are unconfirmed. Repeated computation is inferred without context."
sample_1a1ece48254618d6,unsupported_behavior,"Consecutive vector XORs indicate heavy SIMD mixing, as in memory-hard or AES/hash-like mining routines.",/candidate_analysis/evidence_analysis/4/assessment,/evidence/occurrences=[],"The n-gram is described as consecutive, but adjacency and control flow are not established. Memory-hard or mining routines are asserted without evidence."
sample_1a1ece48254618d6,unsupported_behavior,BSWAP LEA (+0.006135) to endianness conversion common in hash input/output handling,/candidate_analysis/explanation,/evidence/function_context=[],"Endianness conversion in hash I/O is inferred from two mnemonics, with no data-flow or function context."
sample_1a1ece48254618d6,unsupported_certainty,"Because many independent features agree and the model probability is very high, the evidence supports high confidence.",/candidate_analysis/explanation,/scope_notes/0; /evidence/shap_target_class_source,"The n-grams are not shown to be independent, RF probability is not behavioral proof, and the SHAP target class is a configured assumption. High confidence is overstated."
sample_831a719f8b706f5d,unsupported_certainty,supports a high-confidence cryptojacking classification,/candidate_analysis/explanation,/evidence/rf_probability_class_1; /scope_notes/1,"RF probability and a positive top-k subset do not establish cryptojacking or behavior, and omitted features are unknown."
sample_831a719f8b706f5d,unsupported_crypto,"Rotate followed by add is a classic ARX-style hashing and cipher primitive, and it supports a proof-of-work hashing interpretation.",/candidate_analysis/evidence_analysis/7/assessment,/evidence/top_features/7,"A mnemonic pair does not establish hashing or proof-of-work, and it is unclear whether the instructions are adjacent in the code."
sample_831a719f8b706f5d,unsupported_behavior,"Standard decrement-and-branch loop control. It is generic, but it is consistent with tight iteration over rounds or blocks.",/candidate_analysis/evidence_analysis/19/assessment,/evidence/top_features/19; /evidence/occurrences; /evidence/function_context,"Loop control or iteration over rounds is inferred from n-grams that may not be adjacent, with no control-flow or function context."
sample_831a719f8b706f5d,other,Very frequent (0.062140) load and zero-extend pattern.,/candidate_analysis/evidence_analysis/1/assessment,/evidence/feature_value_semantics,"The semantics of feature values are not established, so describing 0.062 as a frequency is unsupported."
sample_eeee14665cc3fb65,shap_misrepresentation,No n-gram in the evidence offsets this.,/candidate_analysis/explanation,/evidence/top_features; /evidence/full_attributions is null; /scope_notes/1,"Only a positive top-20 subset is supplied. Omitted features are unknown, so it cannot be shown that nothing offsets the cryptojacking attribution beyond this subset."
sample_eeee14665cc3fb65,unsupported_behavior,The n-grams fall into two groups that fit hash-based proof-of-work mining.,/candidate_analysis/explanation,/evidence/occurrences and /evidence/function_context are empty,"Mnemonic pairs alone do not establish a mining algorithm or PoW behavior, and no code context is supplied."
sample_eeee14665cc3fb65,unsupported_crypto,Dense rotate/XOR/add mixing is typical of hash round functions such as those in CryptoNight-style or similar mining algorithms.,/candidate_analysis/explanation,"/evidence/top_features; no constants, strings, or functions","Naming CryptoNight-style algorithms is a specific algorithmic inference not supported by n-gram names. The ""dense"" characterization is also unsupported given the tiny feature values."
sample_eeee14665cc3fb65,unsupported_behavior,consistent with scratchpad or state-mixing loops,/candidate_analysis/explanation,/evidence/occurrences is empty; /evidence/function_context is empty,Loops and scratchpad usage cannot be inferred without control-flow or extraction context.
sample_eeee14665cc3fb65,unsupported_certainty,the breadth of agreement across 20 independent features,/candidate_analysis/explanation,/evidence/top_features; /evidence/feature_value_semantics,"Overlapping instruction n-grams from the same binary are not shown to be independent, so the independence claim is unsupported."
sample_eeee14665cc3fb65,unsupported_behavior,"The most frequent top-20 n-gram (0.004449). XOR-rotate dominance points to a heavy, repeated mixing kernel.",/candidate_analysis/evidence_analysis/13/assessment,/evidence/feature_value_semantics: not established as raw counts,"The feature values are explicitly not confirmed as frequencies or counts, so ""most frequent"", ""dominance"", and ""repeated mixing kernel"" over-interpret them. Also, 0.004449 is a tiny value."
sample_eeee14665cc3fb65,unsupported_certainty,make a mining-style compute kernel the most plausible reading,/candidate_analysis/explanation,/evidence/top_features; /evidence/function_context empty,"This is stated with confidence despite the limited evidence, while the same explanation concedes the n-grams are common in legitimate crypto and compression code."
sample_eeee14665cc3fb65,unsupported_certainty,Treat as a likely cryptominer.,/candidate_analysis/recommended_action,/evidence/rf_probability_class_1; /evidence/function_context empty,"RF probability is not behavioral proof, and no strings, APIs, or runtime evidence support a miner conclusion."
sample_eeee14665cc3fb65,shap_misrepresentation,The most frequent top-20 n-gram (0.004449).,/candidate_analysis/evidence_analysis/13/assessment,/evidence/top_features,"The feature value semantics are not established as frequencies or counts, so describing it as most frequent over-reads the value."
sample_8abf9cf766af5018,unsupported_behavior,Repeated add/rotate/xor sequences are characteristic of ARX-style hash rounds and multi-word big-integer arithmetic.,/candidate_analysis/explanation,/evidence/occurrences (empty); /evidence/function_context (empty); /evidence/feature_value_semantics,"Repetition and sequence structure are not established. Only individual n-gram SHAP values are supplied, with no occurrence counts, adjacency or control-flow context. XOR also appears only in the SIMD n-grams, not alongside the add/rotate ones."
sample_8abf9cf766af5018,unsupported_behavior,"These suggest vectorized XOR, load/store, mask and 64-bit add operations typical of hashing or cipher inner loops, which fits mining workloads.",/candidate_analysis/explanation,/evidence/occurrences (empty); /evidence/function_context (empty),Mnemonic pairs do not establish inner loops or an algorithm. The link to mining workloads is an inference without function or API context.
sample_8abf9cf766af5018,unsupported_behavior,"Back-to-back aligned vector moves suggest block-wise data shuffling in vectorized compute loops, supporting an optimized hashing routine.",/candidate_analysis/evidence_analysis/3/assessment,/scope_notes; /evidence/occurrences (empty),"Adjacency and control flow are not provided, since graph-aware n-grams need not be adjacent. Compute loops and a hashing routine are inferred from the mnemonics alone."
sample_8abf9cf766af5018,unsupported_behavior,"Consecutive SIMD XORs indicate dense bitwise mixing, as in cryptographic or hashing kernels.",/candidate_analysis/evidence_analysis/2/assessment,/evidence/occurrences (empty); /evidence/feature_value_semantics,"The evidence does not show that the XORs are consecutive or dense. The feature value is tiny, and its meaning is unestablished."
sample_8abf9cf766af5018,unsupported_certainty,"AVX XOR with unaligned vector moves points to an AVX-optimized hashing or cipher path, which is typical of performance-tuned mining code.",/candidate_analysis/evidence_analysis/10/assessment,/evidence/function_context (empty),The mnemonics do not establish an AVX-optimized hashing path or mining code. 'Points to' overstates what they show.
sample_8abf9cf766af5018,unsupported_behavior,SIMD XOR with unaligned vector stores or loads is consistent with vectorized state updates in hashing loops.,/candidate_analysis/evidence_analysis/14/assessment,/evidence/occurrences (empty),Hashing loops are assumed with no loop or function evidence.
sample_8abf9cf766af5018,unsupported_behavior,Locate the functions containing the SIMD and rotate-heavy loops in a disassembler,/candidate_analysis/recommended_action,/evidence/function_context (empty),"The wording presupposes that rotate-heavy loops exist. The evidence does not establish loops, and the instruction itself is only a follow-up suggestion."
sample_0fc554ea0236b979,unsupported_behavior,"All frequencies are very low (0.00017 to 0.00224), so these sequences are a small share of the code.",/candidate_analysis/explanation,/evidence/feature_value_semantics,"The artifact says the values must not be treated as raw counts or frequencies without upstream confirmation. The numeric range is correct, but the inference about share of code is unsupported."
sample_0fc554ea0236b979,unsupported_behavior,This pattern appears in big-integer or 64-bit arithmetic on a 32-bit target.,/candidate_analysis/explanation,/evidence/top_features,"No architecture, bitness or extraction context is supplied. A 32-bit target is asserted from mnemonics alone."
sample_0fc554ea0236b979,unsupported_certainty,"These are typical of hash and cipher inner loops, which fits proof-of-work mining code such as CryptoNight or SHA/Keccak-style routines.",/candidate_analysis/explanation,/evidence/function_context,"Mnemonic n-grams do not establish loops or specific algorithms. Function context and occurrences are empty, and there are no constants or APIs."
sample_0fc554ea0236b979,unsupported_behavior,"Adjacent opposing rotates suggest bit-mixing or rotate-based emulation, typical of cryptographic primitives and sometimes obfuscation.",/candidate_analysis/evidence_analysis/8/assessment,/evidence/occurrences,"Graph-aware n-grams need not be adjacent, and no extraction or context evidence shows adjacency. Obfuscation is also not supported."
sample_0fc554ea0236b979,unsupported_behavior,"Double-precision shift used for 64-bit shifts on 32-bit code or big-integer operations, which fits hashing or wide arithmetic.",/candidate_analysis/evidence_analysis/11/assessment,/evidence/top_features,This asserts a 32-bit code context and a purpose for the MOV SHRD n-gram without supporting context.
sample_0fc554ea0236b979,unsupported_behavior,Identify the functions that contain the rotate and carry-chain loops,/candidate_analysis/recommended_action,/evidence/function_context,"This presupposes that loops exist, but no function-level or control-flow evidence was supplied."
sample_0fc554ea0236b979,unsupported_behavior,Post-call or epilogue pattern followed by a flag test.,/candidate_analysis/evidence_analysis/12/assessment,/evidence/occurrences,This gives a call or epilogue context for POP TEST without occurrence or function context.
sample_0fc554ea0236b979,shap_misrepresentation,0.00915,/candidate_analysis/evidence_analysis/3/shap_contribution,/evidence/top_features,N-gram 'MOVZX PUSH': reported SHAP=0.00915; input=0.009149361797325839; tolerance=5e-07
sample_5a1f463b38898fa1,unsupported_behavior,"CALL PUSH (freq 0.0336), PUSH CALL (0.0346), MOV PUSH (0.0448)",/candidate_analysis/explanation,/evidence/feature_value_semantics,The artifact says the value semantics are not established and should not be treated as raw counts. Calling them frequencies (and later percentages) is an unsupported interpretation.
sample_5a1f463b38898fa1,unsupported_behavior,"A call directly followed by a return suggests thunks, tail wrappers or unusual control flow.",/candidate_analysis/evidence_analysis/1/assessment,/evidence/occurrences,"No occurrences or function context are supplied, and graph-aware n-grams need not be adjacent, so direct adjacency and control-flow structure cannot be inferred."
sample_5a1f463b38898fa1,unsupported_behavior,"Stack allocation followed by pushes, typical of function prologues.",/candidate_analysis/evidence_analysis/3/assessment,/evidence/occurrences,Asserts prologue placement and adjacency for SUB PUSH without any extraction or location evidence.
sample_5a1f463b38898fa1,other,SHLD is a double-precision shift used in multi-word or 64-bit arithmetic emulation on 32-bit code.,/candidate_analysis/evidence_analysis/14/assessment,/evidence/ngram_size,"The 32-bit target architecture is not established by the evidence and is assumed here (also in MOV ADC's ""32-bit targets"")."
sample_5a1f463b38898fa1,unsupported_certainty,Highest-frequency n-gram (4.5%). A ubiquitous argument-preparation pattern,/candidate_analysis/evidence_analysis/11/assessment,/evidence/full_attributions,"Only the top-20 subset is visible, so this cannot be called the highest overall. Prevalence is also inferred without confirmed value semantics."
sample_48e4f7ded1056616,unsupported_certainty,"A canonical 64-bit addition pair on 32-bit code. Together with the SBB and ADC n-grams, it shows substantial multi-word arithmetic.",/candidate_analysis/evidence_analysis/19/assessment,/evidence/top_features/19; /evidence/feature_value_semantics,"The supplied artifact gives no architecture or bitness, no occurrences and no function context. A single n-gram at value 0.000168 does not 'show' substantial multi-word arithmetic."
sample_48e4f7ded1056616,unsupported_behavior,A rotate followed by an add is the classic rotate-add-xor mixing step of hash and cipher rounds.,/candidate_analysis/evidence_analysis/17/assessment,/evidence/top_features/17; /evidence/occurrences,"Adjacency and control flow are not established by the evidence, and no XOR is part of this n-gram. Presenting it as a mixing step goes beyond the supplied data."
sample_48e4f7ded1056616,unsupported_behavior,Call followed by a push is ordinary calling-convention behavior.,/candidate_analysis/evidence_analysis/6/assessment,/evidence/occurrences; /scope_notes,The candidate asserts adjacent instruction order and a specific calling-convention usage without extraction or context evidence.
sample_48e4f7ded1056616,unsupported_behavior,reflects stack-heavy control flow and calling-convention glue,/candidate_analysis/explanation,/evidence/top_features; /evidence/function_context,"Sample-specific control-flow behavior is inferred from mnemonic pairs alone, with no function or occurrence context. Mnemonics alone do not establish control flow."
sample_48e4f7ded1056616,other,Several of these n-grams are very rare (about 0.000168 to 0.001 relative frequency),/candidate_analysis/explanation,/evidence/feature_value_semantics,The artifact states the feature values are not established as counts or frequencies and need upstream confirmation. The candidate treats them as relative frequencies.
sample_3e4d61246fe39c14,other,Fourteen of the 20 have a relative frequency of 0.000000,/candidate_analysis/explanation,/evidence/top_features (value fields),"Only 12 of the 20 listed values are 0.0 (8 are nonzero). Also, the artifact states feature values are not established as relative frequencies or counts."
sample_3e4d61246fe39c14,shap_misrepresentation,"so their SHAP contributions come from the absence of patterns the model associates with benign software, not from observed mining-like code",/candidate_analysis/explanation,/evidence/feature_value_semantics; /evidence/shap_baseline; /evidence/full_attributions,"The artifact does not establish that value 0 means the pattern is absent, or that the model associates absence with benign software. No baseline or full attributions are supplied to support this mechanism."
sample_3e4d61246fe39c14,shap_misrepresentation,"14 of 20 n-grams have a frequency of 0.000000, so the contributions come largely from absent patterns",/candidate_analysis/key_indicators/2,/evidence/top_features; /evidence/feature_value_semantics,"The count is wrong (12 zeros), and the absence-driven attribution is unsupported given the unestablished value semantics."
sample_3e4d61246fe39c14,unsupported_certainty,"The summed SHAP of the top 20 is also modest (about 0.19), so the high probability is spread across many weak features.",/candidate_analysis/explanation,/evidence/top_features; /evidence/shap_baseline; /evidence/full_attributions,"The top-20 sum is about 0.182, not 0.19. Without a baseline or omitted-feature attributions, the claim that probability is spread across many weak features cannot be established."
sample_3e4d61246fe39c14,shap_misrepresentation,so their SHAP contributions come from the absence of patterns the model associates with benign software,/candidate_analysis/explanation,/evidence/top_features,"Mechanism not supported: value semantics are unestablished, and no baseline or full attributions are provided."
sample_3e4d61246fe39c14,shap_misrepresentation,so the high probability is spread across many weak features,/candidate_analysis/explanation,/evidence/top_features,"Omitted features are unknown, and the top-20 sum is about 0.182 rather than 0.19."
sample_0b729edc0adf46bd,unsupported_behavior,a call followed directly by a return suggests small wrapper or thunk functions,/candidate_analysis/evidence_analysis/0/assessment,/evidence/top_features/0; /evidence/function_context; /evidence/occurrences,"This assumes the CALL and RET are adjacent and that the code forms wrapper or thunk functions. The evidence has no occurrences or function context, and graph-aware n-grams need not be adjacent."
sample_0b729edc0adf46bd,unsupported_behavior,Pushing a value and then returning is an unusual control-flow idiom,/candidate_analysis/evidence_analysis/1/assessment,/evidence/top_features/1; /evidence/occurrences,"This infers a specific adjacent push-then-return sequence and control-flow idiom without extraction or context evidence. The follow-on obfuscation hint is hedged, but the adjacency is not established."
sample_0b729edc0adf46bd,other,CALL PUSH (freq 0.0498),/candidate_analysis/explanation,/evidence/feature_value_semantics,"The artifact says the feature values should not be treated as raw counts or frequencies without upstream confirmation. The candidate repeatedly calls them frequencies and builds interpretation on that, for example calling PUSH CALL the 'most frequent'."
sample_0b729edc0adf46bd,unsupported_behavior,such as a statically linked or compiler-generated 32-bit-style binary,/candidate_analysis/explanation,/evidence/top_features,"Inferring a static-linking, compiler or 32-bit binary type from n-gram names alone is sample-specific and unsupported. It is softened by 'suggest' and 'such as'."
sample_0b729edc0adf46bd,unsupported_behavior,"A standard function epilogue before return, indicating frame-pointer-based functions.",/candidate_analysis/evidence_analysis/12/assessment,/evidence/top_features/12; /evidence/function_context,"This asserts the sample's functions use frame pointers and that an epilogue precedes a return. Neither is shown, since the n-gram has no adjacency or function context."
sample_7552e8d9903bc1fb,other,"every n-gram has a reported relative frequency of 0.000000, so none can be shown to be a dense or dominant code pattern",/candidate_analysis/explanation,/evidence/feature_value_semantics and /evidence/top_features/*/value,"The evidence gives value 0.0 and says its semantics are not established and must not be treated as raw counts. It never says these are relative frequencies, and the candidate builds its argument on that reading."
sample_7552e8d9903bc1fb,other,with frequency 0.0 and no function context it is weak evidence,/candidate_analysis/evidence_analysis/0/assessment,/evidence/feature_value_semantics,It repeats the unsupported reading of the feature value as a frequency.
sample_42421335716ef46d,other,Fourteen of the 20 n-grams have a relative frequency of 0.000000.,/candidate_analysis/explanation,/evidence/top_features (12 entries have value 0.0),"Only 12 of 20 listed features have value 0.0. The candidate's own parenthetical lists 12 n-grams, and 'relative frequency' is not established."
sample_42421335716ef46d,other,"14 of the 20 n-grams have a relative frequency of 0.000000, so their presence is negligible or unconfirmed",/candidate_analysis/key_indicators/3,/evidence/top_features; /evidence/feature_value_semantics,"The count is wrong (12). Interpreting zero values as absence or negligible presence goes beyond the artifact, which says not to treat values as raw counts."
sample_42421335716ef46d,unsupported_behavior,"Frequency is 0.000000, so the pattern is essentially absent.",/candidate_analysis/evidence_analysis/0/assessment,/evidence/feature_value_semantics,"Feature value semantics are not established, so 'essentially absent' is an unsupported behavioral interpretation."
sample_7853256aef0e382a,other,"Frequent MOV MOVZX (+0.0165, frequency 0.058)",/candidate_analysis/explanation,/evidence/feature_value_semantics: Not established by this artifact; do not treat as raw counts,"Feature values are described as frequencies and used to call n-grams 'frequent' or 'rare', but the value semantics are unconfirmed."
sample_7853256aef0e382a,unsupported_behavior,Together these suggest bit-mixing and vectorized state manipulation of the kind used in proof-of-work hashing.,/candidate_analysis/explanation,/evidence/occurrences and /evidence/function_context are empty,"Mnemonic n-grams alone, with no occurrence or context data, do not establish proof-of-work hashing or bit-mixing behavior."
sample_7853256aef0e382a,other,possibly because they mark unusual prologue/epilogue or stack-manipulation structure that the training data associated with miners,/candidate_analysis/explanation,/evidence has no training-data or structural-context information,"The claim about what the training data associated with miners, and about prologue/epilogue structure, is not supported by the supplied evidence."
sample_7853256aef0e382a,other,Contributes through structural similarity to known miner samples and has no standalone semantic weight.,/candidate_analysis/evidence_analysis/4/assessment,/evidence/top_features/4,Asserts a mechanism of similarity to known miner samples that is not in the artifact; only the SHAP value and feature value are given.
sample_7853256aef0e382a,unsupported_behavior,"Standard decrement-and-branch loop counter. Weak alone, but consistent with the tight iterative loops of repeated hash rounds.",/candidate_analysis/evidence_analysis/19/assessment,/evidence/top_features/19; no occurrences or control-flow data,A loop counter and repeated hash rounds are inferred from the DEC JZ mnemonics without adjacency or control-flow evidence.
sample_7853256aef0e382a,other,It is uncommon in ordinary application code and fits multi-word bit manipulation in crypto or hash routines.,/candidate_analysis/evidence_analysis/13/assessment,/evidence/top_features/13,"The prevalence claim about SHRD in ordinary code, and its link to crypto routines in this sample, is not supported by the evidence."
sample_7853256aef0e382a,unsupported_certainty,"The unanimous SHAP direction, the probability of 1.0 and the crypto-like SIMD and rotate profile justify high confidence",/candidate_analysis/explanation,/evidence/scope_notes and /evidence/full_attributions: null,"Top-k unanimity does not rule out omitted features, and RF probability is not behavioral proof or calibrated confidence. The 'justify high confidence' language overstates certainty."
sample_e1c66bf780cb1be7,unsupported_certainty,freq 0.0277,/candidate_analysis/evidence_analysis/0/assessment,/evidence/feature_value_semantics,"The artifact says feature values are not established as raw counts or frequencies, yet the candidate labels them 'freq'."
sample_e1c66bf780cb1be7,unsupported_behavior,"none of the n-grams show the dense arithmetic/bitwise loops (e.g., rotate/shift/XOR chains) typical of hashing kernels",/candidate_analysis/explanation,/evidence/occurrences,"Occurrences, function context and control flow are empty, and the top-20 n-grams are only a subset, so the absence of loops cannot be established from the evidence."
sample_e1c66bf780cb1be7,unsupported_behavior,"Counter increment followed by a push, consistent with loop or index handling.",/candidate_analysis/evidence_analysis/9/assessment,/evidence/occurrences,"Loop or index handling is inferred from mnemonics alone, with no context, adjacency or control-flow evidence."
sample_e1c66bf780cb1be7,unsupported_behavior,Typical of stack frame allocation followed by saving values. Ordinary compiler output,/candidate_analysis/evidence_analysis/2/assessment,/evidence/occurrences,Frame allocation and compiler provenance are asserted for this sample without any extraction context or adjacency evidence.
sample_8a1c8bd890bfaa6b,unsupported_certainty,each n-gram appears at a very low relative frequency (0.000013 to 0.001206),/candidate_analysis/explanation,/evidence/feature_value_semantics,"The artifact says feature value semantics are not established and the values should not be treated as raw counts. Calling them ""relative frequency"" is an unconfirmed interpretation, though the numbers are correct."
sample_8a1c8bd890bfaa6b,unsupported_behavior,A loop counter decrement with a conditional exit.,/candidate_analysis/evidence_analysis/1/assessment,/evidence/function_context,"With no function context or control-flow evidence, a loop counter and loop exit cannot be established from the mnemonics alone, and the adjacency is unverified."
sample_6cdf576dc5c15af5,unsupported_behavior,"It indicates very short call-then-return stubs or thunk-like wrappers, which can reflect an unusual code layout.",/candidate_analysis/evidence_analysis/0/assessment,/evidence/top_features/0,"Asserts adjacent, stub-like structure from a bare n-gram; occurrences and function_context are empty and adjacency is not established."
sample_6cdf576dc5c15af5,unsupported_behavior,A push followed directly by a return is an atypical control-flow idiom (indirect jump or return-address manipulation).,/candidate_analysis/evidence_analysis/1/assessment,/evidence/top_features/1,Assumes direct adjacency and a specific control-flow idiom without extraction context.
sample_6cdf576dc5c15af5,unsupported_behavior,It contributes through frequency and distribution rather than any specific behavior.,/candidate_analysis/evidence_analysis/7/assessment,/evidence/feature_value_semantics,"Explains why the feature gets its SHAP value, and treats the value as a frequency, though feature-value semantics are explicitly not established and no full attributions exist."
sample_6cdf576dc5c15af5,unsupported_behavior,A standard function epilogue.,/candidate_analysis/evidence_analysis/12/assessment,/evidence/top_features/12,Asserts a specific adjacent epilogue sequence without context for the MOV LEAVE n-gram.
sample_6cdf576dc5c15af5,unsupported_behavior,"Its contribution reflects the call-heavy nature of the binary, not mining.",/candidate_analysis/evidence_analysis/16/assessment,/evidence/top_features/16,"Sample-level claim that the binary is call-heavy and that this drives the SHAP value, inferred from a top-k subset with unknown feature semantics."
sample_6cdf576dc5c15af5,other,"High-frequency push/call patterns (PUSH CALL 0.077, CALL PUSH 0.049, LEA PUSH 0.046, MOV PUSH 0.042) showing call-heavy stack-based code",/candidate_analysis/key_indicators/3,/evidence/feature_value_semantics,"Labels values as frequencies and infers call-heavy code, but the artifact says not to treat them as raw counts or frequencies without upstream confirmation."
sample_161f8d30a7e981e2,unsupported_behavior,Adjacent opposing rotations are a bit-mixing signature of hash and cipher code,/candidate_analysis/evidence_analysis/17/assessment,/evidence/top_features/17 and /evidence/occurrences,"Adjacency or order of ROL and ROR is not established; occurrences and function context are empty, and graph-aware n-grams need not be adjacent."
sample_161f8d30a7e981e2,unsupported_behavior,"Add followed by rotate-right is characteristic of hash and cipher rounds, so it mildly supports compute-heavy hashing.",/candidate_analysis/evidence_analysis/2/assessment,/evidence/top_features/2 and /evidence/function_context,It assumes sequential adjacency and a hashing-round context that the supplied evidence does not show.
sample_161f8d30a7e981e2,unsupported_behavior,Generic loop-counter and stack code.,/candidate_analysis/evidence_analysis/18/assessment,/evidence/top_features/18 and /evidence/function_context,Loop-counter use for DEC PUSH is inferred without any control-flow or context evidence.
sample_161f8d30a7e981e2,unsupported_certainty,"LEA CALL, XOR CALL and CMOVZ MOV have a frequency of 0.000, so they are not meaningfully present in this binary's counts, and their SHAP contributions probably reflect model artifacts.",/candidate_analysis/explanation,"/evidence/feature_value_semantics and /evidence/top_features/12,14,15","The artifact says feature values must not be treated as raw counts or frequencies without upstream confirmation. A zero value with a positive SHAP contribution can reflect the model's use of absence, so calling it an 'artifact' is speculative."
sample_161f8d30a7e981e2,shap_misrepresentation,The model's high probability comes from many small additive contributions rather than a few strong signals.,/candidate_analysis/explanation,/evidence/shap_baseline and /evidence/full_attributions,"Baseline and full attributions are null, so the composition of the 0.94 probability cannot be established from a top-20 subset."
sample_95e259ed5133579d,unsupported_behavior,Most of the listed n-grams have a relative frequency of 0.000000,/candidate_analysis/explanation,/evidence/feature_value_semantics,The artifact states feature values are not established as raw counts or frequencies without upstream confirmation. Calling them relative frequencies is unsupported.
sample_95e259ed5133579d,unsupported_certainty,"Their SHAP contributions therefore reflect the model treating their absence as informative, not observed code behavior.",/candidate_analysis/explanation,/evidence/top_features; /evidence/feature_value_semantics; /evidence/shap_baseline,"This assumes value 0 means the n-gram is absent and explains the SHAP mechanism. Neither the value semantics nor the SHAP baseline is supplied, so the mechanism is asserted without support."
sample_95e259ed5133579d,unsupported_certainty,"Frequency 0. Stack-cleanup pattern that is absent; its contribution reflects the overall shape of the instruction distribution, not observed behavior.",/candidate_analysis/evidence_analysis/2/assessment,/evidence/top_features/2,It asserts absence and a specific cause for the SHAP value (overall instruction-distribution shape) without extraction or baseline evidence.
sample_95e259ed5133579d,unsupported_behavior,"A call followed by stack adjustment is absent, so it adds no direct behavioral evidence.",/candidate_analysis/evidence_analysis/6/assessment,/evidence/top_features/6; /evidence/occurrences,"It treats the graph-aware n-gram as an adjacent call-then-stack-adjustment sequence and as absent, but no occurrence or context evidence supports adjacency or absence."
sample_620406503b2ddfb1,unsupported_behavior,"Consecutive increments suggest tight pointer or counter loops over data buffers, which is consistent with repetitive compute loops",/candidate_analysis/evidence_analysis/13/assessment,occurrences and function_context are empty; no control-flow evidence,Loop or buffer behavior cannot be inferred from an INC INC n-gram without context.
sample_620406503b2ddfb1,unsupported_behavior,Tight-loop counter pattern INC INC at relatively high frequency (0.023146),/candidate_analysis/key_indicators/4,feature_value_semantics: not established; no extraction or context,"Asserts a tight loop as a key indicator without loop evidence, and the frequency semantics are unconfirmed."
sample_620406503b2ddfb1,unsupported_behavior,Adjacent opposite rotations are uncommon in ordinary code and are associated with hash and cipher implementations,/candidate_analysis/evidence_analysis/8/assessment,scope_notes and rules: n-grams need not be adjacent; no adjacency evidence,"Assumes adjacency, and asserts rarity in ordinary code without supporting evidence."
sample_620406503b2ddfb1,unsupported_behavior,The reverse carry/subtract ordering reinforces the multi-word arithmetic theme across the binary.,/candidate_analysis/evidence_analysis/18/assessment,only top-k n-grams are supplied; no whole-binary distribution,Claims a binary-wide theme from a few n-grams with very low frequency values.
sample_620406503b2ddfb1,unsupported_behavior,show frequent rotation mixed with XOR and add operations,/candidate_analysis/explanation,"values for MOV ROL 0.001317, ADD ROR 0.000188, ROL ROR 0.000565; the candidate itself says each n-gram has a low frequency",'Frequent' and 'mixed' contradict the low supplied values and assume co-occurrence without context.
sample_620406503b2ddfb1,unsupported_certainty,support a high-confidence call,/candidate_analysis/explanation,RF probability is not calibrated confidence; omitted features and baseline are unknown,Presents the model probability as high certainty about cryptojacking despite statistical-only evidence.
sample_620406503b2ddfb1,shap_misrepresentation,all 20 top n-grams push toward cryptojacking,/candidate_analysis/explanation,/evidence/top_features,"True for the displayed top 20, but the target class is only a configured assumption and omitted features are unknown. The wording risks being read as overall evidence."
sample_620406503b2ddfb1,shap_misrepresentation,"the consistent direction of all 20 features, the concentration of rotate/XOR/carry patterns",/candidate_analysis/explanation,/evidence/top_features,A positive top-k subset cannot show that omitted features do not support benign; 'concentration' is also overstated because the SHAP values are small and tightly clustered.
sample_620406503b2ddfb1,shap_misrepresentation,All 20 top SHAP features push toward cryptojacking with consistent magnitudes,/candidate_analysis/key_indicators/2,/evidence/top_features,"Describes the class-1 direction as 'toward cryptojacking', although the target class source is an unverified assumption; the 'consistent magnitudes' wording is also loose."
sample_979adb21d8633182,unsupported_behavior,The n-grams fall into three groups typical of hashing and proof-of-work code.,/candidate_analysis/explanation,/evidence/top_features; /evidence/occurrences is empty; /evidence/function_context is empty,No code context shows hashing or PoW; n-gram names alone do not establish algorithms.
sample_979adb21d8633182,unsupported_behavior,"Aligned 128-bit load followed by a bitwise AND is typical of SIMD masking in hash or cipher kernels, so it fits a mining inner loop.",/candidate_analysis/evidence_analysis/0/assessment,/evidence/occurrences is empty; /evidence/function_context is empty,Infers a mining inner loop and adjacency/ordering without extraction or context evidence.
sample_979adb21d8633182,unsupported_behavior,"Adjacent opposing rotations are typical of bit-mixing in hash functions and ciphers, a core feature of proof-of-work code.",/candidate_analysis/evidence_analysis/11/assessment,/scope_notes; /evidence/occurrences is empty,"Asserts adjacency, which graph-aware n-grams do not guarantee, and links the pair to proof-of-work without context."
sample_979adb21d8633182,unsupported_certainty,"PXOR PXOR (+0.005241, freq 0.001921, the most frequent SIMD pattern)",/candidate_analysis/explanation,/evidence/top_features; /evidence/full_attributions is null,"Only the top-20 subset is supplied, so 'most frequent SIMD pattern' cannot be established; the value semantics are also unconfirmed."
sample_979adb21d8633182,unsupported_behavior,A call immediately followed by return indicates tiny stub or thunk functions.,/candidate_analysis/evidence_analysis/13/assessment,/evidence/function_context is empty,Infers sample-specific function structure from the n-gram name without control-flow context.
sample_979adb21d8633182,unsupported_certainty,"These indicate rotate-add-xor mixing and multi-precision arithmetic, consistent with hash round functions and big-integer math.",/candidate_analysis/explanation,/evidence/top_features,The list contains no XOR in a rotate/add n-gram; 'rotate-add-xor mixing' and 'indicate' go beyond mnemonic co-occurrence.
sample_298d48f3d493f717,shap_misrepresentation,Their SHAP weight comes from how often they occur,/candidate_analysis/explanation,/evidence/feature_value_semantics; /evidence/top_features,"No evidence supports a frequency-driven cause of SHAP values. Value semantics are explicitly unconfirmed, and SUB PUSH has the largest SHAP with a lower value than MOV PUSH."
sample_298d48f3d493f717,unsupported_behavior,appear in almost any Windows executable,/candidate_analysis/explanation,/evidence (no platform or file-format metadata),The platform and prevalence across executables are not in the supplied artifact.
sample_298d48f3d493f717,unsupported_certainty,"The highest-frequency n-grams are MOV PUSH (0.0378, SHAP +0.0125)",/candidate_analysis/explanation,/evidence/feature_value_semantics,"Treats the feature values as frequencies, though the artifact says not to treat them as raw counts without upstream confirmation."
sample_298d48f3d493f717,unsupported_behavior,Adjacent division and multiplication indicate integer or modular arithmetic.,/candidate_analysis/evidence_analysis/18/assessment,/evidence/top_features (DIV MUL); no occurrences or function context,Adjacency and modular arithmetic are inferred from graph-aware n-gram mnemonics without extraction evidence.
sample_298d48f3d493f717,unsupported_behavior,"A call immediately followed by a return suggests thunk or wrapper functions, or a tail-call-like structure.",/candidate_analysis/evidence_analysis/7/assessment,/evidence/top_features (CALL RET); occurrences empty,Immediate adjacency and the resulting thunk/wrapper structure are not established by the evidence.
sample_298d48f3d493f717,unsupported_certainty,Very rare (0.000027) sequence that is atypical of normal compiler output.,/candidate_analysis/evidence_analysis/3/assessment,/evidence/top_features (POP SUB),"The claim about compiler-output norms has no support in the sample evidence, and the value semantics are unconfirmed."
sample_b1b90426ca4e030c,shap_misrepresentation,Its SHAP weight reflects a model artifact.,/candidate_analysis/evidence_analysis/1/assessment,/evidence/top_features/1; /evidence/full_attributions is null; /evidence/shap_baseline is null,"The evidence does not show why a zero-valued n-gram has a positive SHAP value. Calling it an artifact is an unsupported causal claim, since feature-value semantics are unconfirmed and no attribution context is given."
sample_b1b90426ca4e030c,unsupported_certainty,so they are essentially absent or negligible in the binary,/candidate_analysis/explanation,/evidence/feature_value_semantics,"The artifact says feature values must not be treated as raw counts without upstream confirmation, so asserting that these n-grams are absent from the binary overreaches."
sample_b1b90426ca4e030c,other,the mix may reflect disassembly of mixed or misinterpreted code or data,/candidate_analysis/explanation,/evidence/occurrences is empty; /evidence/function_context is empty,"This is a hedged hypothesis, but no extraction evidence supports it. It is a minor conjecture, not an observed fact."
sample_36b99299b89908bd,unsupported_behavior,Register zeroing followed by an unaligned vector store.,/candidate_analysis/evidence_analysis/1/assessment,/evidence/top_features/1; /evidence/occurrences (empty); /evidence/function_context (empty),"The n-gram names do not show adjacency, operand direction or whether MOVUPS is a store rather than a load. Graph-aware n-grams need not be adjacent."
sample_36b99299b89908bd,unsupported_behavior,Sign-extended integer index followed by scalar double load. This is standard array-of-double access.,/candidate_analysis/evidence_analysis/15/assessment,/evidence/top_features/15; /evidence/function_context (empty),"Mnemonics alone do not establish an index, an array access or adjacency. No context supports this interpretation."
sample_36b99299b89908bd,unsupported_behavior,"Address computation near a stack restore, usually function epilogue code.",/candidate_analysis/evidence_analysis/18/assessment,/evidence/top_features/18; /evidence/function_context (empty),The claim of epilogue or stack-restore context is asserted without extraction or context evidence.
sample_36b99299b89908bd,unsupported_certainty,"Frequencies are very low for nearly all features, except MOV MOVZX at 0.0225",/candidate_analysis/explanation,/evidence/feature_value_semantics,The artifact states that feature values are not established as counts or frequencies and should not be treated as raw counts. The candidate treats them as frequencies and draws a conclusion about signal weakness.
sample_36b99299b89908bd,other,only slightly above the decision boundary,/candidate_analysis/explanation,/evidence/rf_probability_class_1,"No decision threshold is supplied. A 0.5 boundary is assumed, though it is plausible for a binary RF."
sample_dbf32441eda1545d,other,Fourteen of the 20 n-grams have a displayed relative frequency of 0.000000,/candidate_analysis/explanation,/evidence/top_features (values),"Counting the evidence gives 13 features with value 0.0 (ADD POP, CMOVZ MOV, XOR CALL, AND MOV, CALL XOR, CALL ADD, MOV JZ, CMP JL, TEST JZ, XOR XOR, TEST JS, XOR SHL, and one more); the count of 14 is off. The values are also not confirmed as relative frequencies."
sample_dbf32441eda1545d,unsupported_behavior,Typical function-epilogue or stack-cleanup adjacency.,/candidate_analysis/evidence_analysis/1/assessment,/evidence/function_context,"No function context exists, so asserting an epilogue role for ADD POP is an unsupported sample-specific behavior inference."
sample_dbf32441eda1545d,unsupported_behavior,A compare-and-branch loop or bounds check. It is consistent with iterative loops but extremely common.,/candidate_analysis/evidence_analysis/12/assessment,/evidence/occurrences,"Adjacency and control flow are not established without extraction context. It is hedged, but it implies a loop."
sample_dbf32441eda1545d,unsupported_behavior,An add followed by a branch.,/candidate_analysis/evidence_analysis/16/assessment,/evidence/top_features/16,"'add b' is interpreted as add followed by a branch, but 'b' could be a truncated or different mnemonic, and graph-aware n-grams need not be adjacent."
sample_dbf32441eda1545d,unsupported_certainty,The themes that fit a hashing or mining workload are bitwise mixing and arithmetic,/candidate_analysis/explanation,/evidence/top_features,Mnemonics alone do not establish hashing or mining workload. It is hedged but it leans toward a mining interpretation.
sample_f62b8079963031b8,other,"Seven of the top 20 n-grams (ADD POP, MOV CMP, CMOVZ MOV, MOV LEA, XOR CALL, MOV JZ) have a frequency of 0.000000",/candidate_analysis/explanation,"/evidence/top_features: value 0.0 for ADD POP, MOV CMP, CMOVZ MOV, MOV LEA, XOR CALL, MOV JZ; /evidence/feature_value_semantics","Only six zero-value features exist, and the evidence says not to treat values as raw counts or frequencies."
sample_f62b8079963031b8,unsupported_certainty,"so their positive SHAP values reflect absence of a pattern that the model associates with benign code, not observed malicious behavior",/candidate_analysis/explanation,/evidence/feature_value_semantics; /evidence/full_attributions null,"Value semantics are unestablished, and no evidence shows what the model associates with benign code for these features."
sample_f62b8079963031b8,unsupported_behavior,A call immediately followed by a return suggests small wrapper or thunk functions.,/candidate_analysis/evidence_analysis/2/assessment,/evidence/occurrences empty; /evidence/function_context empty,Adjacency and function structure cannot be inferred from a graph-aware n-gram without extraction context.
sample_f62b8079963031b8,unsupported_behavior,It shows heavy register save/restore activity,/candidate_analysis/evidence_analysis/6/assessment,/evidence/top_features POP PUSH value 0.0712; /evidence/feature_value_semantics,The activity level is inferred from a feature value whose meaning is not established as a count.
sample_230562ea05ac0cd2,unsupported_behavior,A call immediately followed by ret suggests tail-call wrappers or thunk-like stubs,/candidate_analysis/evidence_analysis/11/assessment,/evidence/top_features/11; scope_notes; rules on graph-aware n-grams,"Assumes strict adjacency of CALL and RET and infers a stub or wrapper structure. No extraction, context or function evidence supports adjacency or control flow."
sample_230562ea05ac0cd2,unsupported_behavior,Pop immediately before a call (freq 0.0013) may indicate register restoration before a call or indirect dispatch.,/candidate_analysis/evidence_analysis/19/assessment,/evidence/top_features/19; /evidence/occurrences (empty),"Asserts immediate adjacency with no occurrence or context evidence, then suggests a sample-specific interpretation."
sample_230562ea05ac0cd2,unsupported_behavior,Push followed by ret is an indirect control-transfer idiom sometimes used for obfuscated jumps.,/candidate_analysis/evidence_analysis/5/assessment,/evidence/top_features/5; /evidence/occurrences (empty),Treats the graph-aware n-gram as an adjacent PUSH/RET sequence and links it to obfuscated jumps without any supporting context. The statement is hedged but still infers adjacency.
sample_230562ea05ac0cd2,unsupported_certainty,Standard function epilogue pattern (freq 0.00249). It reflects compiler-generated frame handling and has no behavioral implication.,/candidate_analysis/evidence_analysis/15/assessment,/evidence/top_features/15; /evidence/feature_value_semantics,"Asserts with certainty that MOV LEAVE in this sample is an ordinary compiler epilogue, which the evidence does not establish. It also treats the value as a frequency."
sample_230562ea05ac0cd2,unsupported_certainty,"These appear in nearly all compiled code and show calling-convention and prologue/epilogue activity, not mining behavior.",/candidate_analysis/explanation,/evidence/function_context (empty); /evidence/occurrences (empty),"Asserts that this sample's n-grams show prologue/epilogue and calling-convention activity, and rules out mining behavior. No context supports either assertion; absence of evidence is not benign evidence."
sample_230562ea05ac0cd2,unsupported_certainty,Generic argument-staging idiom at high frequency (0.0421). It indicates stack-based calling conventions,/candidate_analysis/evidence_analysis/2/assessment,/evidence/feature_value_semantics,Treats the value as a frequency although the artifact says semantics are not established. Also asserts stack-based calling-convention use without context.
sample_12aa3ec904965521,unsupported_behavior,"It is very rare (0.000014), which suggests a small, specialized code region.",/candidate_analysis/evidence_analysis/0/assessment,/evidence/feature_value_semantics,"The artifact says feature values are not established as counts or frequencies, and no code-region data exists, so inferring a small specialized region is unsupported."
sample_12aa3ec904965521,unsupported_certainty,"Most of these n-grams are very rare, with frequencies of 0.000014 to 0.000169",/candidate_analysis/explanation,/evidence/feature_value_semantics,"Treats the values as frequencies although the semantics are explicitly unconfirmed. The stated range also excludes other listed values, such as 0.000127 being included but 0.001410 and 0.004414 being excluded."
sample_12aa3ec904965521,unsupported_behavior,fit bit-manipulation and arithmetic loops,/candidate_analysis/explanation,/evidence/occurrences,"Loops cannot be inferred from n-gram mnemonics, and no occurrences or control-flow context were supplied."
sample_12aa3ec904965521,unsupported_behavior,It suggests loop or unrolled arithmetic and is a generic pattern.,/candidate_analysis/evidence_analysis/5/assessment,/evidence/function_context,Unrolled or loop structure is inferred from a mnemonic pair without extraction context.
sample_12aa3ec904965521,unsupported_behavior,Consecutive counter decrements,/candidate_analysis/evidence_analysis/5/assessment,/evidence/occurrences,"Assumes adjacency and counter use. Graph-aware n-grams need not be adjacent, and no context was provided."
sample_12aa3ec904965521,unsupported_behavior,Likely zeroing or padding at code boundaries.,/candidate_analysis/evidence_analysis/4/assessment,/evidence/occurrences,Asserts a sample-specific code location and role without context. It is hedged with 'likely' but still not evidenced.
sample_12aa3ec904965521,unsupported_behavior,likely function-epilogue or register-restore code,/candidate_analysis/evidence_analysis/16/assessment,/evidence/function_context,Function-epilogue placement is inferred with no function or adjacency context.
sample_b4bb07498fa4ad2d,unsupported_certainty,"Seventeen of the twenty n-grams have a relative frequency of 0.000000, so they are effectively absent from the binary.",/candidate_analysis/explanation,/evidence/feature_value_semantics,The artifact states the value semantics are not established and should not be treated as raw counts. Declaring the patterns absent from the binary is therefore overconfident.
sample_b4bb07498fa4ad2d,unsupported_certainty,"17 of 20 top n-grams have zero observed frequency, so the SHAP contributions mostly reflect absence",/candidate_analysis/key_indicators/1,/evidence/top_features; /evidence/shap_baseline,"No baseline or full attributions are supplied, so no evidence supports saying the SHAP values reflect absence. It is stated as fact rather than as a hypothesis."
sample_f70d67bd735e1e5a,unsupported_certainty,so they are essentially absent or negligible in the binary,/candidate_analysis/explanation,/evidence/feature_value_semantics,"The artifact says feature value semantics are not established and should not be treated as raw counts. Reading zero as absent or negligible in the binary goes slightly beyond that, though the limitation is mostly respected elsewhere."
sample_f70d67bd735e1e5a,unsupported_certainty,The only nonzero one is 'or nor' at 0.000053.,/candidate_analysis/explanation,/evidence/top_features/16/value,"Accurate only within the top-20 subset. Omitted features are unknown, so 'only nonzero' and 'only feature actually observed' apply to the displayed subset, not the whole sample. The wording is not explicitly limited to the top 20."
sample_e144d4ecc424951c,unsupported_behavior,Typical stack allocation followed by register saving in a function prologue.,/candidate_analysis/evidence_analysis/0/assessment,/evidence/top_features/0; /evidence/function_context,"The evidence has no function context, so a prologue reading is an unconfirmed interpretation of a mnemonic pair, although it is framed generically."
sample_e144d4ecc424951c,unsupported_certainty,It may reflect the binary's overall code structure or packing.,/candidate_analysis/evidence_analysis/0/assessment,/evidence/top_features/0,"No evidence for packing is supplied. The statement is hedged with 'may', so this is a minor speculative overreach."
sample_e144d4ecc424951c,unsupported_certainty,"so their positive SHAP values come from the model's learned feature distribution, not from observed code in this binary",/candidate_analysis/explanation,/evidence/feature_value_semantics; /evidence/top_features/10,"The artifact states that feature-value semantics are not established, so treating 0.0 as definitely 'not observed code' is unconfirmed, though it is a reasonable reading."
sample_a1eb1dcc22f8da97,unsupported_behavior,"The n-gram frequencies are also very low (mostly below 0.001, and two are 0.000000), so each pattern is rare in the binary.",/candidate_analysis/explanation,/evidence/feature_value_semantics,The artifact says feature-value semantics are not established and the values should not be treated as raw counts or frequencies. Concluding that patterns are rare in the binary goes beyond that.
sample_a1eb1dcc22f8da97,unsupported_certainty,barely above the decision boundary,/candidate_analysis/explanation,/evidence/rf_probability_class_1,"No decision threshold is provided. 0.545 is above 0.5, but 'barely' presumes a threshold not in the evidence. This is a minor imprecision."
sample_c9ff3229711b1107,shap_misrepresentation,"The strongest contributors are PXOR PXOR (+0.011429) and XOR PXOR (+0.005707), plus PXOR MOVUPS (+0.007954) and MOVDQA PAND (+0.008113).",/candidate_analysis/explanation,/evidence/top_features,"XOR PXOR (+0.005707) ranks 13th of 20, while MOV FLD (+0.009136) is second and is omitted from the 'strongest' list."
sample_c9ff3229711b1107,unsupported_behavior,Consecutive SSE register-clearing or XOR operations.,/candidate_analysis/evidence_analysis/0/assessment,/evidence/occurrences,"No extraction or context evidence establishes adjacency or control flow, or that the pattern is register zeroing."
sample_c9ff3229711b1107,unsupported_behavior,"It indicates a call immediately followed by return, such as a thunk or trivial wrapper.",/candidate_analysis/evidence_analysis/13/assessment,/evidence/function_context,The immediate-adjacency and thunk/wrapper interpretation is asserted without occurrence or function context.
sample_c9ff3229711b1107,unsupported_certainty,"The n-gram frequencies are very low, mostly under 0.0006, apart from PXOR MOVUPS at 0.002413.",/candidate_analysis/explanation,/evidence/feature_value_semantics,"The numbers are correct, but the artifact says the values must not be treated as raw counts or frequencies without upstream confirmation."
sample_c9ff3229711b1107,unsupported_certainty,"Every one of these instruction patterns also occurs in legitimate crypto libraries, compression, multimedia and numeric software.",/candidate_analysis/explanation,/evidence/top_features,A universal claim about all 20 patterns is not supported by sample evidence.
sample_c9ff3229711b1107,unsupported_behavior,"Together they reinforce the presence of multi-word shift arithmetic, which is weakly suggestive.",/candidate_analysis/evidence_analysis/17/assessment,/evidence/occurrences,Two mnemonic pairs are used to assert the 'presence' of multi-word arithmetic without context.
sample_8278d43bd6bc3ca2,other,14 of the 20 n-grams have a reported relative frequency of 0.000000,/candidate_analysis/explanation,/evidence/top_features,"Only 12 of the 20 listed values are 0.0 (ADD POP, CMOVZ MOV, XOR CALL, AND MOV, CALL ADD, CALL XOR, MOV JZ, CMP JL, XOR XOR, XOR SHL, add blx, clz sub.w). The count is wrong."
sample_8278d43bd6bc3ca2,unsupported_behavior,"so they are rare or absent in this binary and the SHAP push comes from the model's learned associations, not from visible code density",/candidate_analysis/explanation,/evidence/feature_value_semantics,The artifact says the feature value semantics are not established and the values should not be treated as counts. The inference that the n-grams are absent from the binary is therefore unsupported.
sample_8278d43bd6bc3ca2,unsupported_behavior,"Fourth, the patterns are generic compiler output",/candidate_analysis/explanation,/evidence/function_context,No function context or extraction evidence supports the claim that the patterns come from compiler output.
sample_8458cf11e4c96bef,other,The highest-frequency ones are stack and calling-convention patterns,/candidate_analysis/explanation,/evidence/feature_value_semantics,The artifact says feature values must not be treated as raw counts or frequencies without upstream confirmation; the candidate presents them as frequencies.
sample_8458cf11e4c96bef,unsupported_certainty,They occur at frequencies of roughly 0.000004 to 0.001,/candidate_analysis/explanation,/evidence/feature_value_semantics,"The numbers match the supplied values, but calling them occurrence frequencies is not established."
sample_8458cf11e4c96bef,unsupported_behavior,"A call immediately followed by a return, as in thin wrapper or tail-style functions.",/candidate_analysis/evidence_analysis/2/assessment,/evidence/occurrences,No occurrence or context data is provided to show adjacency or the function shape. The rules say not to infer adjacency or control flow without extraction evidence.
sample_8458cf11e4c96bef,unsupported_behavior,Stack frame allocation followed by argument pushes.,/candidate_analysis/evidence_analysis/0/assessment,/evidence/occurrences,It asserts a specific frame-allocation role and ordering for SUB PUSH that no extraction or context evidence supports.
sample_8458cf11e4c96bef,unsupported_behavior,Testing a popped value suggests a post-call status check.,/candidate_analysis/evidence_analysis/15/assessment,/evidence/function_context,It infers a post-call status check with no call context or adjacency evidence.
sample_588dfebd68bff40b,other,"every n-gram has a reported relative frequency of 0.000000, so none can be shown to occur meaningfully in the binary",/candidate_analysis/explanation,/evidence/feature_value_semantics and /evidence/top_features/*/value,"The evidence gives value 0.0 and states the semantics are not established; it does not report a relative frequency, and occurrence cannot be inferred from it."
sample_588dfebd68bff40b,other,All reported n-gram frequencies are 0.000000 and no function locations are provided,/candidate_analysis/key_indicators/2,/evidence/feature_value_semantics,This repeats the unsupported interpretation of the feature values as frequencies.
sample_28395a3c860e551a,unsupported_behavior,"Because many of these n-grams occur at relatively high frequency (PXOR MOVDQA 0.001891, MOVQ PUNPCKLQDQ 0.006958, SHL OR 0.002329), they reflect sustained computation rather than incidental occurrences.",/candidate_analysis/explanation,/evidence/feature_value_semantics,"Feature values are not established as counts or frequencies, and values near 0.001 to 0.007 do not show sustained computation. The claim is also unsupported without context."
sample_28395a3c860e551a,unsupported_behavior,High frequency of vector-mixing n-grams indicates sustained compute loops,/candidate_analysis/key_indicators/5,/evidence/occurrences,"The evidence has no occurrences, function context or control flow, so loops cannot be inferred. The stated values are tiny."
sample_28395a3c860e551a,unsupported_behavior,"Consecutive 128-bit XORs indicate dense vectorized mixing, consistent with the inner loops of mining hash algorithms.",/candidate_analysis/evidence_analysis/1/assessment,/evidence/occurrences,"Graph-aware n-grams need not be adjacent, and no context supports 'consecutive' or 'inner loops' or mining algorithms."
sample_28395a3c860e551a,unsupported_behavior,Its relatively high frequency (0.001891) suggests repeated use.,/candidate_analysis/evidence_analysis/2/assessment,/evidence/feature_value_semantics,A value that is not confirmed as a count and is only 0.0019 does not show repeated use.
sample_28395a3c860e551a,unsupported_behavior,The most frequent top-20 n-gram (0.006958). Packing 64-bit values into 128-bit registers suggests sustained SIMD data preparation for hash rounds.,/candidate_analysis/evidence_analysis/6/assessment,/evidence/feature_value_semantics,Sustained SIMD data preparation for hash rounds is inferred from an unconfirmed feature value and a mnemonic pair.
sample_28395a3c860e551a,unsupported_crypto,These resemble ARX-style round functions and multi-precision arithmetic seen in hashing and cryptographic primitives.,/candidate_analysis/explanation,/evidence/top_features,"Mnemonic pairs alone do not establish algorithms or round functions, and the pairs are not shown to be adjacent."
sample_28395a3c860e551a,unsupported_certainty,strongly supports a cryptojacking classification,/candidate_analysis/explanation,/evidence/rf_probability_class_1,The RF output and an incomplete top-k n-gram subset are not behavioral proof. The claim also conflicts with the candidate's own admission that mining behavior cannot be confirmed.
sample_ea6b4b735007da2d,other,Twelve of the 20 n-grams have a relative frequency of 0.000000,/candidate_analysis/explanation,/evidence/feature_value_semantics,The artifact says value semantics are not established and should not be treated as raw counts. 'Relative frequency' is asserted as fact.
sample_ea6b4b735007da2d,unsupported_certainty,"therefore come from the model treating their absence as a malware-associated signal, not from observed code",/candidate_analysis/explanation,/evidence/shap_baseline,"This is a definitive mechanistic reading of SHAP for zero-valued features. The baseline, full attributions and value semantics are unavailable, so it is an unsupported certainty."
sample_ea6b4b735007da2d,unsupported_behavior,Absent from the binary.,/candidate_analysis/evidence_analysis/1/assessment,/evidence/top_features/1,A feature value of 0.0 with unestablished semantics does not show the n-gram is absent from the binary. No occurrences or extraction context are provided.
sample_ea6b4b735007da2d,unsupported_behavior,"Together with MOV SYSCALL, it suggests small syscall wrapper stubs.",/candidate_analysis/evidence_analysis/12/assessment,/evidence/top_features/7,Graph-aware n-grams need not be adjacent and no occurrences or function context are supplied. The stub structure is inferred without adjacency or control-flow evidence.
sample_950ec8fb007c77fd,unsupported_behavior,It is very rare in this binary (freq 0.000002) yet highly discriminative.,/candidate_analysis/evidence_analysis/0/assessment,/evidence/feature_value_semantics,"Feature values are not established as frequencies or counts, so 'rare in this binary' is unsupported. 'Highly discriminative' also goes beyond a top-k SHAP value."
sample_950ec8fb007c77fd,unsupported_behavior,"Frequent (0.000102), which suggests repeated use rather than incidental occurrence.",/candidate_analysis/evidence_analysis/18/assessment,/evidence/feature_value_semantics,Infers repeated use from a feature value whose semantics are unconfirmed; no occurrences or function context are supplied.
sample_950ec8fb007c77fd,unsupported_behavior,"Call immediately followed by return, indicating very small or thunk-like routines.",/candidate_analysis/evidence_analysis/10/assessment,/evidence/occurrences,Assumes literal adjacency and infers routine structure without extraction or context evidence (occurrences and function_context are empty).
sample_950ec8fb007c77fd,unsupported_behavior,It is relatively frequent (0.000118).,/candidate_analysis/evidence_analysis/3/assessment,/evidence/feature_value_semantics,Treats the feature value as a frequency despite the explicit caution against treating it as raw counts.
sample_950ec8fb007c77fd,unsupported_behavior,"Very rare and unusual in typical code, and may reflect bit-manipulation or obfuscated arithmetic.",/candidate_analysis/evidence_analysis/15/assessment,/evidence/top_features/15,"Obfuscation is not established by mnemonics alone, and the 'unusual in typical code' claim is not supported by the evidence. The obfuscation point is hedged but still speculative."
sample_950ec8fb007c77fd,unsupported_certainty,Treat as likely cryptojacking and prioritize for confirmation.,/candidate_analysis/recommended_action,/evidence/rf_probability_class_1,"RF probability is not behavioral proof or calibrated confidence. Mnemonic n-grams do not establish cryptojacking, and the candidate itself says the evidence cannot separate mining from legitimate crypto or compression code."
sample_aaddc9486e67bf4e,unsupported_certainty,"Most of the x86-style n-grams have a reported frequency of 0.000000, so they are essentially absent or extremely rare in the binary.",/candidate_analysis/explanation,/evidence/feature_value_semantics,"The artifact says value semantics are not established and must not be treated as raw counts, so absence or rarity in the binary is an unsupported inference."
sample_aaddc9486e67bf4e,unsupported_certainty,"Most top n-grams have a frequency of 0.000000, so they are essentially absent or very rare in the binary",/candidate_analysis/key_indicators/2,/evidence/feature_value_semantics,The same overreach is repeated as a key indicator. Zero feature values are interpreted as binary prevalence without upstream confirmation.
sample_aaddc9486e67bf4e,other,The highest-frequency n-gram (0.001003),/candidate_analysis/evidence_analysis/6/assessment,/evidence/feature_value_semantics,Calling the value a 'frequency' assumes semantics the artifact explicitly does not establish.
sample_aaddc9486e67bf4e,shap_misrepresentation,"Its high SHAP value likely reflects how it interacts with other features in the model, not any mining behavior.",/candidate_analysis/evidence_analysis/1/assessment,/evidence/full_attributions,"No interaction values, full attributions or baseline are supplied, so this mechanism for the SHAP value is speculation, though hedged with 'likely'."
sample_6dd2cc5f8fc827e3,unsupported_behavior,"These are also the most frequent n-grams, at roughly 0.0005 to 0.0015 each.",/candidate_analysis/explanation,/evidence/feature_value_semantics; /evidence/top_features/18/value,"Feature values are not established as frequencies or counts, and omitted features are unknown. PADDQ MOVDQA is about 0.0001, outside the stated range, and ADD ROR is also high."
sample_6dd2cc5f8fc827e3,unsupported_crypto,Several of them match the instruction mix of hash and cipher inner loops used in mining.,/candidate_analysis/explanation,/evidence/function_context; /evidence/occurrences,"Mnemonic n-grams without loop, function or occurrence context do not establish inner loops or a mining instruction mix."
sample_6dd2cc5f8fc827e3,unsupported_behavior,This is consistent with vectorized mixing of hash or cipher state blocks in a hot loop.,/candidate_analysis/evidence_analysis/1/assessment,/evidence/occurrences,"It assumes instruction adjacency and a hot loop, but no extraction or control-flow context supports either."
sample_6dd2cc5f8fc827e3,unsupported_behavior,"It suggests thin wrapper or stub functions, which is structurally unusual.",/candidate_analysis/evidence_analysis/2/assessment,/evidence/function_context,No function boundaries or adjacency evidence support inferring wrapper or stub functions or an unusual structure.
sample_6dd2cc5f8fc827e3,unsupported_crypto,Rotate-right combined with addition is characteristic of ARX-style hash and cipher rounds used in proof-of-work computation.,/candidate_analysis/evidence_analysis/0/assessment,/evidence/top_features/0,ROR and ADD mnemonics alone do not establish ARX rounds or proof-of-work computation. They are common in benign code.
sample_6dd2cc5f8fc827e3,unsupported_crypto,BSWAP LEA (+0.0056) suggests byte-order conversion of hash words.,/candidate_analysis/explanation,/evidence/top_features/12,Speculating about hash-word endianness from BSWAP and LEA is unsupported. BSWAP is common in benign byte handling.
sample_6dd2cc5f8fc827e3,unsupported_certainty,"Even so, the combination of many strong, consistent SHAP contributions and a crypto-primitive-like instruction profile supports a high-confidence tier.",/candidate_analysis/explanation,/evidence/shap_baseline; /evidence/full_attributions,"The baseline and omitted features are unknown, SHAP values are small and the profile is not shown to be crypto-specific. The RF probability is not behavioral proof, so the certainty is overstated."
sample_6dd2cc5f8fc827e3,unsupported_certainty,0.82,/candidate_analysis/confidence_score,/evidence/rf_probability_class_1,The 0.82 confidence is not derived from any supplied evidence and is unrelated to the RF probability of 0.975.
sample_70322e26c7d5508b,unsupported_behavior,"almost all n-grams occur at very low frequency (about 0.000333, or roughly one occurrence)",/candidate_analysis/explanation,/evidence/feature_value_semantics,"The artifact says feature values must not be treated as raw counts without upstream confirmation, so 'roughly one occurrence' is unsupported."
sample_70322e26c7d5508b,unsupported_behavior,"It is equally typical of benign buffer zeroing, and it occurs only about once.",/candidate_analysis/evidence_analysis/1/assessment,/evidence/top_features/1/value,"The value 0.000333 is not established as an occurrence count, so 'only about once' is unsupported."
sample_70322e26c7d5508b,other,"Three n-grams (MOV JZ, XOR CALL, MOV POP) have frequency 0.000000 yet carry positive SHAP, so their contribution is not backed by observed presence and is of doubtful value.",/candidate_analysis/explanation,/evidence/top_features/13/value,"Value semantics are unconfirmed, and a zero or absent feature value can legitimately carry SHAP attribution. Dismissing the contribution as doubtful overreaches."
sample_70322e26c7d5508b,unsupported_certainty,there are no distinctive crypto-primitive indicators such as rotate-heavy or AES-instruction sequences,/candidate_analysis/explanation,/evidence/full_attributions,"Only the top 20 features are available, so the absence of crypto-primitive indicators cannot be asserted for the whole sample."
sample_70322e26c7d5508b,unsupported_behavior,Consecutive PXOR instructions are typical of register zeroing or XOR mixing of vector state.,/candidate_analysis/evidence_analysis/2/assessment,/evidence/occurrences,"Adjacency or consecutiveness cannot be inferred without extraction or context evidence, and no occurrences are supplied."
sample_70322e26c7d5508b,unsupported_behavior,Address computation followed by a carry-flag branch.,/candidate_analysis/evidence_analysis/3/assessment,/evidence/occurrences,It assumes direct sequential ordering of the n-gram instructions without supplied context.
sample_b0e5a335a6d051a8,unsupported_behavior,A call immediately followed by a return suggests a small wrapper or stub function.,/candidate_analysis/evidence_analysis/13/assessment,/evidence/top_features/13 (CALL RET); occurrences and function_context are empty,Immediate adjacency and a wrapper/stub structure cannot be inferred from the n-gram name alone without extraction or context evidence.
sample_b0e5a335a6d051a8,unsupported_behavior,Together the two support the presence of multi-word carry arithmetic.,/candidate_analysis/evidence_analysis/12/assessment,"/evidence/top_features/6 and /evidence/top_features/12 (SUB ADC, ADC SUB)",The mnemonic pairs alone do not establish multi-word arithmetic. The statement is stronger than the earlier 'suggests'.
sample_b0e5a335a6d051a8,unsupported_behavior,Together they reinforce a pattern of byte extraction around rotations,/candidate_analysis/evidence_analysis/15/assessment,"/evidence/top_features/11 and /evidence/top_features/15 (MOVZX ROL, ROL MOVZX)",Adjacency and a shared code pattern are inferred without occurrence or control-flow context.
sample_b0e5a335a6d051a8,unsupported_certainty,No n-gram opposes the classification.,/candidate_analysis/explanation,/scope_notes (omitted features unknown; shap_baseline and full_attributions null),"Only the top 20 features are known, so this cannot be stated for all n-grams. It holds only for the top-k subset."
sample_b0e5a335a6d051a8,other,Their individual frequencies are very low (most below 0.0008),/candidate_analysis/explanation,/evidence/feature_value_semantics,The artifact does not establish what the feature values mean and says not to treat them as raw counts. Calling them frequencies is an unconfirmed interpretation.
sample_bda6f0dc60eee5be,unsupported_certainty,"Twelve of the 20 n-grams have a frequency of 0.000000, so their SHAP weight comes from absence or near-absence",/candidate_analysis/explanation,/evidence/feature_value_semantics,The artifact says feature value semantics are not established and the values should not be treated as raw counts or frequencies. The 'absence' interpretation of SHAP contributions depends on that assumption.
sample_bda6f0dc60eee5be,other,are ordinary compiler-generated function prologue/epilogue and stack-cleanup idioms,/candidate_analysis/explanation,/evidence/top_features/0,"The sentence names CMOVZ MOV among the strongest contributors, but that n-gram (conditional move then move) is not a prologue/epilogue idiom. The candidate's own per-feature assessment calls it branchless selection."
sample_a64cffe3d8cfbeff,unsupported_behavior,MOV SYSCALL (+0.011085) indicates direct system-call invocation.,/candidate_analysis/explanation,/evidence/top_features/3,"The evidence is only an n-gram name and SHAP value; no context establishes actual syscall intent or direct invocation behavior in this sample. A statement of instruction semantics would be fine, but 'indicates' asserts sample behavior."
sample_a64cffe3d8cfbeff,unsupported_behavior,MOV SYSCALL indicates direct system-call usage,/candidate_analysis/key_indicators/5,/evidence/top_features/3,The key indicator repeats the sample-specific syscall inference without occurrence or function context.
sample_a64cffe3d8cfbeff,unsupported_behavior,"Repeated register exchanges are unusual in ordinary compiled code. They may reflect hand-optimized or obfuscated routines such as permutation steps, and are mildly suspicious.",/candidate_analysis/evidence_analysis/11/assessment,/evidence/top_features/11,Obfuscation and hand-optimization are not established by the mnemonic pair. The 'unusual in ordinary compiled code' claim is also unsupported by the supplied evidence.
sample_a64cffe3d8cfbeff,unsupported_behavior,"XCHG-based n-grams (SHL XCHG, XCHG XCHG, XCHG ADD) suggest hand-optimized or obfuscated bit manipulation",/candidate_analysis/key_indicators/3,/evidence/top_features,"Obfuscation is inferred from mnemonics alone, without extraction or context evidence."
sample_a64cffe3d8cfbeff,unsupported_certainty,The combined profile is still consistent with a compute-heavy mining payload.,/candidate_analysis/explanation,/evidence/top_features,"No evidence establishes a compute-heavy payload; the claim rests on aggregated mnemonic associations. It is hedged ('consistent with'), but the tier and the recommended action ('Treat the sample as likely cryptojacking') lean on it."
sample_a64cffe3d8cfbeff,unsupported_certainty,Treat the sample as likely cryptojacking and prioritize it for confirmation.,/candidate_analysis/recommended_action,/evidence/rf_probability_class_1,"The RF probability of 1.0 is not behavioral proof, and the explanation itself says no mining-specific artifact exists. 'Likely cryptojacking' overstates the support from the evidence."
sample_94c70e7c15564392,unsupported_behavior,"Such sequences are atypical of ordinary compiler output and can indicate hand-written or obfuscated code, stack or flag juggling, or packer/loader stubs.",/candidate_analysis/explanation,/evidence/top_features; /evidence/function_context is empty,"There is no disassembly, no occurrence context and no baseline. Atypicality relative to compiler output is asserted without evidence. The 'can indicate' hedge only partially mitigates it."
sample_94c70e7c15564392,unsupported_behavior,"A call immediately followed by a return is a thunk or wrapper pattern, also seen in stub or trampoline code.",/candidate_analysis/evidence_analysis/7/assessment,/evidence/occurrences is empty,"The n-gram does not guarantee adjacency in graph-aware extraction, and no context shows a thunk or wrapper in this sample."
sample_94c70e7c15564392,unsupported_certainty,the combined pattern of obfuscation-like rare sequences and compute-oriented sequences,/candidate_analysis/explanation,/evidence/top_features; /evidence/function_context,Mnemonic pairs alone do not establish obfuscation or compute-oriented behavior. The text presents this combined pattern as the basis of the conclusion.
sample_94c70e7c15564392,unsupported_behavior,"Together they point to heavy push-based argument passing and frequent call sequences, which fits large, call-dense compiled code.",/candidate_analysis/explanation,/evidence/feature_value_semantics,"Feature values are explicitly not established as counts or frequencies, and no code size or call density is supplied."
sample_641c31553c03d4f1,other,so they are rare or negligible in the binary,/candidate_analysis/explanation,/evidence/feature_value_semantics,"The artifact states the feature values are not established as raw counts or frequencies, so presence in the binary cannot be inferred from them."
sample_641c31553c03d4f1,shap_misrepresentation,so the verdict is the sum of many weak signals,/candidate_analysis/explanation,/evidence/shap_baseline; /evidence/full_attributions,"The baseline and full attributions are null and only a positive top-k subset is given, so it cannot be shown that the verdict decomposes into these weak signals."
sample_641c31553c03d4f1,unsupported_behavior,"Together with XOR CALL, it shows XOR adjacent to calls in both orders.",/candidate_analysis/evidence_analysis/8/assessment,/evidence/occurrences; /evidence/function_context,"Graph-aware n-grams need not be adjacent, and no occurrence or context evidence supports adjacency."
sample_641c31553c03d4f1,other,"XOR CMOVNZ, ADD BLX) have a displayed frequency of 0.000000",/candidate_analysis/explanation,/evidence/top_features/19/ngram,"The evidence n-gram is lowercase ARM ""add blx"", but the explanation lists it among the x86 n-grams. The candidate's own evidence_analysis calls it ARM."
sample_82e05a1bc31b8250,unsupported_behavior,The strongest signals are consistent with hashing or cipher routines.,/candidate_analysis/explanation,/evidence/top_features; /evidence/function_context is empty,"Bare n-gram mnemonics do not establish hashing or cipher routines, and no function context or occurrences exist."
sample_82e05a1bc31b8250,unsupported_crypto,"which suggests vectorized XOR and data movement, as seen in memory-hard hashing or bulk state manipulation",/candidate_analysis/explanation,/evidence/top_features SIMD entries; /evidence/occurrences is empty,Memory-hard hashing is inferred from tiny n-gram frequencies with no context or demonstrated bulk or vectorized operation.
sample_82e05a1bc31b8250,unsupported_crypto,"BSWAP LEA (rank 11, +0.005972) fits byte-order conversion of hash state.",/candidate_analysis/explanation,/evidence/top_features (BSWAP LEA),"""Hash state"" is asserted without any evidence of hashing; BSWAP LEA alone does not show it."
sample_82e05a1bc31b8250,unsupported_crypto,"Rotate-right paired with addition is characteristic of ARX hash and cipher round functions, consistent with mining hash computation.",/candidate_analysis/evidence_analysis/0/assessment,/evidence/top_features (ADD ROR); /evidence/occurrences is empty,"The ARX/mining-hash inference rests on a 2-gram without adjacency, control-flow or loop evidence."
sample_82e05a1bc31b8250,unsupported_behavior,"Dense SIMD XOR/move patterns (PXOR, MOVDQA, MOVAPS, MOVUPS) at about 0.05–0.13% frequency",/candidate_analysis/key_indicators/4,/evidence/feature_value_semantics,"""Dense"" and ""frequency"" are unsupported because the feature values' semantics are not established and ~0.1% is not dense."
sample_82e05a1bc31b8250,unsupported_certainty,Treat as likely cryptojacking malware.,/candidate_analysis/recommended_action,/evidence/rf_probability_class_1; /scope_notes,"RF probability and a top-k SHAP subset are not behavioral proof, so this is a certainty stronger than the evidence supports."
sample_023f99850505e303,unsupported_behavior,Every n-gram has a reported relative frequency of 0.000000,/candidate_analysis/explanation,/evidence/feature_value_semantics,The artifact states that value semantics are not established and should not be treated as raw counts. Calling them relative frequencies assigns unsupported semantics.
sample_023f99850505e303,unsupported_certainty,"CMOVZ MOV, XOR CMOVNZ and CMP CMOVZ show branchless conditional-move logic",/candidate_analysis/key_indicators/2,/evidence/top_features,Mnemonic pairs alone cannot show branchless logic. The explanation text itself only says it 'may indicate' this. The key indicator states it with unwarranted certainty.
sample_023f99850505e303,unsupported_behavior,"Consecutive XORs may reflect bitwise mixing of the kind seen in hash or cipher routines, or just multiple register zeroings.",/candidate_analysis/evidence_analysis/8/assessment,/evidence/occurrences,"Graph-aware n-grams need not be adjacent, and no extraction or context evidence supports consecutiveness."
sample_023f99850505e303,unsupported_behavior,"Address computation immediately before a call, such as passing a pointer argument.",/candidate_analysis/evidence_analysis/12/assessment,/evidence/function_context,Adjacency and call-setup role are asserted without occurrences or function context.
sample_023f99850505e303,other,Its frequency is 0.000000 and no function is listed,/candidate_analysis/evidence_analysis/0/assessment,/evidence/top_features/0/value,"The value 0.0 is reported as a frequency, although the artifact does not establish what the feature value represents."
sample_8e1f598e8c240603,unsupported_behavior,"which suggests the binary has sustained, repeated compute loops and not isolated incidental use",/candidate_analysis/explanation,/evidence/feature_value_semantics,"Feature values are explicitly not established as counts or frequencies, and no loop or control-flow context is supplied, so sustained loops cannot be inferred."
sample_8e1f598e8c240603,unsupported_behavior,"Its frequency of 0.003477 is the highest in the list, suggesting it recurs in hot loops.",/candidate_analysis/evidence_analysis/5/assessment,/evidence/feature_value_semantics,The value is treated as a frequency and used to infer hot loops without extraction or occurrence evidence; 'occurrences' and 'function_context' are empty.
sample_8e1f598e8c240603,unsupported_crypto,"indicate heavy vectorized XOR mixing, as in AES-like or Keccak/CryptoNight-style state updates",/candidate_analysis/evidence_analysis/1/assessment,/evidence/top_features/1,"Mnemonics alone do not establish a specific algorithm or family. 'Consecutive' also assumes adjacency, which graph-aware n-grams do not guarantee."
sample_8e1f598e8c240603,unsupported_crypto,"Division and multiplication in sequence suggest wide-integer or modular arithmetic, as in memory-hard hash computation.",/candidate_analysis/evidence_analysis/6/assessment,/evidence/top_features/6,DIV MUL has no supplied context; a link to memory-hard hashing is speculative and sequence is not established.
sample_8e1f598e8c240603,unsupported_behavior,"Address computation immediately before a SIMD XOR suggests indexed table or scratchpad lookups feeding XOR mixing, as in memory-hard algorithms.",/candidate_analysis/evidence_analysis/19/assessment,/evidence/top_features/19,Immediate adjacency and scratchpad lookups are inferred from a LEA PXOR n-gram without any extraction context.
sample_8e1f598e8c240603,unsupported_certainty,"The convergence of many independent crypto-style instruction patterns, together with the very high model probability, nonetheless strongly supports a cryptojacking classification.",/candidate_analysis/explanation,/evidence/rf_probability_class_1,"The n-grams are not shown to be independent, and mnemonics plus RF probability are not behavioral proof; 'strongly supports' overstates certainty given the missing context."
sample_8e1f598e8c240603,unsupported_certainty,Treat as a likely cryptominer.,/candidate_analysis/recommended_action,/evidence/function_context,"There are no function names, API calls, network indicators or behavioral evidence, so a likely-cryptominer verdict is overstated."
sample_47e69d705f64933b,other,"Nine of the 20 n-grams have a relative frequency of 0.000000 (ADD POP, CMOVZ MOV, CALL ADD, LEA CALL, XOR XOR, TEST JS, XOR CALL)",/candidate_analysis/explanation,/evidence/top_features (value = 0.0 for 7 n-grams),"Only seven features have value 0.0, and the candidate lists seven. The count of nine is wrong."
sample_47e69d705f64933b,other,"Nine of the top 20 n-grams have zero observed frequency, so their influence is inferred rather than directly observed",/candidate_analysis/key_indicators/2,/evidence/top_features; /evidence/feature_value_semantics,The count is wrong (seven). 'Frequency' and 'observed' also assume value semantics that the artifact says are not established.
sample_47e69d705f64933b,unsupported_certainty,so they are effectively absent and their contribution comes from the model's learned decision boundaries rather than observed code,/candidate_analysis/explanation,/evidence/feature_value_semantics; /evidence/shap_baseline,Presents as fact that zero-valued features are absent from the code and that their SHAP contribution reflects learned boundaries. The artifact gives no confirmation of value meaning and has no baseline or full attributions.
sample_07c1c6d48af77e59,unsupported_behavior,which fits a statically linked or obfuscated miner-style binary,/candidate_analysis/explanation,/evidence/top_features; /evidence/function_context is empty,"Linking, obfuscation and miner-style structure cannot be inferred from isolated 2-gram names; no extraction context was supplied."
sample_07c1c6d48af77e59,unsupported_behavior,which is consistent with the big-integer or modular math in hashing and mining code,/candidate_analysis/explanation,"/evidence/top_features (CDQ MOV, XOR CDQ, LEA IDIV, SUB SBB)","Sign-extension, division and SBB mnemonics do not establish big-integer or hashing/mining arithmetic here."
sample_07c1c6d48af77e59,unsupported_behavior,It points to obfuscation or non-standard control flow.,/candidate_analysis/evidence_analysis/1/assessment,PUSH RET feature; /evidence/occurrences is empty,Obfuscation or a push-address-then-ret idiom is inferred without occurrence or adjacency evidence; graph-aware n-grams need not be adjacent.
sample_07c1c6d48af77e59,unsupported_behavior,"A call immediately followed by a return suggests thunk or wrapper routines and tail-call structures, a layout common in packed or statically linked binaries.",/candidate_analysis/evidence_analysis/0/assessment,CALL RET feature; no adjacency or context provided,Asserts immediate adjacency and packing/static-linking structure that the evidence does not support.
sample_07c1c6d48af77e59,unsupported_crypto,"Subtract-with-borrow chaining is the hallmark of multi-word (big-integer) arithmetic, consistent with the numeric work in cryptographic or mining routines.",/candidate_analysis/evidence_analysis/18/assessment,SUB SBB feature; no function context,Asserts chaining and cryptographic/mining arithmetic from a single 2-gram name without context.
sample_07c1c6d48af77e59,unsupported_behavior,"A rare pairing, likely from hand-written or obfuscated code or optimized routines.",/candidate_analysis/evidence_analysis/11/assessment,POP XCHG feature; no context,Claims about code provenance or obfuscation are not supported by the n-gram alone.
sample_07c1c6d48af77e59,unsupported_behavior,which may suggest loop-driven argument generation,/candidate_analysis/evidence_analysis/15/assessment,INC PUSH feature; no control-flow evidence,Loop structure is inferred from mnemonics without control-flow evidence (hedged with 'may').
sample_07c1c6d48af77e59,unsupported_certainty,Treat the sample as likely cryptojacking malware,/candidate_analysis/recommended_action,/evidence/rf_probability_class_1; /evidence/feature_value_semantics,"RF probability is not behavioral proof; the verdict is stronger than the static n-gram evidence supports, though the explanation elsewhere acknowledges this limit."
sample_c9f0135231d8816c,unsupported_behavior,show heavy XOR use together with a shift and conditional moves,/candidate_analysis/explanation,/evidence/top_features; /evidence/feature_value_semantics,"All n-gram values are 0.0 with unestablished semantics, and there are no occurrences or context. Only SHAP-ranked bigram names are available, so 'heavy' use is not supported."
sample_c9f0135231d8816c,unsupported_behavior,"Address computation immediately before a call, typically for argument setup.",/candidate_analysis/evidence_analysis/12/assessment,/evidence/occurrences; /evidence/function_context,Adjacency and argument setup are inferred without extraction or context evidence. Graph-aware n-grams need not be adjacent instructions.
sample_c9f0135231d8816c,unsupported_certainty,so none is demonstrably prevalent in the binary,/candidate_analysis/explanation,/evidence/feature_value_semantics,The artifact says feature values must not be treated as raw counts or frequencies without upstream confirmation. Calling them 'frequency' and inferring non-prevalence goes beyond that.
sample_26f915ee001173d3,unsupported_behavior,their frequencies are very low (0.00003 to 0.0006),/candidate_analysis/explanation,/evidence/feature_value_semantics,The artifact says feature values must not be treated as raw counts or established frequencies. The rarity argument relies on that interpretation.
sample_26f915ee001173d3,unsupported_behavior,but a single occurrence is not meaningful,/candidate_analysis/evidence_analysis/16/assessment,/evidence/occurrences,"No occurrence data were supplied, so the number of occurrences of SBB INC is not established."
sample_26f915ee001173d3,unsupported_behavior,"A call directly followed by a return, such as a tail or thunk-style wrapper. It suggests small wrapper functions",/candidate_analysis/evidence_analysis/3/assessment,/evidence/function_context,It asserts adjacency and wrapper structure without extraction or function-context evidence.
sample_26f915ee001173d3,unsupported_behavior,A call followed by pushing arguments for the next call.,/candidate_analysis/evidence_analysis/1/assessment,/evidence/function_context,It infers adjacency and a specific argument-passing role for a graph-aware n-gram without context.
sample_26f915ee001173d3,unsupported_certainty,The model's malware lean is probably driven by a broad code-style fingerprint rather than a distinct cryptojacking signature.,/candidate_analysis/explanation,/evidence/scope_notes,"Only a top-20 positive subset is available, with unknown omitted features and baseline, so the cause of the overall RF score cannot be established. The statement is hedged with 'probably'."
sample_8fd02794b05f0f32,unsupported_certainty,The most frequent n-gram (0.0335),/candidate_analysis/evidence_analysis/4/assessment,/evidence/top_features (top-20 subset only); /scope_notes,"Only the top-20 subset is available, so CALL PUSH cannot be the most frequent n-gram overall. Feature values are also not established as frequencies."
sample_8fd02794b05f0f32,shap_misrepresentation,its contribution reflects model bias more than behavior,/candidate_analysis/evidence_analysis/4/assessment,/evidence/shap_baseline is null; /evidence/full_attributions is null,Nothing supports attributing this SHAP value to model bias; the baseline is unknown and SHAP does not separate bias from behavior here.
sample_8fd02794b05f0f32,unsupported_behavior,A call followed immediately by a return,/candidate_analysis/evidence_analysis/5/assessment,/evidence/occurrences is empty; /evidence/function_context is empty,"Adjacency and thin-wrapper structure are inferred without extraction context, and graph-aware n-grams need not be adjacent."
sample_8fd02794b05f0f32,unsupported_certainty,The only benign-leaning feature,/candidate_analysis/evidence_analysis/7/assessment,/scope_notes: a positive top-k subset is not all features,This is true only within the top 20; omitted features may also lean benign.
sample_8fd02794b05f0f32,other,Most of the high-frequency n-grams,/candidate_analysis/explanation,/evidence/feature_value_semantics,"The artifact states the values must not be treated as raw counts or frequencies without upstream confirmation, yet the candidate treats them as frequencies without caveat."
sample_5189c356e7fda208,shap_misrepresentation,"all 20 top SHAP features push toward cryptojacking, with no opposing features among them",/candidate_analysis/explanation,/evidence/top_features,"All 20 listed SHAP values are positive, but the target-class mapping is only a configured assumption and these are only the top-k features. 'Push toward cryptojacking' equates class 1 with cryptojacking without verification."
sample_5189c356e7fda208,unsupported_behavior,"A move followed by add-with-carry is consistent with multi-precision or hash-style arithmetic, which fits compute-heavy mining code.",/candidate_analysis/evidence_analysis/2/assessment,/evidence/top_features/2,"A 2-gram mnemonic pair does not establish mining-style code. Graph-aware n-grams need not be adjacent, and no context or function evidence is supplied."
sample_5189c356e7fda208,unsupported_crypto,"XOR combined with add-with-carry is typical of mixing and diffusion operations in hash and cipher routines, which makes it moderately suggestive of mining-style computation.",/candidate_analysis/evidence_analysis/15/assessment,/evidence/top_features/15,"Infers crypto/mining semantics from mnemonics alone, with no occurrences or function context."
sample_5189c356e7fda208,unsupported_behavior,An increment followed by a push suggests loop or counter handling with stack use.,/candidate_analysis/evidence_analysis/9/assessment,/evidence/top_features/9,"Loop inference from mnemonics alone is not supported, and adjacency and control flow are not established."
sample_5189c356e7fda208,unsupported_certainty,"the model's unanimous, high-probability output",/candidate_analysis/explanation,/evidence/rf_probability_class_1,'Unanimous' overstates the evidence. Only a top-20 subset is shown and RF probability is not behavioral proof.
sample_5c753095399c6fc7,other,Every n-gram has a reported frequency of 0.000000,/candidate_analysis/explanation,/evidence/feature_value_semantics,The artifact reports 'value' 0.0 and says its semantics are not established and must not be treated as raw counts. Calling it a 'frequency' asserts a meaning the evidence does not support. The same wording appears in key_indicators.
sample_5c753095399c6fc7,unsupported_behavior,Consecutive XORs may indicate register zeroing or bitwise mixing.,/candidate_analysis/evidence_analysis/8/assessment,/evidence/ngram_size,"Adjacency or consecutive execution is inferred, but no extraction, context or control-flow evidence is supplied and graph-aware n-grams need not be adjacent. The claim is hedged, so this is minor."
sample_a4fffaf983e5d012,unsupported_behavior,every n-gram has a reported relative frequency of 0.000000,/candidate_analysis/explanation,/evidence/feature_value_semantics,The artifact states that feature values are not established and must not be treated as raw counts. Calling them 'relative frequency' and drawing a prevalence inference from them goes beyond the evidence.
sample_a4fffaf983e5d012,unsupported_behavior,"Function prologue and stack frame allocation. Generic, with no behavioral implication.",/candidate_analysis/evidence_analysis/5/assessment,/evidence/top_features/5,The evidence gives no extraction or context showing the PUSH and SUB are adjacent or part of a prologue. Graph-aware n-grams need not be adjacent instructions.
sample_a4fffaf983e5d012,other,"Less common than TEST JZ and may reflect specific numeric handling, but not conclusive.",/candidate_analysis/evidence_analysis/7/assessment,/evidence/top_features/7,No corpus or occurrence data supports the relative-commonness claim or the numeric-handling inference. The statement is hedged but still unsupported.
sample_92ed8a5585fb2b3d,unsupported_behavior,it indicates many small functions with frames,/candidate_analysis/evidence_analysis/0/assessment,/evidence/top_features/0; /evidence/function_context is empty,A single n-gram with no function context cannot establish the number or size of functions or their frames.
sample_92ed8a5585fb2b3d,unsupported_behavior,"A call immediately followed by a return, as in thin wrapper or tail-style functions.",/candidate_analysis/evidence_analysis/2/assessment,/evidence/occurrences is empty; /evidence/function_context is empty,"Adjacency or control flow cannot be inferred without extraction context, and nothing supports wrapper or tail-call structure in this sample."
sample_92ed8a5585fb2b3d,unsupported_behavior,"Reflects heavy stack-based argument passing, which is a generic 32-bit cdecl/stdcall style.",/candidate_analysis/evidence_analysis/8/assessment,/evidence/top_features/8; /evidence/feature_value_semantics,"Architecture and calling convention are asserted for this sample without any supplied evidence, and the value semantics are explicitly unestablished."
sample_92ed8a5585fb2b3d,unsupported_behavior,Consecutive call-and-argument-setup sequences indicate a call-dense program.,/candidate_analysis/evidence_analysis/9/assessment,/evidence/top_features/9; /evidence/occurrences is empty,The n-gram does not establish consecutive sequences or overall program call density.
sample_92ed8a5585fb2b3d,unsupported_certainty,"show a call-heavy, push-argument-heavy code style",/candidate_analysis/explanation,/evidence/feature_value_semantics,"This code-style conclusion treats the n-gram values as reliable prevalence measures, which the artifact says not to assume."
sample_92ed8a5585fb2b3d,other,The highest-frequency ones,/candidate_analysis/explanation,/evidence/feature_value_semantics,"The artifact says feature values must not be treated as raw counts without upstream confirmation, so 'frequency' is not established."
sample_0d62dcc0ecb72a6b,unsupported_behavior,"The observed frequencies are very low (mostly 0.0001 to 0.002), which means these patterns occupy a small fraction of the code.",/candidate_analysis/explanation,/evidence/feature_value_semantics,"The artifact says feature values are not established as counts or frequencies, so a conclusion about the share of code is unsupported."
sample_0d62dcc0ecb72a6b,unsupported_behavior,"A generic loop-counter pattern that suggests tight iterative loops, but it is not specific to mining.",/candidate_analysis/evidence_analysis/11/assessment,/evidence/top_features/11,"A DEC JZ mnemonic pair does not establish loops, and no occurrence or control-flow context is supplied."
sample_0d62dcc0ecb72a6b,unsupported_certainty,It reinforces the presence of rotation-based mixing code.,/candidate_analysis/evidence_analysis/7/assessment,/evidence/top_features/7,This asserts the presence of mixing code from an n-gram with a value of 0.001683 and no occurrences or function context.
sample_f7bfdb7683dde00b,unsupported_behavior,relative frequencies from 0.000045 to 0.002247,/candidate_analysis/explanation,/evidence/feature_value_semantics,"The artifact says feature value semantics are not established and the values should not be treated as raw counts. Calling them relative frequencies, and repeatedly reasoning from 'frequency', is an unconfirmed semantic assumption."
sample_f7bfdb7683dde00b,unsupported_behavior,Consecutive AVX scalar double subtractions indicate floating-point numeric code.,/candidate_analysis/evidence_analysis/2/assessment,/evidence/top_features/2,Graph-aware n-grams need not be adjacent and no extraction or context evidence establishes adjacency; 'Consecutive' asserts it.
sample_f7bfdb7683dde00b,unsupported_certainty,This is a compiler artifact with no cryptojacking significance.,/candidate_analysis/evidence_analysis/11/assessment,/evidence/top_features/11,"The 'function epilogues' role is asserted with certainty, but there is no function context. The n-gram also has a positive SHAP contribution."
sample_f7bfdb7683dde00b,unsupported_behavior,XOR followed by NOP is likely register zeroing before padding or alignment. It carries no meaningful cryptojacking signal despite the SHAP weight.,/candidate_analysis/evidence_analysis/8/assessment,/evidence/top_features/8,"The register-zeroing and padding purpose and the dismissal of the signal are inferred from mnemonics alone, with no operands or context."
sample_f7bfdb7683dde00b,unsupported_behavior,Register zeroing followed by a byte compare is part of the vectorized scan idiom seen with PCMPEQB PMOVMSKB and BSF. It most likely belongs to the same string or memory routine and not to a miner.,/candidate_analysis/evidence_analysis/6/assessment,/evidence/top_features/6,"Operands, adjacency and shared-routine membership are not in the evidence. Linking this n-gram to the same routine as other n-grams is speculation, although it is hedged with 'most likely'."
sample_f7bfdb7683dde00b,unsupported_certainty,only moderately above the decision boundary,/candidate_analysis/explanation,/evidence/rf_probability_class_1,"No decision threshold is supplied, so 0.5 is assumed. The same assumption appears in the key_indicators entry 'only moderately above the threshold'."
sample_f3dea795e7ea174a,other,since the name wbiosrvc.dll resembles a system component,/candidate_analysis/recommended_action,"/evidence (no filename, path or metadata supplied)","The file name is not in the supplied evidence, so it is a sample-specific fact with no support. It drives the first recommended action."
sample_f3dea795e7ea174a,unsupported_behavior,"Call immediately followed by return, suggesting thin wrapper or thunk functions.",/candidate_analysis/evidence_analysis/1/assessment,"/evidence/occurrences, /evidence/function_context (both empty)",Immediate adjacency and thunk structure cannot be inferred from graph-aware n-grams without extraction or context evidence.
sample_f3dea795e7ea174a,unsupported_behavior,"Register restore followed by XOR, typically a zeroing idiom or epilogue-adjacent logic.",/candidate_analysis/evidence_analysis/2/assessment,"/evidence/occurrences, /evidence/function_context (both empty)","It assumes sequential adjacency and a zeroing idiom, but operands and control flow are not provided."
sample_f3dea795e7ea174a,other,They are common in nearly all compiled Windows binaries and are not specific to mining.,/candidate_analysis/explanation,/evidence (no file format or platform information),Asserting a Windows binary is unsupported by the supplied artifact. The prevalence claim is also not backed by evidence.
sample_f3dea795e7ea174a,unsupported_certainty,is very rare (frequency 0.000007),/candidate_analysis/explanation,/evidence/feature_value_semantics,"The artifact says the feature values are not established as raw counts or frequencies, so calling them frequencies is unconfirmed."
sample_f3dea795e7ea174a,unsupported_certainty,Most frequent call-setup pattern (frequency 0.041960).,/candidate_analysis/evidence_analysis/8/assessment,/evidence/top_features/8/value,"0.04196 is only the largest value among the 20 listed features, and its semantics are unconfirmed. It does not establish the most frequent call-setup pattern overall."
sample_f3dea795e7ea174a,unsupported_certainty,"The evidence does not contain any rotate/shift-heavy round-function patterns, dense XOR/ADD/ROL sequences, or other strong hashing signatures.",/candidate_analysis/explanation,"/evidence/full_attributions (null), /scope_notes/1","Only a top-20 subset is available. Omitted features cannot be ruled out, and this is not flagged as a top-k limitation."
sample_a4cfa6539ca7c914,other,"This matches the binary name, which indicates a clang -O0 build of the util-linux fstrim utility.",/candidate_analysis/explanation,"/evidence (no binary name, compiler or optimization metadata supplied)","The evidence contains no binary name, compiler or build information. Sample identity and build flags are invented and used to justify the benign conclusion."
sample_a4cfa6539ca7c914,other,Binary name indicates a clang -O0 util-linux fstrim build,/candidate_analysis/key_indicators/4,/evidence (no binary name supplied),This repeats the unsupported binary-name and build claim as a key indicator.
sample_a4cfa6539ca7c914,other,Verify the binary's hash and provenance against the official util-linux 2.33 fstrim build.,/candidate_analysis/recommended_action,/evidence (no name or version supplied),"The specific product and version 2.33 are fabricated indicators, not supplied by the evidence."
sample_a4cfa6539ca7c914,unsupported_behavior,They are absent from the binary,/candidate_analysis/explanation,/evidence/feature_value_semantics,The artifact says feature values must not be treated as raw counts without upstream confirmation. Value 0.0 is not established as absence from the binary.
sample_a4cfa6539ca7c914,unsupported_certainty,"no XOR-heavy or shift-based sequences, such as XOR XOR or XOR SHL, are present",/candidate_analysis/explanation,/evidence/top_features; /scope_notes/1,"Only the top-k features are visible and value semantics are unconfirmed. Absence of these sequences from the binary, or of other XOR/shift sequences among omitted features, cannot be asserted."
sample_a4cfa6539ca7c914,unsupported_behavior,"These are ordinary unoptimized compiler output: function prologues and epilogues, call setup and teardown, stack-frame handling, and data movement.",/candidate_analysis/explanation,"/evidence/occurrences, /evidence/function_context (both empty)","Mnemonic n-grams without occurrences or function context do not establish prologues, epilogues or unoptimized compilation. Graph-aware n-grams need not be adjacent."
sample_a4cfa6539ca7c914,unsupported_behavior,"Very frequent (0.375940), as expected for -O0 code with heavy stack load and store traffic.",/candidate_analysis/evidence_analysis/12/assessment,/evidence/top_features/16; /evidence/feature_value_semantics,"The value is not established as a frequency, and the -O0 and stack-traffic interpretation is unsupported."
sample_a4cfa6539ca7c914,unsupported_certainty,the borderline model score is likely a false-positive artifact.,/candidate_analysis/explanation,/evidence/rf_prediction; /evidence/rf_probability_class_1,"The RF predicted class 1 at about 0.505. No behavioral or provenance evidence supports labeling this a false positive, and the omitted features are unknown."
sample_a4cfa6539ca7c914,unsupported_certainty,0.8,/candidate_analysis/confidence_score,/evidence/rf_probability_class_1,"High confidence is unjustified given a near-0.5 RF probability, unknown omitted features, unconfirmed value semantics and no context. It rests on an invented build identity."
